symbol,day,side,activity,risk_pct,gross,net,r_mult,why
RELIANCE,2026-07-31,1,0.35698125168532113,0.0026168123499487874,0.003925218524923181,0.0019252185249231807,1.5,target
RELIANCE,2026-08-03,-1,0.39692431909068465,0.0032036240822845155,-0.0032036240822845155,-0.005203624082284516,-1.0,stop
RELIANCE,2026-08-04,-1,0.9475855266453874,0.006589514785697898,0.009884272178546845,0.007884272178546845,1.5,target
RELIANCE,2026-08-05,-1,0.6753452666081481,0.005187728356078203,0.0077815925341173054,0.005781592534117305,1.5,target
RELIANCE,2026-08-06,1,1.6303248018294294,0.010865358801319717,0.016298038201979576,0.014298038201979576,1.5,target
RELIANCE,2026-08-10,-1,0.6447762466813809,0.004979610279436384,-0.004979610279436384,-0.006979610279436384,-1.0,stop
RELIANCE,2026-08-12,-1,1.1014405938935223,0.007295368498995302,-0.007295368498995302,-0.009295368498995302,-1.0,stop
RELIANCE,2026-08-13,-1,1.4133382590165497,0.009460612555128155,-0.004806629329994429,-0.006806629329994429,-0.5080674535592286,time
RELIANCE,2026-08-17,-1,0.7217060794313811,0.005596815521375828,-0.005596815521375828,-0.007596815521375828,-1.0,stop
RELIANCE,2026-08-19,-1,0.46679816180193623,0.005254759380361376,0.0015992503426865417,-0.0004007496573134584,0.30434321096859795,time
RELIANCE,2026-08-20,-1,0.8184997686963453,0.005121988660833309,-0.005121988660833309,-0.007121988660833309,-1.0,stop
RELIANCE,2026-08-21,-1,0.6527696363373796,0.003818834349296173,-0.003818834349296173,-0.005818834349296173,-1.0,stop
RELIANCE,2026-08-27,-1,0.790596014524723,0.00491619457958322,0.007374291869374831,0.005374291869374831,1.5,target
RELIANCE,2026-08-31,-1,0.7934412486027387,0.004637194150219685,-0.004637194150219685,-0.006637194150219685,-1.0,stop
RELIANCE,2026-09-02,1,0.5965763464771665,0.0037611484728374825,0.005641722709256224,0.003641722709256224,1.5,target
RELIANCE,2026-09-04,1,2.324125475495319,0.014285732739276266,-0.0007558578987150416,-0.0027558578987150416,-0.05290998456361534,time
RELIANCE,2026-09-07,-1,0.8204052576117107,0.004552006760589468,0.006828010140884202,0.004828010140884202,1.5,target
RELIANCE,2026-09-11,-1,0.7831667200008388,0.00515913951428244,0.001904932429204985,-9.50675707950151e-05,0.36923452524038464,time
RELIANCE,2026-09-16,1,1.703660888814961,0.008696365247924762,-0.008696365247924762,-0.010696365247924762,-1.0,stop
RELIANCE,2026-09-18,-1,0.4545122729807337,0.0027340177555572375,0.004101026633335856,0.0021010266333358557,1.5,target
RELIANCE,2026-09-22,-1,0.8521455443627234,0.00449328040322478,0.006739920604837169,0.004739920604837169,1.5,target
RELIANCE,2026-09-28,-1,0.7690036576169419,0.005109148060877627,0.00766372209131644,0.00566372209131644,1.5,target
RELIANCE,2026-09-30,1,1.0925423039441913,0.008622895628401005,-0.008622895628401005,-0.010622895628401005,-1.0,stop
RELIANCE,2026-10-05,1,0.9301895571379539,0.005508474576271186,0.00826271186440678,0.0062627118644067795,1.5,target
RELIANCE,2026-10-06,1,0.6031733362992373,0.005024284244955936,0.007536426367433904,0.005536426367433904,1.5,target
RELIANCE,2026-10-08,-1,0.731993685743377,0.004658494051801235,0.006987741077701853,0.004987741077701853,1.5,target
TCS,2026-08-03,1,0.69453233428225,0.008609554028817794,0.012914331043226689,0.010914331043226689,1.5,target
TCS,2026-08-05,-1,0.7715040840617179,0.011346858561232387,0.007975622069815549,0.005975622069815549,0.7028925254312252,time
TCS,2026-08-07,1,1.0487099032044815,0.019088080047845762,0.011172432562898718,0.009172432562898718,0.5853093938674893,time
TCS,2026-08-10,1,0.3914328274885588,0.005978019996695811,-0.005978019996695811,-0.007978019996695812,-1.0,stop
TCS,2026-08-12,-1,0.6736175111763423,0.00887769409799275,0.013316541146989125,0.011316541146989125,1.5,target
TCS,2026-08-17,-1,0.792036631213484,0.010446610007476723,0.009633086642276644,0.007633086642276644,0.9221256115986112,time
TCS,2026-08-18,-1,0.550365954353386,0.006152842081847406,0.005062007838153821,0.003062007838153821,0.8227105085450106,time
TCS,2026-08-19,-1,1.0495680078852754,0.012497206751925193,-0.007260726072607261,-0.00926072607260726,-0.5809879132782009,time
TCS,2026-08-20,-1,0.8919176141314273,0.010033923267391043,0.0018243207631626975,-0.00017567923683730257,0.18181529941448774,time
TCS,2026-08-21,-1,0.6909804257230412,0.010047615599652402,-0.010047615599652402,-0.012047615599652402,-1.0,stop
TCS,2026-08-25,-1,0.8183540455750046,0.014836296002349888,-0.007900974622855664,-0.009900974622855665,-0.5325436093755643,time
TCS,2026-08-26,-1,0.45341888690888166,0.004972043833293101,0.007458065749939652,0.005458065749939652,1.5,target
TCS,2026-08-27,-1,0.8967690235781265,0.009951348960636886,0.005572798609575409,0.0035727986095754087,0.5600043402777778,time
TCS,2026-09-03,-1,1.1266911738036676,0.01361075863412061,0.0006890871125777799,-0.0013109128874222201,0.05062811935040252,time
TCS,2026-09-15,1,2.1733550705271054,0.02135715449590278,-0.02135715449590278,-0.023357154495902782,-1.0,stop
TCS,2026-09-16,-1,1.0957786092965456,0.013149684088503538,0.019724526132755306,0.017724526132755304,1.5,target
TCS,2026-09-21,1,2.035725172381386,0.019900119479925,0.0038196044245104007,0.0018196044245104006,0.19193876842616805,time
TCS,2026-09-22,-1,0.7706422745771051,0.008231301049346228,0.004210181538814769,0.002210181538814769,0.5114843344417785,time
TCS,2026-09-23,-1,0.6916499592839684,0.0074748910667225684,-0.0012458541716578822,-0.003245854171657882,-0.16667188331403174,time
TCS,2026-09-28,-1,0.6298010180867247,0.008310820463055552,0.01246623069458333,0.01046623069458333,1.5,target
TCS,2026-09-29,-1,1.1993710204062287,0.012629329487864419,0.012775016943504457,0.010775016943504457,1.01153564453125,time
TCS,2026-09-30,1,1.277906534193524,0.014152074838090669,-0.014152074838090669,-0.01615207483809067,-1.0,stop
TCS,2026-10-01,1,0.8170889495332239,0.0117168818747011,-0.0117168818747011,-0.0137168818747011,-1.0,stop
TCS,2026-10-07,-1,0.3990123658234662,0.004519518691155463,-0.004519518691155463,-0.006519518691155463,-1.0,stop
HDFCBANK,2026-08-04,-1,0.5877058196293312,0.0045403278692800276,0.006810491803920041,0.004810491803920041,1.5,target
HDFCBANK,2026-08-06,-1,1.124022545859479,0.006319256055366192,0.00210639103675248,0.00010639103675247992,0.333328958076287,time
HDFCBANK,2026-08-10,-1,0.6422622945922342,0.003972092194271205,-0.003972092194271205,-0.005972092194271205,-1.0,stop
HDFCBANK,2026-08-11,-1,0.8008316675293488,0.004399851864073118,-0.004399851864073118,-0.006399851864073118,-1.0,stop
HDFCBANK,2026-08-12,-1,1.4645366063441891,0.007803901124395718,-0.007803901124395718,-0.009803901124395718,-1.0,stop
HDFCBANK,2026-08-13,1,0.6913343992366142,0.004601298869728314,-0.004189256018277768,-0.006189256018277768,-0.9104507524687534,time
HDFCBANK,2026-08-14,1,0.7823385228907114,0.004334398918558652,0.0003439972480220158,-0.0016560027519779842,0.07936446425111413,time
HDFCBANK,2026-08-18,-1,0.6510100836963002,0.0037197937560742955,0.00392639757773206,0.00192639757773206,1.0555417410764745,time
HDFCBANK,2026-08-19,-1,1.1928894350967418,0.006459179359926992,-0.00013887426385194478,-0.002138874263851945,-0.02150029533372711,time
HDFCBANK,2026-08-26,-1,0.578551554591851,0.002823869079823255,-0.002823869079823255,-0.004823869079823255,-1.0,stop
HDFCBANK,2026-08-27,-1,2.135934453475295,0.012186629526462395,0.009749303621169917,0.007749303621169917,0.8,time
HDFCBANK,2026-08-28,1,1.8544454883938946,0.008182441459137607,0.007483006496387448,0.005483006496387448,0.9145200162759398,time
HDFCBANK,2026-09-01,-1,0.7986784446411825,0.00710631065021875,-0.00710631065021875,-0.00910631065021875,-1.0,stop
HDFCBANK,2026-09-04,1,0.4878305570846748,0.003159003159003159,0.004738504738504738,0.0027385047385047384,1.5,target
HDFCBANK,2026-09-07,-1,0.9180441615155076,0.005358132723578477,-0.0018330340814901942,-0.0038330340814901943,-0.34210314974541833,time
HDFCBANK,2026-09-08,-1,0.7262414766667608,0.00446337146873893,0.0038965639390719092,0.0018965639390719092,0.8730091067622554,time
HDFCBANK,2026-09-11,1,0.9304831187741164,0.006843349287373658,0.010265023931060487,0.008265023931060487,1.5,target
HDFCBANK,2026-09-16,1,1.6058292718907985,0.010506523865120625,0.004035658937641706,0.0020356589376417057,0.3841098149540417,time
HDFCBANK,2026-09-21,1,1.3136476177256968,0.010113971516152773,0.00393704114876686,0.0019370411487668595,0.38926757332459444,time
HDFCBANK,2026-09-22,1,0.9972429565352253,0.006170818359066842,-0.006170818359066842,-0.008170818359066842,-1.0,stop
HDFCBANK,2026-09-23,1,0.6276336464971792,0.004931132604523116,-0.003985425774629874,-0.005985425774629874,-0.8082171164843985,time
HDFCBANK,2026-09-25,1,1.0743945737714067,0.007179977998295657,0.010769966997443484,0.008769966997443484,1.5,target
HDFCBANK,2026-09-28,-1,1.3474852460734301,0.009854626882169717,0.008958721121024587,0.006958721121024587,0.9090878049613303,time
HDFCBANK,2026-09-29,-1,0.8962645266769041,0.007816884215448943,-0.007816884215448943,-0.009816884215448943,-1.0,stop
HDFCBANK,2026-10-05,-1,1.7998964323958717,0.012697553463571433,0.01904633019535715,0.017046330195357152,1.5,target
HDFCBANK,2026-10-07,-1,0.9085616572637342,0.006958198372574986,-0.006958198372574986,-0.008958198372574985,-1.0,stop
HDFCBANK,2026-10-08,-1,0.8383696081794768,0.006423066167303938,0.009634599250955906,0.007634599250955906,1.5,target
ICICIBANK,2026-08-04,1,0.7018959735129846,0.005578111508933174,-0.005578111508933174,-0.0075781115089331745,-1.0,stop
ICICIBANK,2026-08-07,-1,0.5138919150587797,0.0036559626175338344,0.005483943926300751,0.003483943926300751,1.5,target
ICICIBANK,2026-08-11,-1,1.1012432689499199,0.007028394473444388,-0.0047792567644435995,-0.0067792567644435996,-0.67999267578125,time
ICICIBANK,2026-08-13,-1,1.071179188899547,0.006766827367774366,0.008387892262856878,0.006387892262856878,1.239560551345303,time
ICICIBANK,2026-08-17,-1,0.6367975381420549,0.004108178606897465,-0.004108178606897465,-0.006108178606897465,-1.0,stop
ICICIBANK,2026-08-20,1,0.8030003382855512,0.005098118666895082,-0.000283243220443436,-0.002283243220443436,-0.055558381228489565,time
ICICIBANK,2026-08-21,-1,0.45921088658790543,0.00304428235619469,-0.00304428235619469,-0.005044282356194691,-1.0,stop
ICICIBANK,2026-08-24,1,1.0603223580124355,0.005339311125181414,-0.005339311125181414,-0.007339311125181414,-1.0,stop
ICICIBANK,2026-08-25,1,0.9073724628394555,0.005082199068277865,0.004235194611983209,0.002235194611983209,0.8333389847750161,time
ICICIBANK,2026-08-26,1,2.605381853211246,0.014458681711561743,-0.010722933241093047,-0.012722933241093047,-0.741625927937715,time
ICICIBANK,2026-08-27,1,0.8369332696594475,0.005413317160083237,0.008119975740124855,0.006119975740124855,1.5,target
ICICIBANK,2026-08-28,1,1.1007690653974511,0.006118708842009164,-0.006118708842009164,-0.008118708842009164,-1.0,stop
ICICIBANK,2026-09-01,1,0.7555272877010077,0.004356193452162397,-0.004356193452162397,-0.006356193452162397,-1.0,stop
ICICIBANK,2026-09-04,-1,1.0965030235109956,0.0062390637322555205,-0.0062390637322555205,-0.008239063732255521,-1.0,stop
ICICIBANK,2026-09-07,1,0.7079175032671935,0.004336321884496456,-0.004336321884496456,-0.006336321884496456,-1.0,stop
ICICIBANK,2026-09-08,-1,0.7934037498406779,0.004727683794123225,0.007091525691184838,0.005091525691184838,1.5,target
ICICIBANK,2026-09-15,-1,1.8968383682393024,0.010660807291666666,0.01394667804741694,0.01194667804741694,1.3082196934859494,time
ICICIBANK,2026-09-16,-1,0.8839137354332928,0.004797401935844659,-0.0028784591805945956,-0.004878459180594596,-0.6000037560096154,time
ICICIBANK,2026-09-17,1,0.8463298516140134,0.006905599971302893,-0.006905599971302893,-0.008905599971302892,-1.0,stop
ICICIBANK,2026-09-22,-1,0.49584254620558804,0.002831751016229193,0.004247626524343789,0.002247626524343789,1.5,target
ICICIBANK,2026-10-01,1,1.2491968626799832,0.007241985337012509,-0.007241985337012509,-0.00924198533701251,-1.0,stop
INFY,2026-08-04,-1,1.0224595433784147,0.011100614994470018,-0.004646781281739358,-0.0066467812817393584,-0.4186057514880248,time
INFY,2026-08-07,1,1.058434992510518,0.0147309677013643,0.0005960074568494863,-0.0014039925431505139,0.040459491116411,time
INFY,2026-08-11,1,0.7497628002159563,0.00838082501610792,-0.00838082501610792,-0.01038082501610792,-1.0,stop
INFY,2026-08-12,-1,0.43782888135141795,0.005412740427871716,0.008119110641807575,0.006119110641807575,1.5,target
INFY,2026-08-13,-1,0.6419197282208874,0.007500604352750045,-0.007500604352750045,-0.009500604352750044,-1.0,stop
INFY,2026-08-14,-1,0.6613346266645217,0.008258753771771998,-0.008258753771771998,-0.010258753771771998,-1.0,stop
INFY,2026-08-17,-1,0.551905744424496,0.008210890233362144,0.012316335350043216,0.010316335350043216,1.5,target
INFY,2026-08-18,-1,0.8024721549841967,0.0076785496303013396,0.004464285714285714,0.002464285714285714,0.5813969993328697,time
INFY,2026-08-24,1,1.5924052535524682,0.0163675721416849,-0.0163675721416849,-0.0183675721416849,-1.0,stop
INFY,2026-08-25,-1,0.5670041181568775,0.007550857571905674,-0.007550857571905674,-0.009550857571905675,-1.0,stop
INFY,2026-08-26,-1,0.9307969941125831,0.009026505461836283,0.008849557522123894,0.006849557522123894,0.9803968500921516,time
INFY,2026-08-31,-1,2.5974015485341826,0.026852289550123483,-0.018230847622923214,-0.020230847622923216,-0.6789308445707334,time
INFY,2026-09-03,-1,1.2642455507123698,0.015011459949163756,-0.003997157403469798,-0.005997157403469798,-0.2662737280055474,time
INFY,2026-09-15,1,1.468313935544413,0.0164353550059419,-0.0164353550059419,-0.0184353550059419,-1.0,stop
INFY,2026-09-22,-1,0.6567178636077228,0.010018528424003482,-0.0012645159605067324,-0.0032645159605067323,-0.1262177344805518,time
INFY,2026-09-28,-1,0.5371014899461966,0.007021063189568706,-0.007021063189568706,-0.009021063189568707,-1.0,stop
INFY,2026-09-29,-1,0.8814653656798144,0.012087026740075255,-0.012087026740075255,-0.014087026740075255,-1.0,stop
INFY,2026-09-30,1,0.9325362063328609,0.012615488281547224,-0.012615488281547224,-0.014615488281547224,-1.0,stop
INFY,2026-10-05,-1,2.4799404242798886,0.029899030222484732,-0.00039214236215682227,-0.002392142362156822,-0.013115554559422551,time
INFY,2026-10-08,1,1.0360051947307571,0.013753548783735603,-0.013753548783735603,-0.015753548783735603,-1.0,stop
BHARTIARTL,2026-07-31,-1,0.7774089381371327,0.006195901190368365,-0.006195901190368365,-0.008195901190368365,-1.0,stop
BHARTIARTL,2026-08-03,-1,1.6545702356274434,0.011656922582877323,-0.003054212267752609,-0.005054212267752609,-0.2620084542929791,time
BHARTIARTL,2026-08-05,-1,3.3110390370945977,0.023562199138586266,-0.002280212819863187,-0.004280212819863187,-0.0967741935483871,time
BHARTIARTL,2026-08-10,-1,1.161692013208925,0.009534116557015812,-0.0013399173125256004,-0.0033399173125256004,-0.14053922086148649,time
BHARTIARTL,2026-08-12,-1,0.5391781332640216,0.004356230800979211,-0.004356230800979211,-0.006356230800979211,-1.0,stop
BHARTIARTL,2026-08-13,-1,1.9567333320332234,0.01940893353027841,-0.0036230009256519704,-0.00562300092565197,-0.18666666666666668,time
BHARTIARTL,2026-08-18,-1,0.968910733146538,0.00849814596594266,0.0038113022801357877,0.0018113022801357877,0.44848632812498623,time
BHARTIARTL,2026-08-19,1,0.6921641864053372,0.006034012981884993,-0.006034012981884993,-0.008034012981884994,-1.0,stop
BHARTIARTL,2026-08-24,-1,0.44630016718842547,0.00349976779625579,0.005249651694383685,0.003249651694383685,1.5,target
BHARTIARTL,2026-08-27,-1,1.0028152704932167,0.0077433370116036975,0.010587850467470005,0.008587850467470005,1.36734981980039,time
BHARTIARTL,2026-08-28,-1,1.0213753272884867,0.007670195071269776,-0.0026632576621812404,-0.004663257662181241,-0.34722163353537067,time
BHARTIARTL,2026-09-02,-1,0.5133088164350683,0.004295071461859843,-0.004295071461859843,-0.006295071461859843,-1.0,stop
BHARTIARTL,2026-09-04,-1,0.6066394770461452,0.005052418389713787,-0.005052418389713787,-0.007052418389713787,-1.0,stop
BHARTIARTL,2026-09-08,-1,0.661662323165437,0.005671915659106256,-0.005671915659106256,-0.007671915659106256,-1.0,stop
BHARTIARTL,2026-09-10,-1,0.32725106504567153,0.0030852160549062783,-0.0030852160549062783,-0.005085216054906278,-1.0,stop
BHARTIARTL,2026-09-11,1,0.7511334591930072,0.006402217413117254,-0.006402217413117254,-0.008402217413117254,-1.0,stop
BHARTIARTL,2026-09-16,-1,0.36809310245332993,0.003772566656130399,-0.003772566656130399,-0.005772566656130399,-1.0,stop
BHARTIARTL,2026-09-17,-1,1.3592912074612775,0.00940916366076313,-0.00437636761487965,-0.00637636761487965,-0.4651175994662957,time
BHARTIARTL,2026-09-18,1,0.6725940168678529,0.004009549475483131,-0.004009549475483131,-0.006009549475483131,-1.0,stop
BHARTIARTL,2026-09-24,-1,0.6171179642464728,0.003843408451289503,0.0057651126769342545,0.0037651126769342545,1.5,target
BHARTIARTL,2026-09-29,1,1.1125942255612258,0.006484352974344516,-0.0012968981269382578,-0.003296898126938258,-0.20000424592391305,time
BHARTIARTL,2026-09-30,-1,0.822053248292546,0.005254264874646893,0.007881397311970339,0.0058813973119703385,1.5,target
BHARTIARTL,2026-10-05,1,0.629650700683936,0.007396870554765292,0.011095305832147937,0.009095305832147937,1.5,target
BHARTIARTL,2026-10-08,-1,1.2436624734895685,0.006941068798768582,0.010411603198152873,0.008411603198152873,1.5,target
ITC,2026-07-31,-1,0.950969061473338,0.005277044854881266,0.0079155672823219,0.0059155672823219,1.5,target
ITC,2026-08-03,1,3.9672172926141402,0.025292518751350107,-0.012388183165533913,-0.014388183165533914,-0.48979634204571404,time
ITC,2026-08-05,-1,0.7067236997391946,0.005058476322713202,-0.001046636375144031,-0.003046636375144031,-0.20690743780780402,time
ITC,2026-08-06,-1,0.45826781075386713,0.0029788192932691604,0.00446822893990374,0.00246822893990374,1.5,target
ITC,2026-08-10,-1,0.963486461767844,0.006155469838691568,0.0058037072364769985,0.0038037072364769985,0.9428536551339286,time
ITC,2026-08-12,-1,0.8986488062226773,0.006118343178368623,0.006118453013090432,0.004118453013090432,1.0000179517099004,time
ITC,2026-08-14,-1,0.6594991952005229,0.0036114121417201535,-0.0036114121417201535,-0.0056114121417201535,-1.0,stop
ITC,2026-08-17,-1,1.344539077985087,0.00909090909090909,0.007090953480113636,0.005090953480113636,0.7800048828125,time
ITC,2026-08-20,-1,0.706181531137172,0.006381427349776245,-0.006381427349776245,-0.008381427349776245,-1.0,stop
ITC,2026-08-21,-1,0.5285033090930696,0.003142819551018686,0.004714229326528028,0.002714229326528028,1.5,target
ITC,2026-08-24,-1,0.6043798807822836,0.0031528415588731725,0.004729262338309758,0.0027292623383097583,1.5,target
ITC,2026-08-31,-1,1.1180720749339652,0.005856861312277799,0.008785291968416698,0.006785291968416698,1.5,target
ITC,2026-09-08,1,1.1356579997958005,0.006428482240720614,-0.0035924074992574,-0.0055924074992574,-0.5588266973037016,time
ITC,2026-09-09,-1,1.3159980785193355,0.008195135683115062,0.005908207640503287,0.003908207640503287,0.7209407957303657,time
ITC,2026-09-10,1,1.4549590256218987,0.008733693781054257,-0.008733693781054257,-0.010733693781054257,-1.0,stop
ITC,2026-09-15,1,1.664784820195004,0.00968104727432488,-0.00968104727432488,-0.01168104727432488,-1.0,stop
ITC,2026-09-16,1,2.264367669925138,0.013500734534105292,0.004563535401201391,0.002563535401201391,0.3380212676334815,time
ITC,2026-09-17,1,0.9534409732125357,0.008806468239704735,-0.0024358024418865156,-0.004435802441886516,-0.2765924290630479,time
ITC,2026-09-21,1,1.0305886302602485,0.006968007922846045,0.005649717514124294,0.0036497175141242937,0.8108081357945266,time
ITC,2026-09-23,1,0.4376878069168332,0.004316794004624604,0.006475191006936907,0.004475191006936907,1.5,target
ITC,2026-09-24,1,0.7502490094602314,0.006480281722292174,-0.006480281722292174,-0.008480281722292173,-1.0,stop
ITC,2026-09-25,-1,0.7453304201940435,0.005247468058914942,-0.005247468058914942,-0.007247468058914942,-1.0,stop
ITC,2026-09-28,-1,0.9453614064868705,0.007482230046149704,0.007856250212641197,0.005856250212641197,1.04998779296875,time
ITC,2026-09-29,-1,0.6276553663308352,0.005303007183652936,-0.005303007183652936,-0.007303007183652936,-1.0,stop
ITC,2026-10-01,-1,0.5873119435778477,0.007488526316196572,0.011232789474294859,0.009232789474294859,1.5,target
ITC,2026-10-05,1,1.4002533563355797,0.011242308529232968,0.01686346279384945,0.01486346279384945,1.5,target
ITC,2026-10-06,-1,1.456830598305669,0.010123665413847863,-0.0,-0.002,-0.0,time
ITC,2026-10-07,-1,0.6142982178625596,0.004157241413990314,-0.004157241413990314,-0.006157241413990314,-1.0,stop
ITC,2026-10-08,-1,2.5335408677688593,0.016522527542627282,0.02478379131394092,0.02278379131394092,1.5,target
SBIN,2026-08-06,1,0.8948572329809499,0.005854533684490085,0.008781800526735127,0.006781800526735127,1.5,target
SBIN,2026-08-10,-1,2.354735361396997,0.017924074609910835,0.0205761316872428,0.0185761316872428,1.1479606135909268,time
SBIN,2026-08-12,1,0.4176081997037269,0.008368978794568745,0.006137228413709152,0.004137228413709152,0.7333306206597222,time
SBIN,2026-08-14,-1,0.5117014495747364,0.007936507936507936,0.0030812780841503267,0.0010812780841503267,0.3882410386029412,time
SBIN,2026-08-17,-1,1.3232833559443904,0.008437525532576269,-0.008437525532576269,-0.010437525532576269,-1.0,stop
SBIN,2026-08-19,-1,0.5681445950777642,0.0037213973416626907,-0.0037213973416626907,-0.005721397341662691,-1.0,stop
SBIN,2026-08-24,-1,0.5529454406683687,0.00258616012631705,0.0038792401894755745,0.0018792401894755745,1.5,target
SBIN,2026-08-25,1,0.9021065747069269,0.00654543138735627,0.00875924090103845,0.00675924090103845,1.3382220945679102,time
SBIN,2026-08-26,1,1.2582073916175105,0.008395457616290658,-0.007640765750853346,-0.009640765750853347,-0.910107119834314,time
SBIN,2026-08-27,-1,0.8551538607489441,0.006011496973401718,0.0048663889178792935,0.0028663889178792935,0.8095136601433831,time
SBIN,2026-08-31,-1,0.9579701922253843,0.005887439175440409,-0.005887439175440409,-0.007887439175440408,-1.0,stop
SBIN,2026-09-01,-1,1.2365596594103458,0.007088824830918179,0.01063323724637727,0.00863323724637727,1.5,target
SBIN,2026-09-03,1,1.0389617290162059,0.006101742206416465,-0.006101742206416465,-0.008101742206416466,-1.0,stop
SBIN,2026-09-07,-1,1.512267534173879,0.011785642502761868,0.003763481971900487,0.001763481971900487,0.3193276879914308,time
SBIN,2026-09-08,1,0.6151169424820828,0.0037761977929692083,0.0016893692016828308,-0.0003106307983171692,0.4473730705600797,time
SBIN,2026-09-10,1,1.7434029420680104,0.009098113227818727,-0.009098113227818727,-0.011098113227818727,-1.0,stop
SBIN,2026-09-11,-1,0.9996261484433423,0.005936173894738147,-0.005936173894738147,-0.007936173894738146,-1.0,stop
SBIN,2026-09-15,-1,1.2299867063379892,0.007870825219948285,0.011806237829922427,0.009806237829922427,1.5,target
SBIN,2026-09-16,1,1.2567014332373456,0.008845970723976868,0.00803256168181229,0.0060325616818122894,0.9080475091377087,time
SBIN,2026-09-17,1,1.2892459613173757,0.012003600933751794,-0.012003600933751794,-0.014003600933751794,-1.0,stop
SBIN,2026-09-18,-1,0.5117457014358808,0.004156987399207251,-0.004156987399207251,-0.006156987399207251,-1.0,stop
SBIN,2026-09-22,-1,0.45288761620358625,0.0031121741763622634,0.004668261264543452,0.002668261264543452,1.5000000000000184,target
SBIN,2026-09-23,1,0.4400574818475739,0.002723159059033031,0.004084738588549546,0.002084738588549546,1.5,target
SBIN,2026-09-28,-1,1.0741745120890724,0.006463514634316636,0.009695271951474954,0.0076952719514749544,1.5,target
SBIN,2026-10-01,1,1.1061387625887142,0.009597426973600427,-0.009597426973600427,-0.011597426973600427,-1.0,stop
LT,2026-07-31,-1,0.8336735267856712,0.0068677388890648755,0.0025088449933476937,0.0005088449933476936,0.3653087331759788,time
LT,2026-08-05,1,1.3071447169201016,0.00817620517307411,-0.00817620517307411,-0.01017620517307411,-1.0,stop
LT,2026-08-06,-1,0.4425659780695865,0.00301411969501121,-0.00301411969501121,-0.00501411969501121,-1.0,stop
LT,2026-08-11,-1,0.990337308003858,0.006396458896815542,0.0028895791732272687,0.0008895791732272686,0.45174669607676793,time
LT,2026-08-12,-1,1.4588123504043695,0.00850397727791629,-0.0025187904691452733,-0.004518790469145273,-0.2961896988702264,time
LT,2026-08-14,-1,0.9631962224206109,0.007047477744807121,-0.003214638971315529,-0.005214638971315529,-0.45614035087719296,time
LT,2026-08-18,1,0.5004674977638384,0.003072309811721414,-0.0010568865764423684,-0.0030568865764423686,-0.34400390625,time
LT,2026-08-19,-1,0.7916903055789093,0.0050449851249074265,0.0005688121408094122,-0.0014311878591905878,0.11274803130759473,time
LT,2026-08-21,-1,0.6957140826304478,0.0041260527616456075,-0.0041260527616456075,-0.006126052761645608,-1.0,stop
LT,2026-08-26,-1,1.3906280974433403,0.008705610517826123,0.01252046818783753,0.01052046818783753,1.4382067934465803,time
LT,2026-08-31,-1,1.647879301584222,0.010058286001701966,-0.010058286001701966,-0.012058286001701966,-1.0,stop
LT,2026-09-03,1,1.051812578159716,0.008847382380895896,-0.008847382380895896,-0.010847382380895896,-1.0,stop
LT,2026-09-08,-1,0.746961403493163,0.004583970320409367,0.006120241105475467,0.004120241105475467,1.3351397757149757,time
LT,2026-09-11,-1,1.342095555859868,0.009347250889178576,-0.009347250889178576,-0.011347250889178576,-1.0,stop
LT,2026-09-15,-1,2.79593410328442,0.020913406663032794,0.007014093157854776,0.005014093157854776,0.3353874034426496,time
LT,2026-09-23,1,1.2261523060882586,0.00806348393702803,0.005989991640535006,0.003989991640535006,0.7428540426587301,time
LT,2026-09-28,-1,0.6616510829790986,0.005685768272149707,0.008528652408224561,0.006528652408224561,1.5,target
LT,2026-09-29,-1,0.5250628225201395,0.004102155494832018,-0.004102155494832018,-0.006102155494832018,-1.0,stop
LT,2026-09-30,1,0.8185960630584062,0.006806491561927745,-0.006806491561927745,-0.008806491561927745,-1.0,stop
LT,2026-10-07,-1,0.718244154369841,0.005406549819567124,0.008109824729350687,0.006109824729350687,1.5,target
LT,2026-10-08,-1,1.1011983821864935,0.008646305744126804,0.012969458616190206,0.010969458616190206,1.5,target
KOTAKBANK,2026-07-31,-1,0.6106985956872752,0.00539085141656234,-0.0019252984815869045,-0.003925298481586905,-0.35714181913302234,time
KOTAKBANK,2026-08-03,-1,0.5313165539355239,0.0036979894590217937,-0.0036979894590217937,-0.005697989459021793,-1.0,stop
KOTAKBANK,2026-08-06,-1,0.5343952305486706,0.0035299895989385484,-0.0035299895989385484,-0.005529989598938549,-1.0,stop
KOTAKBANK,2026-08-11,-1,0.95331485070879,0.00616014850843381,-0.00616014850843381,-0.00816014850843381,-1.0,stop
KOTAKBANK,2026-08-12,-1,0.9782213650965053,0.006425909467783774,-0.006425909467783774,-0.008425909467783774,-1.0,stop
KOTAKBANK,2026-08-14,-1,0.5252526207259464,0.0034491725206124255,-0.0034491725206124255,-0.005449172520612425,-1.0,stop
KOTAKBANK,2026-08-17,1,0.64371684951986,0.005856934655083135,0.0,-0.002,0.0,time
KOTAKBANK,2026-08-18,-1,0.5056968165680912,0.0034482914521471904,0.005172437178220786,0.0031724371782207855,1.5,target
KOTAKBANK,2026-08-19,1,0.4565110002993921,0.003602660510796252,0.005403990766194304,0.003403990766194304,1.4999999999999798,target
KOTAKBANK,2026-08-20,1,1.038195810534632,0.006812974445166221,0.002649554233888492,0.000649554233888492,0.3888983079583309,time
KOTAKBANK,2026-08-21,-1,0.9316449150815478,0.005260459723754768,-0.005260459723754768,-0.007260459723754768,-1.0,stop
KOTAKBANK,2026-08-24,-1,1.1988045692105538,0.009711140032899104,0.00037349077242209013,-0.00162650922757791,0.03846003364762422,time
KOTAKBANK,2026-08-26,1,0.5258918956354475,0.00494804537258549,0.007422068058878236,0.005422068058878236,1.5,target
KOTAKBANK,2026-08-27,1,3.7557185496767698,0.02329691523632504,-0.001411945137733906,-0.0034119451377339063,-0.06060652766304319,time
KOTAKBANK,2026-08-28,-1,0.957117245279548,0.007349469400736772,-0.007349469400736772,-0.009349469400736773,-1.0,stop
KOTAKBANK,2026-09-02,1,0.7626507036119463,0.006364200841558499,-0.006364200841558499,-0.008364200841558499,-1.0,stop
KOTAKBANK,2026-09-03,1,0.6438940908862805,0.004340190272177419,-0.004340190272177419,-0.006340190272177419,-1.0,stop
KOTAKBANK,2026-09-04,1,0.41581640393565705,0.0027103321460512394,0.00047139338389230945,-0.0015286066161076905,0.17392458137615938,time
KOTAKBANK,2026-09-08,-1,0.7015200240716829,0.005228166042898239,-0.005228166042898239,-0.007228166042898239,-1.0,stop
KOTAKBANK,2026-09-09,-1,0.7846493474688739,0.0046595273764188936,0.006989291064628408,0.0049892910646284075,1.5000000000000147,target
KOTAKBANK,2026-09-15,-1,2.8274337217070102,0.016973812084383918,0.0063045735741892135,0.0043045735741892134,0.3714294433593669,time
KOTAKBANK,2026-09-17,1,0.963350032422161,0.006953588254087281,-0.006953588254087281,-0.008953588254087281,-1.0,stop
KOTAKBANK,2026-09-22,-1,0.5056282481906812,0.003368608941106876,-0.003368608941106876,-0.005368608941106876,-1.0,stop
KOTAKBANK,2026-09-23,1,0.572909854052143,0.004083132417700943,-0.004083132417700943,-0.006083132417700943,-1.0,stop
KOTAKBANK,2026-09-28,-1,1.6317462327232664,0.012849599853724763,-0.012849599853724763,-0.014849599853724763,-1.0,stop
KOTAKBANK,2026-09-29,-1,0.9662972842413511,0.008935359727211259,-0.008935359727211259,-0.010935359727211259,-1.0,stop
KOTAKBANK,2026-09-30,1,1.1179887559740709,0.008292668040205793,0.01243900206030869,0.01043900206030869,1.5,target
KOTAKBANK,2026-10-08,-1,0.6317602555021294,0.006407294720752419,-0.006407294720752419,-0.008407294720752419,-1.0,stop
HINDUNILVR,2026-07-31,-1,0.7201013903982681,0.006939753387570042,0.001330948171469387,-0.000669051828530613,0.19178609053360313,time
HINDUNILVR,2026-08-03,1,0.6566378571636867,0.00659444182760245,0.00706547338671691,0.00506547338671691,1.0714285714285714,time
HINDUNILVR,2026-08-06,1,0.5594021835166394,0.004688004757612402,-0.004688004757612402,-0.006688004757612402,-1.0,stop
HINDUNILVR,2026-08-12,-1,0.7042380963641383,0.005442681944853264,-0.0025269467627995566,-0.004526946762799557,-0.46428337874659403,time
HINDUNILVR,2026-08-14,-1,0.6427549156893293,0.00481000481000481,-0.00481000481000481,-0.00681000481000481,-1.0,stop
HINDUNILVR,2026-08-18,-1,0.6796979119679585,0.004791731401377009,0.0049872635514344454,0.0029872635514344454,1.0408061582920207,time
HINDUNILVR,2026-08-31,-1,1.2613605673324169,0.00764085396812267,-0.00764085396812267,-0.00964085396812267,-1.0,stop
HINDUNILVR,2026-09-03,-1,0.7690326427989306,0.0043712389342369625,0.0027447516250137046,0.0007447516250137045,0.627911598132035,time
HINDUNILVR,2026-09-04,-1,1.0872849723923308,0.006291585078324808,-0.006291585078324808,-0.008291585078324809,-1.0,stop
HINDUNILVR,2026-09-09,-1,0.6123988246448654,0.0039700967180624925,0.005955145077093739,0.003955145077093739,1.5,target
HINDUNILVR,2026-09-11,1,1.1749054448784386,0.006951954184187937,-0.006951954184187937,-0.008951954184187937,-1.0,stop
HINDUNILVR,2026-09-15,1,2.1432023526289874,0.011282981639283486,-0.010517167559846479,-0.012517167559846479,-0.9321266218522678,time
HINDUNILVR,2026-09-21,1,1.3915793207862028,0.009088086888435308,-0.005922585382687452,-0.007922585382687452,-0.6516867031964678,time
HINDUNILVR,2026-09-22,-1,0.6081962701629551,0.004468617321268514,0.006702925981902713,0.004702925981902713,1.499999999999987,target
HINDUNILVR,2026-09-23,1,0.9171590776773817,0.004522586394950965,0.0021584700721970157,0.0001584700721970157,0.47726453044805106,time
HINDUNILVR,2026-09-25,-1,0.8379163563046411,0.005507911450214223,-0.005507911450214223,-0.0075079114502142235,-1.0,stop
HINDUNILVR,2026-09-28,-1,1.759861898184189,0.00934574316682237,0.010076775615357877,0.008076775615357877,1.0782209007337897,time
HINDUNILVR,2026-09-29,-1,0.4191969172492345,0.0025943900782238976,0.0038915851173357864,0.0018915851173357864,1.499999999999977,target
HINDUNILVR,2026-09-30,1,0.9367111076813879,0.00520503960801608,-0.00520503960801608,-0.00720503960801608,-1.0,stop
HINDUNILVR,2026-10-01,-1,1.1907153385907077,0.007387409637031545,0.011081114455547318,0.009081114455547318,1.5,target
HINDUNILVR,2026-10-05,-1,0.8508933548745942,0.00489343205683836,0.000434931915533607,-0.001565068084466393,0.08888075086805555,time
HINDUNILVR,2026-10-06,1,1.1079710751069394,0.017246894039568826,0.015104419481454204,0.013104419481454204,0.8757762091423978,time
HINDUNILVR,2026-10-07,-1,0.909981597058524,0.005333902143991658,0.005013881037574189,0.003013881037574189,0.94000244140625,time
AXISBANK,2026-08-07,-1,0.6484197351977181,0.006257560231147212,0.00681909346169274,0.00481909346169274,1.0897367679739585,time
AXISBANK,2026-08-11,-1,0.8365277028697963,0.00713016462184214,0.0035649834044899167,0.0015649834044899166,0.4999861284505479,time
AXISBANK,2026-08-12,-1,0.6055582300400835,0.005632672991071429,-0.004081632653061225,-0.006081632653061225,-0.7246351172047767,time
AXISBANK,2026-08-13,1,0.612185134794446,0.004982518510955618,-0.004982518510955618,-0.006982518510955618,-1.0,stop
AXISBANK,2026-08-14,-1,0.521189556436342,0.005700984933802855,-0.005700984933802855,-0.007700984933802855,-1.0,stop
AXISBANK,2026-08-17,-1,0.568379211809136,0.004271357867253,-0.004271357867253,-0.006271357867253,-1.0,stop
AXISBANK,2026-08-18,1,1.2013983829777288,0.00962940924411434,0.0058261457253562295,0.0038261457253562295,0.6050366723085603,time
AXISBANK,2026-08-19,-1,0.6868990475272093,0.005912407157055767,-0.0002430135579419263,-0.0022430135579419265,-0.04110230427076018,time
AXISBANK,2026-08-20,1,1.0360928799881508,0.008257875751550077,0.0029663681768883217,0.0009663681768883217,0.35921685747469717,time
AXISBANK,2026-08-31,1,0.9942610057359045,0.006192384017937242,0.009288576026905863,0.007288576026905863,1.5,target
AXISBANK,2026-09-02,1,0.8206160354897213,0.005169397068390343,-0.005169397068390343,-0.007169397068390343,-1.0,stop
AXISBANK,2026-09-03,1,1.2330973609662959,0.009258571069537074,-0.005884660651235779,-0.007884660651235779,-0.6355905902799329,time
AXISBANK,2026-09-07,-1,0.867817208594708,0.004663682339674281,-0.0007114255248053808,-0.002711425524805381,-0.15254587962675606,time
AXISBANK,2026-09-10,1,0.9630695287443057,0.006311338700903439,-0.006311338700903439,-0.00831133870090344,-1.0,stop
AXISBANK,2026-09-11,1,0.9260421819592146,0.007344613063710654,0.01101691959556598,0.00901691959556598,1.5,target
AXISBANK,2026-09-15,-1,2.341521726472171,0.01424407246171348,0.010278367936882258,0.008278367936882258,0.721589135727117,time
AXISBANK,2026-09-16,1,0.7004884342757437,0.0051044620053911915,0.007656693008086787,0.005656693008086787,1.5,target
AXISBANK,2026-09-17,1,1.3155852711587652,0.007234726688102894,0.010852090032154342,0.008852090032154342,1.5,target
AXISBANK,2026-09-22,1,0.6121762925210216,0.004876469315599227,-0.004876469315599227,-0.006876469315599227,-1.0,stop
AXISBANK,2026-09-29,-1,1.7800972269234534,0.01304345784777383,-0.01304345784777383,-0.01504345784777383,-1.0,stop
AXISBANK,2026-09-30,1,0.8526990929897361,0.006443658676683189,0.009665488015024783,0.007665488015024783,1.5,target
AXISBANK,2026-10-01,1,1.299084687452346,0.009303454596824788,-0.009303454596824788,-0.011303454596824788,-1.0,stop
AXISBANK,2026-10-05,1,0.84446533606119,0.00681699616670276,-0.00681699616670276,-0.00881699616670276,-1.0,stop
AXISBANK,2026-10-06,1,0.9129626060088583,0.007728826805111956,0.004750039876040794,0.002750039876040794,0.6145874394415269,time
AXISBANK,2026-10-08,-1,0.6295225369524068,0.00412352472881106,-0.00412352472881106,-0.00612352472881106,-1.0,stop
BAJFINANCE,2026-07-31,1,1.782671460426324,0.016781567117465323,0.025172350676197983,0.02317235067619798,1.5,target
BAJFINANCE,2026-08-03,-1,2.170839779652173,0.017384620744774638,0.0027676451366666,0.0007676451366665999,0.15920077735940727,time
BAJFINANCE,2026-08-12,-1,0.5554796444405293,0.005524353314493976,-0.005524353314493976,-0.007524353314493976,-1.0,stop
BAJFINANCE,2026-08-14,-1,0.7507848949022652,0.0072450699167102995,0.0031181441103594414,0.0011181441103594414,0.43038150717740314,time
BAJFINANCE,2026-08-17,-1,0.43675853668727316,0.0043522095246040235,-0.0043522095246040235,-0.006352209524604024,-1.0,stop
BAJFINANCE,2026-08-18,1,0.5123344505271442,0.006568100248661759,-0.006568100248661759,-0.00856810024866176,-1.0,stop
BAJFINANCE,2026-08-21,-1,0.8082726586039087,0.007408739800770719,-0.0015548807243694225,-0.003554880724369423,-0.2098711476151006,time
BAJFINANCE,2026-08-25,1,0.9789216754999278,0.00836198048099988,0.010313086576576065,0.008313086576576065,1.2333306206597223,time
BAJFINANCE,2026-08-26,1,0.6444213293190574,0.007871110908020586,-0.00695586285535271,-0.00895586285535271,-0.883720600133426,time
BAJFINANCE,2026-08-31,-1,0.8746583531642944,0.008195246271916687,0.004333059242393631,0.0023330592423936314,0.5287283747947973,time
BAJFINANCE,2026-09-01,-1,0.9532351775129614,0.011012983051546745,-0.0005696150746456508,-0.0025696150746456507,-0.05172214212802677,time
BAJFINANCE,2026-09-03,-1,0.7236968520734675,0.006660323501427212,-0.006660323501427212,-0.008660323501427213,-1.0,stop
BAJFINANCE,2026-09-04,1,0.4327955645633247,0.005211787875976661,0.00781768181396499,0.005817681813964991,1.5,target
BAJFINANCE,2026-09-08,-1,0.5702038340624577,0.005412147271603213,-0.005412147271603213,-0.007412147271603213,-1.0,stop
BAJFINANCE,2026-09-09,-1,0.8711891780893696,0.008428358427253587,-0.008428358427253587,-0.010428358427253587,-1.0,stop
BAJFINANCE,2026-09-10,-1,0.6072124092794997,0.005879494540662651,-0.005879494540662651,-0.00787949454066265,-1.0,stop
BAJFINANCE,2026-09-11,-1,1.5693145517850773,0.011965548778261123,-0.011965548778261123,-0.013965548778261123,-1.0,stop
BAJFINANCE,2026-09-15,-1,1.4425021749492575,0.0119952471864246,0.0179928707796369,0.015992870779636903,1.5,target
BAJFINANCE,2026-09-17,1,1.5046237327666272,0.012128349098161302,-0.007237895380825467,-0.009237895380825468,-0.5967749874484365,time
BAJFINANCE,2026-09-18,-1,0.7680866267936094,0.007643989191681483,-0.007643989191681483,-0.009643989191681482,-1.0,stop
BAJFINANCE,2026-09-23,1,1.2204638323662937,0.013505692002439413,0.006366945534806585,0.004366945534806585,0.47142682756696813,time
BAJFINANCE,2026-09-25,1,0.7187605247329869,0.007082152799570902,0.008599756970907525,0.0065997569709075245,1.2142857142857142,time
BAJFINANCE,2026-09-28,-1,1.193693321853759,0.012864994151369047,-0.005717761329736401,-0.0077177613297364014,-0.4444433679845815,time
BAJFINANCE,2026-09-29,-1,0.6649712718520091,0.008861386487313357,-0.003400296540926069,-0.0054002965409260684,-0.383720600133421,time
BAJFINANCE,2026-09-30,-1,1.4317179428597893,0.013995438877965496,0.005390785095880355,0.003390785095880355,0.38518156828705385,time
BAJFINANCE,2026-10-01,-1,0.4669788961689988,0.007431208709028938,0.011146813063543407,0.009146813063543407,1.5,target
BAJFINANCE,2026-10-05,1,2.0733787498722838,0.02304964539007092,-0.017223910840932118,-0.01922391084093212,-0.7472527472527473,time
BAJFINANCE,2026-10-07,1,1.0679860059341015,0.013056679256513336,-0.013056679256513336,-0.015056679256513337,-1.0,stop
MARUTI,2026-08-03,-1,1.8267035833796037,0.02472390452440328,-0.008193801211257571,-0.010193801211257571,-0.3314121037463977,time
MARUTI,2026-08-05,1,0.28911635014232523,0.0027389563873867545,-0.0027389563873867545,-0.0047389563873867545,-1.0,stop
MARUTI,2026-08-06,-1,0.34201178049860603,0.004050884798521783,-0.004050884798521783,-0.006050884798521783,-1.0,stop
MARUTI,2026-08-07,1,1.1293120426344283,0.011293781272337385,0.003359542530378842,0.001359542530378842,0.2974683544303797,time
MARUTI,2026-08-10,1,1.1127993503621756,0.008658623136976578,0.00049680624556423,-0.00150319375443577,0.05737704918032787,time
MARUTI,2026-08-11,1,0.3171287462555564,0.002974082991077751,-0.002974082991077751,-0.004974082991077751,-1.0,stop
MARUTI,2026-08-12,-1,0.4936326606216169,0.004015488312060806,-0.004015488312060806,-0.006015488312060806,-1.0,stop
MARUTI,2026-08-14,1,0.6118142482874509,0.004411977433820338,0.006617966150730507,0.004617966150730507,1.5,target
MARUTI,2026-08-18,1,0.28160907327338347,0.0037512624440917616,-0.0037512624440917616,-0.005751262444091762,-1.0,stop
MARUTI,2026-08-19,1,0.41073827769097937,0.0029231218941829875,-0.0029231218941829875,-0.004923121894182987,-1.0,stop
MARUTI,2026-08-21,-1,0.6370411916128331,0.004290909090909091,0.006436363636363637,0.004436363636363637,1.5,target
MARUTI,2026-08-24,-1,0.9584027212604923,0.0072890590487409805,-0.0027978206449712855,-0.004797820644971286,-0.3838383838383838,time
MARUTI,2026-08-25,-1,0.5536870055636042,0.004733727810650888,-0.004733727810650888,-0.006733727810650888,-1.0,stop
MARUTI,2026-08-26,-1,0.8377387555664004,0.005497324635344133,0.0082459869530162,0.006245986953016199,1.5,target
MARUTI,2026-08-31,-1,0.616170726720396,0.004356316659155776,-0.004356316659155776,-0.006356316659155776,-1.0,stop
MARUTI,2026-09-01,-1,0.742540204413864,0.005530642750373692,0.008295964125560539,0.006295964125560539,1.5,target
MARUTI,2026-09-03,-1,0.8119849486598967,0.005239286831404442,-0.005239286831404442,-0.007239286831404442,-1.0,stop
MARUTI,2026-09-04,-1,1.1733898271650194,0.006347464932215344,0.005250372227881828,0.0032503722278818276,0.8271604938271605,time
MARUTI,2026-09-11,-1,1.1240022391631632,0.006516492357200322,0.002413515687851971,0.00041351568785197084,0.37037037037037035,time
MARUTI,2026-09-15,-1,1.3450556324573015,0.006623586429725364,0.009935379644588046,0.007935379644588045,1.5,target
MARUTI,2026-09-17,1,0.9876948986545039,0.0057287830428021935,0.00859317456420329,0.00659317456420329,1.5,target
MARUTI,2026-09-22,1,0.6489589165935884,0.004081965874765287,-0.004081965874765287,-0.006081965874765287,-1.0,stop
MARUTI,2026-09-25,1,0.8114050485938535,0.005388824407229315,-0.005388824407229315,-0.007388824407229315,-1.0,stop
MARUTI,2026-09-29,-1,0.7676301808500232,0.004933935440709148,0.007400903161063723,0.0054009031610637226,1.5,target
SUNPHARMA,2026-08-03,-1,2.7000127832264695,0.02238229997427322,-0.010290712631849755,-0.012290712631849755,-0.45977011494252873,time
SUNPHARMA,2026-08-05,-1,1.0814579919836835,0.012592261458904262,-0.0011869994767425085,-0.0031869994767425086,-0.09426420191610263,time
SUNPHARMA,2026-08-06,1,0.8335308931424684,0.006147540983606557,-0.0005122950819672131,-0.0025122950819672133,-0.08333333333333333,time
SUNPHARMA,2026-08-07,-1,0.5857769776450538,0.0042660613344351955,0.006399092001652735,0.004399092001652735,1.4999999999999862,target
SUNPHARMA,2026-08-11,1,0.7737869669915755,0.005997822045797614,-0.005997822045797614,-0.007997822045797614,-1.0,stop
SUNPHARMA,2026-08-17,-1,1.9671062799887638,0.012868579169376095,0.019302868754064083,0.01730286875406408,1.4999999999999953,target
SUNPHARMA,2026-08-18,1,0.5748155699792638,0.005650885224121997,-0.005650885224121997,-0.007650885224121997,-1.0,stop
SUNPHARMA,2026-08-24,1,0.7211972559486932,0.0055164441868872476,0.008274666280330871,0.006274666280330871,1.5,target
SUNPHARMA,2026-09-01,-1,1.4275920927034957,0.011009484346770806,0.002946168044518975,0.0009461680445189751,0.26760272795002576,time
SUNPHARMA,2026-09-02,1,1.636550254906152,0.013206755707545884,-0.0034564966765375433,-0.005456496676537543,-0.26172186062036573,time
SUNPHARMA,2026-09-04,-1,0.4586419831714953,0.0038231521234282106,0.005734728185142316,0.003734728185142316,1.5,target
SUNPHARMA,2026-09-07,-1,0.3503628249165541,0.002531206367251074,-0.002531206367251074,-0.0045312063672510745,-1.0,stop
SUNPHARMA,2026-09-08,-1,0.7388317099117034,0.006011623728074328,-0.006011623728074328,-0.008011623728074329,-1.0,stop
SUNPHARMA,2026-09-10,-1,0.893310317287236,0.009528910455921939,-0.0018842530282637954,-0.0038842530282637957,-0.19774065849184128,time
SUNPHARMA,2026-09-11,-1,0.5097678905726304,0.004993731166498654,-0.004993731166498654,-0.006993731166498654,-1.0,stop
SUNPHARMA,2026-09-15,-1,1.6898879758004932,0.010739179519018628,-0.0003270691114001386,-0.0023270691114001384,-0.030455688986380493,time
SUNPHARMA,2026-09-16,1,0.6800056589086201,0.0051273746489852706,-0.0051273746489852706,-0.007127374648985271,-1.0,stop
SUNPHARMA,2026-09-17,-1,0.712531650204909,0.004758069114963503,-0.004758069114963503,-0.006758069114963503,-1.0,stop
SUNPHARMA,2026-09-21,1,1.8050805003085821,0.013754322275555259,0.00021408852772946213,-0.0017859114722705378,0.015565181870861713,time
SUNPHARMA,2026-09-22,-1,1.0145863228060548,0.007788998812935703,0.00816499321616643,0.006164993216166431,1.0482724946120532,time
SUNPHARMA,2026-09-24,1,0.9407834262965804,0.0064105987731669645,-0.0064105987731669645,-0.008410598773166965,-1.0,stop
SUNPHARMA,2026-09-30,-1,1.1354801070822125,0.014725131086114897,0.009271378831998267,0.007271378831998267,0.6296296296296297,time
M&M,2026-08-03,-1,1.202811811002915,0.013028839115795637,-0.0038354846014492755,-0.005835484601449276,-0.294384216994382,time
M&M,2026-08-04,1,0.917475581179404,0.009484897125346564,-0.009484897125346564,-0.011484897125346564,-1.0,stop
M&M,2026-08-05,1,1.0559199822347565,0.011797082197446485,-0.008180487614132365,-0.010180487614132365,-0.6934331283970417,time
M&M,2026-08-07,1,1.190871418117662,0.011779340845094766,0.01604434665376748,0.014044346653767479,1.3620750825330583,time
M&M,2026-08-12,-1,0.8221441095973011,0.009599716081089851,0.006886045124841758,0.004886045124841758,0.7173175817570626,time
M&M,2026-08-14,-1,0.5934312928598836,0.007568157960520654,-0.007568157960520654,-0.009568157960520653,-1.0,stop
M&M,2026-08-18,1,0.28707459663052143,0.0049122949789839184,-0.0049122949789839184,-0.0069122949789839185,-1.0,stop
M&M,2026-08-19,-1,0.961017301700367,0.011827873255303477,-0.011827873255303477,-0.013827873255303477,-1.0,stop
M&M,2026-08-21,-1,0.7081798489512001,0.00779333075653094,0.004028035267987449,0.002028035267987449,0.5168567065643773,time
M&M,2026-08-24,1,0.6394834221420528,0.007085239020389124,-0.007085239020389124,-0.009085239020389123,-1.0,stop
M&M,2026-08-25,-1,0.6292478672320442,0.005877512552313413,-0.005877512552313413,-0.007877512552313413,-1.0,stop
M&M,2026-08-26,-1,0.372197140774392,0.0036493153364116353,-0.0036493153364116353,-0.005649315336411635,-1.0,stop
M&M,2026-08-27,-1,0.7512414885016668,0.009743423470284389,0.014615135205426583,0.012615135205426583,1.5,target
M&M,2026-09-01,-1,1.6480421772183669,0.01566174831885334,0.023492622478280007,0.02149262247828001,1.5,target
M&M,2026-09-02,-1,1.1469321946264546,0.012088062163443955,-0.004186750096816242,-0.006186750096816242,-0.34635411699631885,time
M&M,2026-09-03,-1,0.7253242512130681,0.007597623867528798,0.011051096229900574,0.009051096229900574,1.4545463716796303,time
M&M,2026-09-08,-1,1.2745880200516178,0.010408993207490754,-0.010408993207490754,-0.012408993207490754,-1.0,stop
M&M,2026-09-11,-1,0.760396229771005,0.006116223739176674,-0.006116223739176674,-0.008116223739176674,-1.0,stop
M&M,2026-09-28,-1,0.8890668588595153,0.007372515611039756,0.0008673931049985461,-0.001132606895001454,0.1176522574872129,time
M&M,2026-09-29,-1,1.2577416216645285,0.009898665144636824,-0.009898665144636824,-0.011898665144636824,-1.0,stop
M&M,2026-09-30,1,1.3574982579705612,0.01499201564543734,-0.01499201564543734,-0.01699201564543734,-1.0,stop
M&M,2026-10-01,-1,1.4430222835690238,0.016937255280557516,-0.0008398314185803517,-0.002839831418580352,-0.04958485921531834,time
M&M,2026-10-05,-1,1.0677432601411074,0.009781056204758122,-0.009781056204758122,-0.011781056204758122,-1.0,stop
M&M,2026-10-08,-1,1.0400955337529862,0.010115225938174946,0.009647245798461122,0.007647245798461122,0.953735077933587,time
NTPC,2026-08-05,1,1.0207411692273411,0.007526432223593086,0.011289648335389629,0.009289648335389629,1.5,target
NTPC,2026-08-06,-1,0.6132905996497607,0.004472712062171147,0.00670906809325672,0.00470906809325672,1.5,target
NTPC,2026-08-07,1,1.1451539679410345,0.007498215150729993,-0.007498215150729993,-0.009498215150729992,-1.0,stop
NTPC,2026-08-10,-1,0.709616070002331,0.005269285014073731,0.007903927521110597,0.005903927521110597,1.5,target
NTPC,2026-08-11,-1,0.6258631283109953,0.004582373371674058,-0.0005913147288433111,-0.002591314728843311,-0.12904114983264423,time
NTPC,2026-08-12,-1,0.7749830026195168,0.005028043947839042,0.007542065921758563,0.005542065921758563,1.5,target
NTPC,2026-08-13,1,1.137454579718332,0.007487851664581381,0.010864813800200768,0.008864813800200768,1.4509921252303788,time
NTPC,2026-08-14,-1,0.7684975313438517,0.004532128049616228,0.006798192074424342,0.004798192074424342,1.5,target
NTPC,2026-08-17,-1,0.7869045543356705,0.0047351468849265105,0.0026634918992040233,0.0006634918992040233,0.5624940395582597,time
NTPC,2026-08-21,1,1.249301232605104,0.008667583822913227,-0.001028371080472884,-0.0030283710804728838,-0.11864564583204022,time
NTPC,2026-08-25,-1,0.5232325399801562,0.002962524177643683,0.004443786266465525,0.002443786266465525,1.5,target
NTPC,2026-08-26,-1,1.4541858059708137,0.007360518312748531,0.011040777469122796,0.009040777469122796,1.5,target
NTPC,2026-08-27,-1,1.4599107803224953,0.008405847318113268,0.012608770977169902,0.010608770977169902,1.5,target
NTPC,2026-08-28,-1,0.8467387697781903,0.004712734385257291,-0.004712734385257291,-0.006712734385257291,-1.0,stop
NTPC,2026-09-01,-1,0.9588930231610792,0.00522036615659093,-0.00522036615659093,-0.00722036615659093,-1.0,stop
NTPC,2026-09-02,1,1.0797544199802351,0.006036160851684659,0.009054241277526989,0.0070542412775269885,1.5,target
NTPC,2026-09-04,-1,1.1622508376933587,0.006820248686351908,-0.006820248686351908,-0.008820248686351909,-1.0,stop
NTPC,2026-09-08,-1,0.9166153597567442,0.0062329533249918,-0.0062329533249918,-0.0082329533249918,-1.0,stop
NTPC,2026-09-09,1,0.8723208817572525,0.007639268682509112,0.0020971007568323084,9.710075683230833e-05,0.274515905119797,time
NTPC,2026-09-11,1,0.9656547036717241,0.007613130967646357,-0.007613130967646357,-0.009613130967646356,-1.0,stop
NTPC,2026-09-15,-1,2.01979912357351,0.012608215018802407,-0.0010633635424757131,-0.003063363542475713,-0.08433894416378036,time
NTPC,2026-09-17,1,1.1091633702031076,0.006828528072837633,0.00030350866013846735,-0.0016964913398615326,0.04444715711805555,time
NTPC,2026-09-18,-1,0.7707957001903916,0.005476080700097541,0.008214121050146312,0.006214121050146312,1.5,target
NTPC,2026-09-21,1,1.1286370613324241,0.008230397164828046,-0.00502970266082034,-0.00702970266082034,-0.6111129949250054,time
NTPC,2026-09-25,-1,0.530194198146733,0.003068425954980625,0.004602638932470938,0.002602638932470938,1.5,target
NTPC,2026-09-28,-1,1.0244370004414003,0.0066306673754336935,0.00994600106315054,0.00794600106315054,1.5,target
NTPC,2026-09-29,-1,1.2170556187914765,0.01131010443474214,-0.01131010443474214,-0.01331010443474214,-1.0,stop
NTPC,2026-09-30,-1,1.233970636296149,0.00809214504294022,-0.004512954441708764,-0.006512954441708764,-0.5576956935103349,time
NTPC,2026-10-01,-1,1.1922825468766323,0.007385215260169537,0.011077822890254305,0.009077822890254305,1.5,target
TITAN,2026-07-31,1,1.470460723151399,0.0075936665418657,0.0029016727147908035,0.0009016727147908034,0.3821174789271017,time
TITAN,2026-08-03,1,1.10050052573674,0.006947140295778249,0.010420710443667373,0.008420710443667373,1.5,target
TITAN,2026-08-04,-1,1.718992392904901,0.01040751212408909,-0.01040751212408909,-0.01240751212408909,-1.0,stop
TITAN,2026-08-06,1,1.7815102603086115,0.01707123323094283,0.002607823470411234,0.0006078234704112338,0.152761281808532,time
TITAN,2026-08-10,1,5.070590694576011,0.0294753739276505,0.00962015273232173,0.007620152732321729,0.3263793279072595,time
TITAN,2026-08-11,1,1.8673709856840908,0.013388024720486811,-0.006451825305179341,-0.00845182530517934,-0.48191017270131997,time
TITAN,2026-08-12,-1,0.8587471649520045,0.0072916858601120285,0.010937528790168042,0.008937528790168042,1.5,target
TITAN,2026-08-13,-1,0.7900002655638467,0.007198288986379002,-0.006900018952575065,-0.008900018952575065,-0.9585637594755726,time
TITAN,2026-08-17,1,0.6277833372821117,0.004617277924713599,0.006925916887070398,0.004925916887070398,1.5,target
TITAN,2026-08-21,-1,0.7272190251290126,0.008463193431439277,-0.008066792741957571,-0.010066792741957572,-0.9531618067467124,time
TITAN,2026-08-24,-1,0.8952639248939058,0.00672494982267233,-0.004588827922140009,-0.006588827922140009,-0.6823586856617647,time
TITAN,2026-08-25,1,0.5660794878961052,0.004370461234289539,0.006555691851434309,0.004555691851434309,1.5,target
TITAN,2026-08-28,-1,0.4993000498569906,0.004180845892075838,-0.004180845892075838,-0.0061808458920758385,-1.0,stop
TITAN,2026-08-31,-1,0.9771281628064447,0.007294759625585775,0.0021316767567115397,0.00013167675671153962,0.29222028773023,time
TITAN,2026-09-01,-1,0.7808072438323337,0.00727630285152409,0.010914454277286136,0.008914454277286136,1.5,target
TITAN,2026-09-04,-1,0.339106893903875,0.003005710850616171,-0.003005710850616171,-0.005005710850616171,-1.0,stop
TITAN,2026-09-10,1,0.6019960362949391,0.004401320396118836,0.0045013504051215365,0.0025013504051215364,1.0227272727272727,time
TITAN,2026-09-11,-1,0.9403806136028409,0.007271258331650172,-0.007271258331650172,-0.009271258331650172,-1.0,stop
TITAN,2026-09-15,-1,1.5283762632797149,0.01142799352750809,0.017141990291262135,0.015141990291262135,1.5,target
TITAN,2026-09-16,-1,0.43356452530177986,0.004206422488970966,-0.004206422488970966,-0.006206422488970966,-1.0,stop
TITAN,2026-09-21,-1,1.1064372650631964,0.008147064967620639,-0.008147064967620639,-0.010147064967620639,-1.0,stop
TITAN,2026-09-22,1,0.7567600071124619,0.005499541704857928,0.008249312557286892,0.006249312557286892,1.5,target
TITAN,2026-09-24,1,0.7010835629684383,0.005321326238231682,-0.005321326238231682,-0.007321326238231682,-1.0,stop
TITAN,2026-09-28,-1,2.22994460375979,0.012346959950197136,-0.00010375596596804317,-0.002103755965968043,-0.008403361344537815,time
TITAN,2026-09-29,-1,1.8659693413002512,0.010591442953020135,0.015887164429530202,0.013887164429530202,1.5,target
TITAN,2026-09-30,-1,1.3355924489062498,0.009345794392523364,0.014018691588785047,0.012018691588785047,1.5,target
TITAN,2026-10-05,1,0.9521378693080403,0.006069156712014891,0.009103735068022336,0.007103735068022336,1.5,target
TITAN,2026-10-08,1,1.0764259332637256,0.00654541015625,0.009818115234375,0.007818115234375,1.5,target
ULTRACEMCO,2026-07-31,-1,0.4010722365612294,0.003965910049784829,-0.003965910049784829,-0.005965910049784829,-1.0,stop
ULTRACEMCO,2026-08-04,1,0.497388596209596,0.0043463724506853894,0.006519558676028084,0.004519558676028084,1.5,target
ULTRACEMCO,2026-08-05,1,0.7475393761782205,0.005228215767634855,0.007842323651452283,0.005842323651452283,1.5,target
ULTRACEMCO,2026-08-06,-1,0.389612040110108,0.0032989690721649486,-0.0032989690721649486,-0.005298969072164948,-1.0,stop
ULTRACEMCO,2026-08-07,-1,0.7245807448049092,0.007342511472674176,-0.007342511472674176,-0.009342511472674175,-1.0,stop
ULTRACEMCO,2026-08-11,-1,0.6006044664883309,0.005260960334029227,0.007891440501043841,0.005891440501043841,1.5,target
ULTRACEMCO,2026-08-18,-1,0.47863860136055636,0.0031005081388338646,0.004650762208250797,0.002650762208250797,1.5,target
ULTRACEMCO,2026-09-04,-1,1.8831213303966399,0.010517942372282128,-0.008308290613399329,-0.010308290613399329,-0.7899159663865546,time
ULTRACEMCO,2026-09-07,-1,1.158918871670921,0.007986511669180938,0.008341467743366759,0.006341467743366759,1.0444444444444445,time
ULTRACEMCO,2026-09-09,1,0.7477567212097894,0.0046431172614712305,-0.0046431172614712305,-0.0066431172614712306,-1.0,stop
ULTRACEMCO,2026-09-10,-1,0.5563546159836421,0.002667893284268629,-0.002667893284268629,-0.004667893284268629,-1.0,stop
ULTRACEMCO,2026-09-18,1,0.8474239632444575,0.0047706422018348625,0.007155963302752293,0.005155963302752293,1.5,target
ULTRACEMCO,2026-09-22,-1,0.9738392937258832,0.005609336831629422,-0.005609336831629422,-0.007609336831629422,-1.0,stop
ULTRACEMCO,2026-09-23,1,1.3035152757030577,0.007905138339920948,0.002066115702479339,6.611570247933886e-05,0.26136363636363635,time
ULTRACEMCO,2026-09-29,-1,0.9606558157986381,0.0056657223796034,-0.0056657223796034,-0.0076657223796034,-1.0,stop
ULTRACEMCO,2026-09-30,1,1.667718568877242,0.01034324942791762,0.0028375286041189933,0.0008375286041189933,0.2743362831858407,time
ULTRACEMCO,2026-10-01,-1,0.7725925875168685,0.008740120874012087,0.0041841004184100415,0.0021841004184100414,0.4787234042553192,time
ASIANPAINT,2026-07-31,-1,0.7802852694314651,0.010377598766806726,-0.00047338193387854485,-0.002473381933878545,-0.04561574835526316,time
ASIANPAINT,2026-08-05,-1,0.73411804791752,0.006083667871854065,0.0005431830526887561,-0.0014568169473112439,0.08928545478325317,time
ASIANPAINT,2026-08-06,-1,0.3648344373283511,0.004803716207130226,0.0072055743106953386,0.0052055743106953385,1.5,target
ASIANPAINT,2026-08-07,-1,1.1498329391004218,0.010650018362100624,-0.0044069041498347415,-0.0064069041498347416,-0.41379310344827586,time
ASIANPAINT,2026-08-10,1,0.7279743995299933,0.005749423756768807,0.008624135635153211,0.006624135635153211,1.5,target
ASIANPAINT,2026-08-14,-1,0.8165002102154794,0.007035873795154476,0.010553810692731714,0.008553810692731714,1.5,target
ASIANPAINT,2026-08-18,-1,1.0670518429756501,0.00885487833157337,0.005373569510231345,0.003373569510231345,0.6068484861131398,time
ASIANPAINT,2026-08-25,-1,0.32549663548961927,0.004203125440196603,-0.004203125440196603,-0.006203125440196603,-1.0,stop
ASIANPAINT,2026-08-26,-1,0.4269178212913315,0.004666880821885586,0.0070003212328283776,0.0050003212328283775,1.5,target
ASIANPAINT,2026-08-28,-1,0.4844425879445795,0.006409785893981305,0.009614678840971957,0.007614678840971957,1.5,target
ASIANPAINT,2026-09-01,-1,1.6019188954786305,0.0137531766104887,0.005022213637241646,0.003022213637241646,0.36516753761538356,time
ASIANPAINT,2026-09-04,1,0.43448379685591393,0.0033810730170101776,-0.0033810730170101776,-0.005381073017010178,-1.0,stop
ASIANPAINT,2026-09-10,-1,0.4204169437941296,0.0038813946250369053,-0.0038813946250369053,-0.005881394625036906,-1.0,stop
ASIANPAINT,2026-09-15,-1,0.5501164787232913,0.0042080520625878545,0.006312078093881782,0.004312078093881782,1.5,target
ASIANPAINT,2026-09-18,1,1.1026658951270316,0.007275666936135812,-0.007275666936135812,-0.009275666936135813,-1.0,stop
ASIANPAINT,2026-09-21,1,1.1440351960192852,0.006581332996902296,-0.006581332996902296,-0.008581332996902296,-1.0,stop
ASIANPAINT,2026-09-22,-1,0.9998198739706059,0.007346339220760742,0.0006938009981846387,-0.0013061990018153613,0.09444173177083333,time
ASIANPAINT,2026-09-23,1,0.5949178788075747,0.006353683193798057,-0.006353683193798057,-0.008353683193798058,-1.0,stop
ASIANPAINT,2026-09-24,1,0.8522380097489863,0.006413358880911683,-0.006413358880911683,-0.008413358880911683,-1.0,stop
ASIANPAINT,2026-09-25,1,1.0106056184242664,0.007201946334333609,0.010802919501500413,0.008802919501500413,1.5,target
ASIANPAINT,2026-09-28,-1,1.2982223156546828,0.00815057971529789,-0.0012412081092263137,-0.0032412081092263135,-0.15228464140982265,time
ASIANPAINT,2026-09-29,-1,0.9900485591377008,0.0071428979349415205,-0.0071428979349415205,-0.00914289793494152,-1.0,stop
ASIANPAINT,2026-10-01,-1,0.6615992544933288,0.004786858007033382,-0.004786858007033382,-0.006786858007033382,-1.0,stop
ASIANPAINT,2026-10-05,-1,0.4470464049637355,0.0064407788974278546,0.009661168346141781,0.007661168346141781,1.5,target
ASIANPAINT,2026-10-07,-1,0.7216654289464718,0.004451951976585468,-0.004451951976585468,-0.006451951976585468,-1.0,stop
POWERGRID,2026-08-04,-1,2.014591010861115,0.011913083283798406,0.007007708629192919,0.005007708629192919,0.5882363500911041,time
POWERGRID,2026-08-05,-1,0.48419193160596696,0.004239576960904075,0.004592785193545389,0.002592785193545389,1.0833121407863282,time
POWERGRID,2026-08-06,-1,2.2553660517285095,0.02115239801152723,0.01258210085135358,0.01058210085135358,0.5948309427846823,time
POWERGRID,2026-08-07,1,1.351086986974525,0.0095833973568829,0.0011058544933508123,-0.0008941455066491877,0.11539274144326024,time
POWERGRID,2026-08-10,-1,0.6685557119254838,0.005555555555555556,-0.005555555555555556,-0.007555555555555556,-1.0,stop
POWERGRID,2026-08-11,-1,0.48617709556601385,0.0035309877351203407,0.005296481602680511,0.003296481602680511,1.5,target
POWERGRID,2026-08-12,-1,0.8609588893240037,0.005621135340795625,-0.005621135340795625,-0.0076211353407956255,-1.0,stop
POWERGRID,2026-08-13,-1,0.7160602571004141,0.00523949787621879,0.0022455317219474144,0.0002455317219474144,0.4285776566757493,time
POWERGRID,2026-08-18,1,0.5325121661557342,0.003553990770059115,-0.003553990770059115,-0.005553990770059115,-1.0,stop
POWERGRID,2026-08-19,-1,0.5091597591804263,0.005643341116961781,0.008465011675442672,0.006465011675442672,1.5,target
POWERGRID,2026-08-20,1,0.5873006896524544,0.00491210210825559,0.007368153162383385,0.005368153162383385,1.5,target
POWERGRID,2026-08-21,1,1.6545892083511744,0.013976892175238016,0.020965338262857024,0.018965338262857026,1.5,target
POWERGRID,2026-08-24,-1,1.8391378837945955,0.011248454284351804,-0.0009219989143552823,-0.0029219989143552823,-0.08196672103098766,time
POWERGRID,2026-08-26,-1,0.9258067196945301,0.006311422502065191,0.009467133753097786,0.007467133753097786,1.5,target
POWERGRID,2026-09-01,-1,0.8660596162140758,0.006684492290289558,-0.006684492290289558,-0.008684492290289558,-1.0,stop
POWERGRID,2026-09-02,1,0.5703644385637389,0.004724111757998148,0.007086167636997222,0.005086167636997222,1.5,target
POWERGRID,2026-09-03,-1,1.2290733652301336,0.007447403056826222,0.010984851325807293,0.008984851325807293,1.4749908447265625,time
POWERGRID,2026-09-04,-1,0.9913446616262297,0.005831521375968543,-0.0007524914078891502,-0.00275249140788915,-0.12903860920241775,time
POWERGRID,2026-09-08,-1,0.5820884595244394,0.003580108036939437,0.005370162055409156,0.003370162055409156,1.5,target
POWERGRID,2026-09-09,1,1.245438684635561,0.008798225570256524,-0.008798225570256524,-0.010798225570256524,-1.0,stop
POWERGRID,2026-09-10,1,1.338591904451863,0.010443932289452335,0.013614299938042829,0.011614299938042829,1.303560724133797,time
POWERGRID,2026-09-11,1,2.2268403436499518,0.012081229605369663,-0.012081229605369663,-0.014081229605369663,-1.0,stop
POWERGRID,2026-09-15,-1,1.6895098819944248,0.01015997067556444,0.011100704447906867,0.009100704447906867,1.0925921739720144,time
POWERGRID,2026-09-17,1,1.2076647058720138,0.008287858752537574,-0.006404264942001084,-0.008404264942001083,-0.772728533777223,time
POWERGRID,2026-09-21,-1,0.9585016433519787,0.005986926486494387,-0.005986926486494387,-0.007986926486494388,-1.0,stop
POWERGRID,2026-09-23,1,0.5759754472394221,0.0037432155075679367,0.005614823261351905,0.003614823261351905,1.5,target
POWERGRID,2026-09-25,1,1.049573860246727,0.006316112680674782,-0.006316112680674782,-0.008316112680674781,-1.0,stop
POWERGRID,2026-09-28,-1,1.2223360046595115,0.009939961874777428,0.014909942812166142,0.012909942812166142,1.5,target
POWERGRID,2026-09-30,-1,0.39406014984451715,0.0028763183125599234,-0.0028763183125599234,-0.004876318312559923,-1.0,stop
POWERGRID,2026-10-06,1,0.6593409636345419,0.004276019838739067,-0.004276019838739067,-0.006276019838739067,-1.0,stop
POWERGRID,2026-10-07,-1,1.1597573705911393,0.008449633252346912,0.005502039352624353,0.0035020393526243527,0.6511571790522558,time
TATASTEEL,2026-07-31,-1,1.8465954534238682,0.013324005614920692,-0.013324005614920692,-0.015324005614920692,-1.0,stop
TATASTEEL,2026-08-03,-1,1.9764561077594256,0.014211502545398828,-0.0016256623557860809,-0.003625662355786081,-0.11439060370941649,time
TATASTEEL,2026-08-07,-1,0.5848015402168685,0.004720230046371989,0.0070803450695579835,0.0050803450695579835,1.5,target
TATASTEEL,2026-08-10,1,1.194124015514376,0.008772876288977518,0.013159314433466351,0.011159314433466351,1.5000000000000087,target
TATASTEEL,2026-08-11,-1,0.5588080411005283,0.00596749513714739,0.008951242705721086,0.006951242705721086,1.5,target
TATASTEEL,2026-08-13,-1,0.8664346556479411,0.008265795401655819,0.0013506212412558736,-0.0006493787587441265,0.16339882317741794,time
TATASTEEL,2026-08-14,-1,0.9645368658927879,0.009879270482475047,-0.007135033334424842,-0.009135033334424843,-0.7222226931717035,time
TATASTEEL,2026-08-17,-1,0.8486029483353381,0.006408490562568626,-0.006408490562568626,-0.008408490562568626,-1.0,stop
TATASTEEL,2026-08-18,-1,0.5693127827585304,0.004525842188939143,0.006788763283408638,0.004788763283408638,1.4999999999999831,target
TATASTEEL,2026-08-19,-1,0.7480507115287666,0.008820471271126605,-0.008820471271126605,-0.010820471271126605,-1.0,stop
TATASTEEL,2026-08-20,-1,0.881749131963052,0.007612883098090048,-0.007612883098090048,-0.009612883098090049,-1.0,stop
TATASTEEL,2026-08-24,1,1.451581177825464,0.013577608780117253,0.0037715351574493117,0.0017715351574493117,0.27777609581535917,time
TATASTEEL,2026-08-27,1,0.9184317583525498,0.009114835088107447,-0.009114835088107447,-0.011114835088107447,-1.0,stop
TATASTEEL,2026-09-02,1,1.1782132647310193,0.01159809253913767,0.001089094547664028,-0.0009109054523359721,0.09390290204952988,time
TATASTEEL,2026-09-03,1,0.40456703114393605,0.009362418272910088,-0.009362418272910088,-0.011362418272910088,-1.0,stop
TATASTEEL,2026-09-04,-1,0.415391851119527,0.0036452565713866827,-0.0036452565713866827,-0.005645256571386682,-1.0,stop
TATASTEEL,2026-09-07,-1,1.9633173659809724,0.01713886151343859,0.005891521953621663,0.0038915219536216628,0.3437522351763049,time
TATASTEEL,2026-09-08,1,0.5176519527525898,0.004720802883559762,-0.004720802883559762,-0.006720802883559762,-1.0,stop
TATASTEEL,2026-09-10,-1,1.1692049846443207,0.007311319679195735,0.010966979518793604,0.008966979518793603,1.5,target
TATASTEEL,2026-09-17,1,1.1642414923342266,0.009371673505568478,0.014057510258352795,0.012057510258352794,1.5000000000000082,target
TATASTEEL,2026-09-18,-1,0.7140982179152934,0.006390565166810644,-0.006390565166810644,-0.008390565166810644,-1.0,stop
TATASTEEL,2026-09-24,1,1.0809617517847865,0.011634006579463077,-0.011634006579463077,-0.013634006579463077,-1.0,stop
TATASTEEL,2026-09-28,-1,1.1454711807369513,0.009528901232424926,0.002676659485179248,0.0006766594851792479,0.2808990690417817,time
TATASTEEL,2026-09-30,-1,1.1695376305293583,0.009502448802577583,-0.009502448802577583,-0.011502448802577583,-1.0,stop
TATASTEEL,2026-10-08,-1,1.3204093974675108,0.01579162918511943,0.008933132626591626,0.006933132626591626,0.5656878414425652,time
ONGC,2026-07-31,-1,1.2283795828594988,0.009652741557645072,-0.009652741557645072,-0.011652741557645072,-1.0,stop
ONGC,2026-08-03,1,0.7932875220744918,0.007923462238780026,-0.007923462238780026,-0.009923462238780026,-1.0,stop
ONGC,2026-08-05,-1,2.5288566655298412,0.018938618321572582,0.00020812924769120708,-0.001791870752308793,0.010989674334063296,time
ONGC,2026-08-06,-1,1.0660702964427367,0.009672819680231532,-8.41293320028364e-05,-0.0020841293320028364,-0.008697498225338844,time
ONGC,2026-08-07,1,0.572791363453638,0.008370791886177396,-0.008370791886177396,-0.010370791886177396,-1.0,stop
ONGC,2026-08-11,1,1.1123825422896945,0.009881460420883347,-0.009881460420883347,-0.011881460420883347,-1.0,stop
ONGC,2026-08-14,-1,0.44337864041088293,0.003477321306150677,0.005215981959225956,0.003215981959225956,1.499999999999983,target
ONGC,2026-08-18,1,0.5850859572766712,0.004867488424979597,-0.004867488424979597,-0.006867488424979597,-1.0,stop
ONGC,2026-08-19,-1,1.0846433355190022,0.008210733467429506,-0.008210733467429506,-0.010210733467429506,-1.0,stop
ONGC,2026-08-20,-1,1.651768038948696,0.014634133396573436,-0.01166489925768823,-0.01366489925768823,-0.7971021543660078,time
ONGC,2026-08-25,-1,0.5904308272834371,0.004842818263409625,0.007264227395114499,0.005264227395114499,1.5000000000000124,target
ONGC,2026-09-02,-1,0.8400344255537352,0.009486725137582547,-0.009486725137582547,-0.011486725137582547,-1.0,stop
ONGC,2026-09-03,-1,0.7038367501119389,0.006183586930214717,0.00046588712916537193,-0.0015341128708346282,0.07534253733685192,time
ONGC,2026-09-08,1,0.744869411647941,0.0050032644737945,-0.0050032644737945,-0.0070032644737945,-1.0,stop
ONGC,2026-09-11,1,2.158270581793165,0.01821180472631157,-0.01821180472631157,-0.020211804726311573,-1.0,stop
ONGC,2026-09-17,-1,0.8020225189626429,0.00825771292872267,0.005519461484615143,0.003519461484615143,0.6684007463394481,time
ONGC,2026-09-21,1,0.5714118273050931,0.004369571373326479,0.00655435705998978,0.00455435705998978,1.500000000000014,target
ONGC,2026-09-22,-1,0.7909697144880853,0.0077234798867222955,-0.0077234798867222955,-0.009723479886722296,-1.0,stop
ONGC,2026-09-28,-1,0.7987480292348381,0.008997455691652561,0.013496183537478902,0.011496183537478902,1.5000000000000067,target
ONGC,2026-09-30,1,0.5732065363521084,0.004411401552962226,-0.004411401552962226,-0.006411401552962226,-1.0,stop
ONGC,2026-10-01,-1,0.7140308374736459,0.005052559417173471,0.00757883912576027,0.00557883912576027,1.5000000000000127,target
ONGC,2026-10-06,-1,0.9986770083646695,0.007240201641061452,0.010860302461592178,0.008860302461592178,1.5,target
ONGC,2026-10-07,-1,1.3754891467327268,0.01275925064074186,-0.00036069355254255244,-0.0023606935525425526,-0.02826917996193393,time
ONGC,2026-10-08,-1,0.5591700184703864,0.008548165253164335,0.005879706087159232,0.003879706087159232,0.6878325246441276,time
COALINDIA,2026-07-31,-1,0.865617185660812,0.008636463729406156,-0.008636463729406156,-0.010636463729406156,-1.0,stop
COALINDIA,2026-08-04,1,0.7520416552613954,0.007564826951624435,0.0028818737382824483,0.0008818737382824482,0.38095699435181507,time
COALINDIA,2026-08-06,1,0.4681778721668905,0.003497724598118478,-0.003497724598118478,-0.005497724598118478,-1.0,stop
COALINDIA,2026-08-10,-1,0.6185382638617353,0.004234212561546491,0.006351318842319736,0.004351318842319736,1.5,target
COALINDIA,2026-08-11,-1,0.7098513128970274,0.0048846011487935544,-0.0048846011487935544,-0.0068846011487935545,-1.0,stop
COALINDIA,2026-08-14,-1,0.6235367041451113,0.006883034401593495,-0.0007375081601514338,-0.002737508160151434,-0.10714869592700174,time
COALINDIA,2026-08-18,1,0.4377826819767893,0.005601603205936058,-0.005601603205936058,-0.007601603205936058,-1.0,stop
COALINDIA,2026-08-19,-1,1.5037839327790572,0.01018508564860322,0.006334586685617449,0.004334586685617449,0.6219473163179705,time
COALINDIA,2026-08-20,-1,1.2282407043858805,0.008170961659333752,-0.008170961659333752,-0.010170961659333752,-1.0,stop
COALINDIA,2026-08-21,1,0.5838145727643095,0.0056860019603675975,0.0017305616984704742,-0.00026943830152952584,0.3043547488257627,time
COALINDIA,2026-08-25,-1,0.7022697602124567,0.004927322074584841,0.007390983111877263,0.005390983111877263,1.5,target
COALINDIA,2026-08-26,1,0.8062461408510166,0.0049407116114412565,-0.0049407116114412565,-0.006940711611441257,-1.0,stop
COALINDIA,2026-08-27,-1,0.9717229009217625,0.005962053128410057,0.008943079692615086,0.006943079692615086,1.5,target
COALINDIA,2026-08-28,1,0.6106731048416127,0.006703033195822535,-0.006703033195822535,-0.008703033195822534,-1.0,stop
COALINDIA,2026-09-02,1,4.837890379196223,0.023233562172529806,0.000838337972492515,-0.001161662027507485,0.036083058046248444,time
COALINDIA,2026-09-04,-1,0.7994395945241658,0.004230629821882546,-0.004230629821882546,-0.006230629821882546,-1.0,stop
COALINDIA,2026-09-09,1,2.501905192103706,0.017867555776104826,0.0066565599536238295,0.004656559953623829,0.3725501146903361,time
COALINDIA,2026-09-15,-1,1.020827690546805,0.00755610910751194,0.011334163661267977,0.009334163661267977,1.5000000000000089,target
COALINDIA,2026-09-25,1,0.8121238804779142,0.005311614654344847,0.005901794060383163,0.003901794060383163,1.1111111111111112,time
COALINDIA,2026-10-06,-1,0.950636002296668,0.007670521374476529,0.011505782061714794,0.009505782061714794,1.5,target
COALINDIA,2026-10-07,1,0.9173473836758492,0.00987715259751932,-0.0014454495174495334,-0.0034454495174495335,-0.14634273422206343,time
COALINDIA,2026-10-08,-1,0.7406709670239926,0.006445321502671902,0.009667982254007921,0.007667982254007921,1.5000000000000107,target
ADANIENT,2026-07-31,-1,0.6255318377346968,0.006106601744179988,0.009159902616269982,0.007159902616269982,1.5,target
ADANIENT,2026-08-03,1,0.7741073918860885,0.007586890321064213,0.0033029523459903658,0.0013029523459903657,0.43534995317120395,time
ADANIENT,2026-08-10,-1,0.9996210986968984,0.007200032552083333,-0.0033333333333333335,-0.005333333333333334,-0.4629608698600719,time
ADANIENT,2026-08-11,-1,2.453861353819535,0.017986003328799374,0.0041224451432336625,0.0021224451432336625,0.22920295675875701,time
ADANIENT,2026-08-12,-1,0.9574048319315978,0.011192835062502,-0.0035628560948169252,-0.005562856094816925,-0.31831578638669755,time
ADANIENT,2026-08-18,1,0.4383223039261064,0.0041352387845984,-0.0041352387845984,-0.0061352387845984005,-1.0,stop
ADANIENT,2026-08-19,-1,0.8758932855640283,0.008334416096479507,-0.008334416096479507,-0.010334416096479507,-1.0,stop
ADANIENT,2026-08-31,-1,2.2373005708246847,0.01702532692871021,0.025537990393065313,0.02353799039306531,1.5,target
ADANIENT,2026-09-01,-1,1.5010944883341684,0.012059399565912232,0.010400863046389082,0.008400863046389082,0.8624693948933193,time
ADANIENT,2026-09-02,1,1.2370928585315757,0.011800456744031988,0.00960094945753016,0.0076009494575301605,0.8136082921015566,time
ADANIENT,2026-09-04,1,0.5882278528461117,0.010367302153063852,0.015550953229595777,0.013550953229595777,1.5,target
ADANIENT,2026-09-07,1,0.794710921584693,0.00878972278566599,-0.00878972278566599,-0.01078972278566599,-1.0,stop
ADANIENT,2026-09-09,1,1.6558908391608236,0.01362727081767702,0.02044090622651553,0.01844090622651553,1.5,target
ADANIENT,2026-09-11,-1,1.216708467749527,0.010990503102199973,-0.010990503102199973,-0.012990503102199973,-1.0,stop
ADANIENT,2026-09-17,1,0.702779805123125,0.006942993221279471,-0.006942993221279471,-0.00894299322127947,-1.0,stop
ADANIENT,2026-09-22,1,0.7008195432336425,0.008713161124567532,-0.008713161124567532,-0.010713161124567532,-1.0,stop
ADANIENT,2026-09-28,-1,2.163138943394362,0.020657147031195387,0.010450857163142258,0.008450857163142258,0.5059196774540017,time
ADANIENT,2026-09-29,-1,0.7659850370056025,0.006654786893905694,-0.006654786893905694,-0.008654786893905694,-1.0,stop
ADANIENT,2026-09-30,1,1.3057160072833205,0.015502018715018656,-0.015502018715018656,-0.017502018715018657,-1.0,stop
ADANIENT,2026-10-08,-1,1.385581269284117,0.015555555555555555,0.023333333333333334,0.021333333333333336,1.5,target
ADANIPORTS,2026-08-07,-1,0.4780479047782828,0.0050215633279337875,0.007532344991900681,0.005532344991900681,1.5,target
ADANIPORTS,2026-08-10,-1,0.5545023400998629,0.004403203928098653,-0.00023802476488971288,-0.002238024764889713,-0.05405717490638558,time
ADANIPORTS,2026-08-12,-1,0.834443379964289,0.007529666998271044,-0.0029516441697031055,-0.004951644169703106,-0.392001953125,time
ADANIPORTS,2026-08-14,1,0.8088018457967813,0.0068292242740096345,0.010243836411014453,0.008243836411014453,1.5,target
ADANIPORTS,2026-08-17,-1,0.7660151180138742,0.007302259902359695,-0.003918294639204471,-0.005918294639204471,-0.536586576155457,time
ADANIPORTS,2026-08-25,1,0.6895890954217547,0.005402502644289042,-0.005402502644289042,-0.007402502644289042,-1.0,stop
ADANIPORTS,2026-08-26,-1,0.8159109069626586,0.006799118311899419,0.008557514679597443,0.006557514679597443,1.2586212339650835,time
ADANIPORTS,2026-08-27,-1,1.0357035905201222,0.007903753816857238,-0.007903753816857238,-0.009903753816857238,-1.0,stop
ADANIPORTS,2026-09-02,1,1.2664735273245977,0.012986228749122131,0.010328567188994796,0.008328567188994796,0.7953477016715116,time
ADANIPORTS,2026-09-07,-1,0.5703026870189636,0.005277354210835197,0.007916031316252795,0.005916031316252795,1.5,target
ADANIPORTS,2026-09-09,1,1.2623107957695583,0.010899842472116263,0.016349763708174394,0.014349763708174394,1.5,target
ADANIPORTS,2026-09-11,-1,0.6315525835320746,0.004735578855111791,-0.004735578855111791,-0.006735578855111791,-1.0,stop
ADANIPORTS,2026-09-15,-1,1.6971400655373046,0.01384460432094979,0.020766906481424683,0.018766906481424685,1.5,target
ADANIPORTS,2026-09-18,1,0.8484491959888567,0.007059507209827782,0.010589260814741673,0.008589260814741673,1.5,target
ADANIPORTS,2026-09-22,1,0.6363128861953664,0.00911854103343465,-0.00911854103343465,-0.01111854103343465,-1.0,stop
ADANIPORTS,2026-09-24,-1,0.24935463126009524,0.0030115579095348075,0.004517336864302211,0.0025173368643022108,1.5,target
ADANIPORTS,2026-09-25,-1,0.8715624458473837,0.006621429206992305,-0.006621429206992305,-0.008621429206992305,-1.0,stop
ADANIPORTS,2026-09-28,-1,1.1865543796741072,0.008045034502461322,0.012067551753691983,0.010067551753691983,1.5,target
ADANIPORTS,2026-09-30,1,1.0516547324022516,0.009722222222222222,-0.009722222222222222,-0.011722222222222222,-1.0,stop
ADANIPORTS,2026-10-01,-1,0.8300027112296262,0.0073071395919709625,-0.0073071395919709625,-0.009307139591970963,-1.0,stop
ADANIPORTS,2026-10-07,-1,0.8672704827598431,0.006215391398188548,-0.006215391398188548,-0.008215391398188547,-1.0,stop
BAJAJFINSV,2026-07-31,1,2.4754294491019855,0.020542453246641248,0.019337016574585635,0.017337016574585633,0.9413197315051596,time
BAJAJFINSV,2026-08-03,1,1.8196735532188575,0.01589365661221526,0.009488007854642088,0.007488007854642088,0.5969682173295454,time
BAJAJFINSV,2026-08-06,1,0.8031479189847224,0.0073374492549390415,0.00038367966950861255,-0.0016163203304913874,0.05229060620083295,time
BAJAJFINSV,2026-08-18,-1,0.35369816836993084,0.0031964961393173437,-0.0031964961393173437,-0.005196496139317344,-1.0,stop
BAJAJFINSV,2026-08-26,-1,0.5167118238088048,0.005323154754563237,4.9736623626459215e-05,-0.0019502633763735409,0.009343448747910786,time
BAJAJFINSV,2026-08-28,-1,0.965874688814646,0.009251357126149776,-0.006586543026362928,-0.008586543026362928,-0.71195425023054,time
BAJAJFINSV,2026-08-31,-1,0.728445520078409,0.00521363077313785,-0.00521363077313785,-0.00721363077313785,-1.0,stop
BAJAJFINSV,2026-09-01,-1,1.1285706859145617,0.009393452762623137,0.004090690210498278,0.0020906902104982777,0.43548312999191,time
BAJAJFINSV,2026-09-02,1,0.9378403383882431,0.007262659332291857,0.010893988998437784,0.008893988998437784,1.5,target
BAJAJFINSV,2026-09-03,-1,0.40806994533646324,0.003119001418442504,0.004678502127663756,0.0026785021276637556,1.5,target
BAJAJFINSV,2026-09-09,-1,0.774050839826496,0.005586617577544518,-0.005586617577544518,-0.007586617577544518,-1.0,stop
BAJAJFINSV,2026-09-10,-1,1.2090937647184217,0.00977845057050709,-0.009310321773309845,-0.011310321773309845,-0.9521264852931633,time
BAJAJFINSV,2026-09-11,-1,1.0874858950317412,0.006871937916589024,-0.006871937916589024,-0.008871937916589023,-1.0,stop
BAJAJFINSV,2026-09-15,-1,2.7676275391885476,0.018442202475065218,0.01949906147643796,0.017499061476437962,1.0573065501694643,time
BAJAJFINSV,2026-09-18,1,0.8963820089628433,0.006587076798848814,-0.006587076798848814,-0.008587076798848814,-1.0,stop
BAJAJFINSV,2026-09-22,-1,0.5351012059715661,0.004314994606256742,0.006472491909385114,0.0044724919093851135,1.5,target
BAJAJFINSV,2026-09-28,-1,1.4615369770864415,0.012246780425242553,-0.0026324685370654965,-0.004632468537065497,-0.21495188495741804,time
BAJAJFINSV,2026-09-29,-1,0.9139798276396004,0.00815714083960082,-0.00815714083960082,-0.01015714083960082,-1.0,stop
BAJAJFINSV,2026-09-30,-1,0.6123095053883277,0.0050729515627069306,0.007609427344060397,0.005609427344060397,1.5,target
JSWSTEEL,2026-08-05,-1,0.7301119231486365,0.005876421015234578,-0.005876421015234578,-0.007876421015234579,-1.0,stop
JSWSTEEL,2026-08-06,-1,1.6196586759412397,0.011159151770283567,0.007135826361218765,0.0051358263612187646,0.6394595671887197,time
JSWSTEEL,2026-08-18,1,0.6251679450345548,0.005991713732905668,-0.005991713732905668,-0.007991713732905668,-1.0,stop
JSWSTEEL,2026-08-24,1,0.8098669509876885,0.007193619572205522,0.010790429358308283,0.008790429358308283,1.5,target
JSWSTEEL,2026-08-28,1,0.9435297086267741,0.00744324525493115,-0.00744324525493115,-0.00944324525493115,-1.0,stop
JSWSTEEL,2026-08-31,-1,1.3408531479483783,0.012944259137625959,-0.0016084372129335069,-0.0036084372129335067,-0.12425873090396909,time
JSWSTEEL,2026-09-01,1,0.9271640876967585,0.007190977348846393,-0.007190977348846393,-0.009190977348846392,-1.0,stop
JSWSTEEL,2026-09-04,-1,0.5279633454497754,0.004989637094983207,-0.004989637094983207,-0.006989637094983207,-1.0,stop
JSWSTEEL,2026-09-07,-1,2.1446889816860324,0.015220700152207,0.0091324200913242,0.0071324200913242,0.6,time
JSWSTEEL,2026-09-09,-1,0.675290916660726,0.004394474866605878,-0.004394474866605878,-0.006394474866605878,-1.0,stop
JSWSTEEL,2026-09-15,-1,1.475756339519497,0.010942453012679713,0.016413679519019567,0.014413679519019567,1.5,target
JSWSTEEL,2026-09-16,1,0.7197482799537892,0.007564803314622631,0.005070053880497033,0.0030700538804970326,0.6702162197259918,time
JSWSTEEL,2026-09-17,1,0.836623002483762,0.007729757792232617,-0.007729757792232617,-0.009729757792232617,-1.0,stop
JSWSTEEL,2026-09-18,-1,0.604773062360194,0.008467927705701183,-0.008467927705701183,-0.010467927705701183,-1.0,stop
JSWSTEEL,2026-09-23,1,0.5766879318644774,0.006250488200172037,0.009375732300258056,0.007375732300258056,1.5,target
JSWSTEEL,2026-09-24,1,0.9107797475377117,0.00942372269577194,-0.00942372269577194,-0.01142372269577194,-1.0,stop
JSWSTEEL,2026-09-25,1,0.3028424530383836,0.005444081298938962,-0.005444081298938962,-0.007444081298938962,-1.0,stop
JSWSTEEL,2026-09-28,-1,1.2514306818350736,0.008133875353905565,0.0017374027934560366,-0.0002625972065439634,0.21360086279436338,time
JSWSTEEL,2026-09-29,-1,0.9708166683945164,0.007603041216486595,-0.007603041216486595,-0.009603041216486596,-1.0,stop
JSWSTEEL,2026-09-30,-1,1.429782090472901,0.010081824033074593,-0.010081824033074593,-0.012081824033074593,-1.0,stop
JSWSTEEL,2026-10-01,-1,0.8094737689847474,0.011923984378303899,0.017885976567455848,0.01588597656745585,1.5,target
JSWSTEEL,2026-10-06,1,0.746591774916015,0.009310518788530309,0.010996027693568739,0.008996027693568739,1.1810327591105685,time
JSWSTEEL,2026-10-07,-1,0.771460032700301,0.00668647903917205,0.010029718558758074,0.008029718558758074,1.5,target
JSWSTEEL,2026-10-08,-1,0.7823115511486639,0.010531451785993894,0.01579717767899084,0.013797177678990838,1.5,target
NESTLEIND,2026-07-31,-1,0.7098250449337062,0.0077846195920993014,0.011676929388148953,0.009676929388148953,1.5,target
NESTLEIND,2026-08-03,1,0.7987117569748243,0.007967324669103196,-0.007967324669103196,-0.009967324669103196,-1.0,stop
NESTLEIND,2026-08-07,1,1.5411154273385865,0.012729356088556664,-0.004910813973785487,-0.006910813973785487,-0.385786518942633,time
NESTLEIND,2026-08-10,1,0.5695971176696322,0.004918759760549096,-0.004918759760549096,-0.006918759760549096,-1.0,stop
NESTLEIND,2026-08-17,-1,0.9639387599825769,0.008252297100385777,0.012378445650578666,0.010378445650578666,1.5,target
NESTLEIND,2026-08-18,-1,0.5620415143431811,0.004824664109627039,0.007236996164440559,0.005236996164440559,1.5,target
NESTLEIND,2026-08-19,1,1.0785941870022793,0.012362391558800648,-0.012362391558800648,-0.014362391558800649,-1.0,stop
NESTLEIND,2026-08-21,-1,0.604994145439653,0.008516500284383586,-0.008516500284383586,-0.010516500284383586,-1.0,stop
NESTLEIND,2026-08-24,-1,0.7179668429570003,0.0062571929989444315,-0.0006801332835410236,-0.0026801332835410235,-0.10869622906881087,time
NESTLEIND,2026-08-25,-1,0.6954522751457097,0.00546448087431694,-0.00546448087431694,-0.00746448087431694,-1.0,stop
NESTLEIND,2026-08-26,-1,0.8093708165246846,0.006197204736201686,0.00929580710430253,0.00729580710430253,1.5,target
NESTLEIND,2026-09-02,-1,0.5197076497281573,0.005857479765790402,-0.0056457304163726185,-0.0076457304163726186,-0.9638497514486573,time
NESTLEIND,2026-09-03,1,0.32551382309394533,0.0035211267605633804,-0.0035211267605633804,-0.005521126760563381,-1.0,stop
NESTLEIND,2026-09-08,1,0.961525873277572,0.008874689385871494,-0.0056798012069577564,-0.0076798012069577565,-0.64,time
NESTLEIND,2026-09-10,-1,0.7552640055298485,0.006750951055188422,0.010126426582782634,0.008126426582782634,1.5,target
NESTLEIND,2026-09-11,1,1.049945086031578,0.009518368025254858,-0.0025237957000056157,-0.004523795700005616,-0.26515004392657326,time
NESTLEIND,2026-09-18,1,0.3800612524208942,0.003918456214881311,-0.003918456214881311,-0.005918456214881311,-1.0,stop
NESTLEIND,2026-09-23,-1,0.6460328922709923,0.007412826118119266,-0.007412826118119266,-0.009412826118119267,-1.0,stop
NESTLEIND,2026-09-28,-1,0.3369234747445934,0.003121711829687329,-0.003121711829687329,-0.0051217118296873285,-1.0,stop
NESTLEIND,2026-09-29,-1,0.9742229708881119,0.008071182292186943,-0.005679676948360727,-0.007679676948360727,-0.7036982616361869,time
NESTLEIND,2026-09-30,-1,0.8216576981677192,0.006824640332473605,0.010236960498710406,0.008236960498710406,1.5,target
NESTLEIND,2026-10-05,-1,0.6058550039200594,0.007613552235633715,0.0024610267799893694,0.00046102677998936933,0.3232429099876695,time
NESTLEIND,2026-10-06,-1,0.6633985062969788,0.006181425051636065,-0.006181425051636065,-0.008181425051636066,-1.0,stop
NESTLEIND,2026-10-07,1,0.9121601053354617,0.007805482005027751,-0.007805482005027751,-0.00980548200502775,-1.0,stop
NESTLEIND,2026-10-08,1,1.204007096186094,0.010473554658041472,-0.010473554658041472,-0.012473554658041472,-1.0,stop
WIPRO,2026-08-03,1,0.4354178473927966,0.004751563922916089,0.007127345884374135,0.005127345884374135,1.5,target
WIPRO,2026-08-07,1,0.7985284554964959,0.009275082284399766,-0.0003731733578947344,-0.0023731733578947344,-0.0402339673603105,time
WIPRO,2026-08-12,-1,1.0526865466460575,0.012811451819734922,-0.0070627352205275724,-0.009062735220527572,-0.5512829708845368,time
WIPRO,2026-08-13,-1,0.3765770519273012,0.004434454956500161,-0.004434454956500161,-0.006434454956500161,-1.0,stop
WIPRO,2026-08-14,1,0.9351153588972054,0.010665207609126592,-0.010665207609126592,-0.012665207609126592,-1.0,stop
WIPRO,2026-08-18,-1,1.2602185032031599,0.013392908460632378,0.006361603845214909,0.004361603845214909,0.47499793371353566,time
WIPRO,2026-08-19,-1,0.7747528273796402,0.007789293434684643,-0.007789293434684643,-0.009789293434684643,-1.0,stop
WIPRO,2026-08-21,1,0.5740899358099594,0.006829352002777961,-0.006829352002777961,-0.00882935200277796,-1.0,stop
WIPRO,2026-08-24,1,0.5947681846632513,0.006256170464337124,-0.006256170464337124,-0.008256170464337124,-1.0,stop
WIPRO,2026-08-25,-1,0.6209555241279776,0.007170698102770111,-0.0010561559080184218,-0.003056155908018422,-0.14728773863878308,time
WIPRO,2026-08-26,-1,0.6093383169871616,0.006459811527578166,0.00968971729136717,0.00768971729136717,1.4999999999999878,target
WIPRO,2026-08-28,1,0.888567145562779,0.008284251574045127,0.0060602487167338084,0.004060248716733808,0.7315384694159695,time
WIPRO,2026-08-31,-1,1.8834738053774864,0.015528268378173803,-0.015528268378173803,-0.017528268378173804,-1.0,stop
WIPRO,2026-09-07,-1,1.3124177193332398,0.011886347383102252,0.007751885684986034,0.005751885684986034,0.6521671826625387,time
WIPRO,2026-09-08,-1,0.4715605271571974,0.006118809764699877,0.0005827861302947596,-0.0014172138697052404,0.09524501540428995,time
WIPRO,2026-09-10,1,0.9910955213212735,0.008760436197666243,-0.008760436197666243,-0.010760436197666243,-1.0,stop
WIPRO,2026-09-16,-1,0.8988880156415036,0.009929125087893603,0.014893687631840404,0.012893687631840404,1.5,target
WIPRO,2026-09-17,1,0.6847898871841142,0.00649703338033453,0.0010226684311774254,-0.0009773315688225747,0.1574054451179022,time
WIPRO,2026-09-18,-1,0.9246364719805199,0.008447276595985386,-0.008447276595985386,-0.010447276595985386,-1.0,stop
WIPRO,2026-09-21,-1,1.0277071500518993,0.011198835995614253,-0.011198835995614253,-0.013198835995614253,-1.0,stop
WIPRO,2026-09-22,-1,0.5420999447485885,0.005420215628438629,-0.005420215628438629,-0.007420215628438629,-1.0,stop
WIPRO,2026-09-24,1,0.645617548521239,0.005700785037817533,-0.005700785037817533,-0.007700785037817533,-1.0,stop
WIPRO,2026-09-28,-1,0.5877590611813396,0.007786566316041973,0.01167984947406296,0.00967984947406296,1.5,target
WIPRO,2026-09-29,-1,1.3914151360537708,0.014174238894621456,0.020980335550455,0.018980335550455002,1.4801736944349217,time
WIPRO,2026-09-30,1,1.7383113882367442,0.01922477811611061,-0.0106735325023813,-0.0126735325023813,-0.5551966549583603,time
HCLTECH,2026-07-31,1,0.9417029481582111,0.01541727615296513,0.023125914229447694,0.021125914229447693,1.5,target
HCLTECH,2026-08-04,-1,0.7156525966535281,0.009539884395549033,-0.0052836820284580515,-0.0072836820284580515,-0.5538517878605769,time
HCLTECH,2026-08-06,-1,0.7250271385866971,0.012477663735280777,0.008467041152218975,0.006467041152218975,0.6785758401453225,time
HCLTECH,2026-08-07,1,0.49858236244802384,0.013537303564413737,-0.0019128720418918888,-0.003912872041891889,-0.14130377093118912,time
HCLTECH,2026-08-10,1,0.40688967864648373,0.005583291109726077,-0.005583291109726077,-0.007583291109726077,-1.0,stop
HCLTECH,2026-08-11,1,0.9787904448052178,0.013120678206551287,-0.013120678206551287,-0.015120678206551287,-1.0,stop
HCLTECH,2026-08-14,-1,0.8369575920217721,0.01095590030445772,-0.0,-0.002,-0.0,time
HCLTECH,2026-08-17,-1,0.7063857365546076,0.009945744717670848,0.014918617076506272,0.012918617076506272,1.5,target
HCLTECH,2026-08-18,-1,0.5683384378295483,0.009734094977761253,0.005135242908422842,0.003135242908422842,0.5275521679370236,time
HCLTECH,2026-08-24,1,1.2407565301940107,0.014078092849942762,0.0006055471220804803,-0.0013944528779195197,0.04301343431492869,time
HCLTECH,2026-08-25,-1,0.5255055533352283,0.008000609421420772,0.012000914132131158,0.010000914132131158,1.5,target
HCLTECH,2026-08-26,-1,0.485614792533613,0.0059414430741186585,0.008912164611177989,0.006912164611177989,1.5,target
HCLTECH,2026-08-28,1,0.8367531949563977,0.009842838893915904,0.014764258340873856,0.012764258340873856,1.5,target
HCLTECH,2026-09-01,1,0.7922865690011798,0.01563904821329677,0.02345857231994515,0.02145857231994515,1.5,target
HCLTECH,2026-09-03,-1,1.6986953793736321,0.021871722534783342,-0.005182174273099263,-0.007182174273099263,-0.23693489458170822,time
HCLTECH,2026-09-10,1,0.6836782113230601,0.0072399121943798606,-0.0072399121943798606,-0.00923991219437986,-1.0,stop
HCLTECH,2026-09-11,1,1.6687060569841794,0.017895195888689347,-0.00993266792885491,-0.01193266792885491,-0.5550466164571493,time
HCLTECH,2026-09-15,1,2.2592789381165685,0.023885704604702667,-0.021387889264091613,-0.02338788926409161,-0.8954263488580831,time
HCLTECH,2026-09-21,1,1.0542759916286597,0.013121272365805169,0.019681908548707754,0.017681908548707756,1.5,target
HCLTECH,2026-09-22,-1,1.89116368706045,0.023134826724057565,-0.023134826724057565,-0.025134826724057563,-1.0,stop
HCLTECH,2026-09-29,-1,1.0747391308745806,0.016365629118236864,0.014833943930913952,0.012833943930913952,0.9064084138619458,time
HCLTECH,2026-09-30,1,0.9662339961081324,0.014037058382452268,-0.014037058382452268,-0.016037058382452268,-1.0,stop
HCLTECH,2026-10-01,1,0.4511057526684425,0.00672809324314177,-0.00672809324314177,-0.00872809324314177,-1.0,stop
HCLTECH,2026-10-05,-1,1.519151755976867,0.02400137582455909,0.012082813962572395,0.010082813962572395,0.5034217226084521,time
HCLTECH,2026-10-07,1,0.4853233943790078,0.006245315886024205,-0.006245315886024205,-0.008245315886024205,-1.0,stop
TECHM,2026-07-31,1,1.2726975824991507,0.01587883205834445,0.00848908281837639,0.006489082818376389,0.5346163236177884,time
TECHM,2026-08-04,-1,0.7625320354193617,0.00907431450308313,-0.003958587088915956,-0.005958587088915956,-0.4362408959454699,time
TECHM,2026-08-05,1,0.2384377422557836,0.0030178656763901967,0.004526798514585295,0.0025267985145852948,1.5,target
TECHM,2026-08-07,1,0.9625824621056764,0.012377634472074336,-0.012377634472074336,-0.014377634472074336,-1.0,stop
TECHM,2026-08-10,1,0.5458017445838782,0.005964588578637681,-0.005964588578637681,-0.007964588578637681,-1.0,stop
TECHM,2026-08-13,1,0.4997437872755068,0.00870415035341246,-0.00237386594199695,-0.00437386594199695,-0.27272804875966744,time
TECHM,2026-08-14,-1,0.9514207944554042,0.013559098874105658,-0.0017792652129722116,-0.0037792652129722114,-0.13122296912888098,time
TECHM,2026-08-19,-1,0.8673120716297283,0.009359311817878455,0.0013818788768059046,-0.0006181211231940955,0.14764748773154407,time
TECHM,2026-08-21,1,0.4362554469872217,0.004252688447858036,-0.004252688447858036,-0.006252688447858036,-1.0,stop
TECHM,2026-08-24,1,0.9890706230646799,0.0087043798619533,-0.0087043798619533,-0.0107043798619533,-1.0,stop
TECHM,2026-08-25,-1,1.1699202826060584,0.010614600301013138,-0.010614600301013138,-0.012614600301013138,-1.0,stop
TECHM,2026-08-26,-1,1.1895159307023784,0.009462993117948367,0.014194489676922552,0.012194489676922552,1.5,target
TECHM,2026-09-07,-1,1.3912017373035614,0.013498801046316981,-0.0005757945288976928,-0.0025757945288976927,-0.04265523485545354,time
TECHM,2026-09-10,1,0.9965749315982662,0.010630555025379664,0.015945832538069495,0.013945832538069495,1.5,target
TECHM,2026-09-18,-1,1.9255920928278687,0.015317159888702426,-0.006153056696016706,-0.008153056696016705,-0.40171002592687266,time
TECHM,2026-09-22,-1,1.4237267570313714,0.012842210672669491,-0.012842210672669491,-0.014842210672669491,-1.0,stop
TECHM,2026-09-24,1,1.9458380074507184,0.015861908293766887,-0.015861908293766887,-0.01786190829376689,-1.0,stop
TECHM,2026-09-29,-1,1.1797442456781198,0.012324763230559178,0.014998369742419302,0.012998369742419302,1.2169296449631528,time
TECHM,2026-09-30,1,1.3116173489720762,0.014708788002322918,-0.012505700912003545,-0.014505700912003545,-0.8502196720782538,time
TECHM,2026-10-01,-1,1.6775933843215471,0.0170733947078641,-0.0028128795482911194,-0.00481287954829112,-0.1647522122238228,time
TECHM,2026-10-06,-1,0.6303557181827518,0.008912756647447999,0.013369134971171998,0.011369134971171998,1.5,target
GRASIM,2026-07-31,1,0.9075850646945123,0.00526500542906943,-0.00526500542906943,-0.00726500542906943,-1.0,stop
GRASIM,2026-08-07,-1,1.1336748492650297,0.008822282708258439,-0.008822282708258439,-0.010822282708258439,-1.0,stop
GRASIM,2026-08-10,1,1.578211132389902,0.013246209100062169,0.019869313650093253,0.017869313650093255,1.5,target
GRASIM,2026-08-14,-1,1.0036676034207754,0.007496886980134758,-0.007496886980134758,-0.009496886980134758,-1.0,stop
GRASIM,2026-08-17,-1,0.5291774004645057,0.004120213391612454,-0.004120213391612454,-0.006120213391612454,-1.0,stop
GRASIM,2026-08-18,1,0.7885281443451684,0.005344490753091536,-0.005344490753091536,-0.007344490753091536,-1.0,stop
GRASIM,2026-08-19,-1,0.6866485800151648,0.007039268052406633,-0.005164161158330661,-0.007164161158330661,-0.7336218936235994,time
GRASIM,2026-08-21,1,0.8323812503656354,0.005502813384505977,0.008254220076758965,0.006254220076758965,1.5,target
GRASIM,2026-08-24,-1,0.7498150179472622,0.006578977210492544,-0.0014620031979507416,-0.0034620031979507417,-0.22222347808395687,time
GRASIM,2026-08-28,-1,0.818323679477291,0.005296366796574288,-0.005296366796574288,-0.007296366796574288,-1.0,stop
GRASIM,2026-09-01,-1,0.9319907705933799,0.0056361541525982335,0.00845423122889735,0.00645423122889735,1.5,target
GRASIM,2026-09-03,1,0.8897597422908776,0.00613676510377988,-0.00613676510377988,-0.008136765103779881,-1.0,stop
GRASIM,2026-09-11,-1,0.9190027079343568,0.005940594059405941,0.00018281726009139376,-0.0018171827399086063,0.030774238782051284,time
GRASIM,2026-09-15,-1,1.8452488698427687,0.013756320795748947,0.0175362795711125,0.0155362795711125,1.2747797780734842,time
GRASIM,2026-09-16,1,1.1083992036243544,0.007947652654929114,-0.0027847875764892244,-0.004784787576489225,-0.3503912032142102,time
GRASIM,2026-09-22,-1,0.8241443123052495,0.006112175098368349,0.009168262647552524,0.007168262647552524,1.5,target
GRASIM,2026-09-24,1,0.6791451346076002,0.003541710463567631,0.0053125656953514466,0.0033125656953514465,1.5,target
GRASIM,2026-09-25,1,0.41788972213876896,0.0036795771146780677,-0.0036795771146780677,-0.005679577114678067,-1.0,stop
GRASIM,2026-09-28,-1,0.6997172616490939,0.004480488610184303,-0.0009532888465204957,-0.0029532888465204957,-0.2127644838452748,time
GRASIM,2026-09-29,-1,0.8148835446958855,0.0040813879942004725,-0.0040813879942004725,-0.0060813879942004725,-1.0,stop
GRASIM,2026-09-30,1,1.3221179198873123,0.006341934411425243,-0.006341934411425243,-0.008341934411425243,-1.0,stop
GRASIM,2026-10-01,-1,1.3150664296536199,0.016920667659753256,0.005573120631168985,0.003573120631168985,0.3293676551797634,time
GRASIM,2026-10-06,-1,0.6793655117871119,0.004984188494262193,0.00747628274139329,0.00547628274139329,1.5,target
GRASIM,2026-10-07,-1,0.5771158913050211,0.0035418018084232674,-0.0035418018084232674,-0.005541801808423267,-1.0,stop
GRASIM,2026-10-08,-1,0.7655945316210914,0.005358130440532542,0.008037195660798812,0.006037195660798812,1.5,target
HINDALCO,2026-07-31,1,1.3757639737626164,0.009445447921562683,-0.009445447921562683,-0.011445447921562683,-1.0,stop
HINDALCO,2026-08-04,1,1.844850670408505,0.014537359875030896,0.012155792607293476,0.010155792607293476,0.836176080924573,time
HINDALCO,2026-08-06,-1,2.0064458672067578,0.0160222791706685,-0.00029224587746646364,-0.0022922458774664637,-0.018239969130076656,time
HINDALCO,2026-08-07,1,1.285959829523653,0.009952422329372806,0.014928633494059264,0.012928633494059264,1.5000000000000056,target
HINDALCO,2026-08-11,1,1.2716520965253582,0.013996229837085306,-0.013996229837085306,-0.015996229837085305,-1.0,stop
HINDALCO,2026-08-13,-1,1.713634095557882,0.017652176632981575,0.007070277609474612,0.005070277609474612,0.4005329063082456,time
HINDALCO,2026-08-18,-1,0.4786949652928665,0.005854103249460172,0.00038390058931142036,-0.0016160994106885797,0.06557803526045106,time
HINDALCO,2026-08-20,-1,1.0375009435168374,0.027167589157962538,-0.01005296218657663,-0.01205296218657663,-0.37003512266491306,time
HINDALCO,2026-08-21,1,0.6906884887607352,0.010694648159589258,-0.003757610870338138,-0.005757610870338138,-0.35135432360801044,time
HINDALCO,2026-08-24,1,0.9729993168486168,0.00912704432838933,0.0011349201895951718,-0.0008650798104048282,0.12434695710472721,time
HINDALCO,2026-08-27,-1,1.3478114900980498,0.014862651209677419,0.022293976814516128,0.020293976814516126,1.5,target
HINDALCO,2026-08-31,-1,1.783171004676975,0.019891847363607666,-0.007440845189909589,-0.009440845189909588,-0.3740650656470796,time
HINDALCO,2026-09-01,1,0.8950572473265465,0.009692681436579637,-0.009692681436579637,-0.011692681436579637,-1.0,stop
HINDALCO,2026-09-03,-1,0.6157425815611232,0.0075300076419426085,-0.0006935620880784545,-0.0026935620880784543,-0.0921064255254232,time
HINDALCO,2026-09-07,-1,0.6189250427780587,0.007248584058278379,0.0010922208446064556,-0.0009077791553935444,0.15068057924486158,time
HINDALCO,2026-09-10,-1,0.3492420769956766,0.003813399171170399,0.005720098756755599,0.003720098756755599,1.5,target
HINDALCO,2026-09-16,1,1.2533726567100834,0.011747757756854797,0.002370143997427886,0.0003701439974278858,0.20175288310187622,time
HINDALCO,2026-09-17,1,0.4489624106430168,0.004919028338814801,0.007378542508222201,0.005378542508222201,1.5,target
HINDALCO,2026-09-22,-1,0.7343253263786897,0.006443022981815347,0.009664534472723078,0.007664534472723078,1.500000000000009,target
HINDALCO,2026-09-24,-1,0.49205165231219705,0.004262673560403775,-0.004262673560403775,-0.006262673560403775,-1.0,stop
HINDALCO,2026-09-25,1,0.3969310569107776,0.003864194360162793,-0.003864194360162793,-0.005864194360162793,-1.0,stop
HINDALCO,2026-09-28,-1,1.230059718704785,0.012464610062585608,-0.0012569521228527102,-0.0032569521228527102,-0.10084167226583687,time
HINDALCO,2026-09-30,-1,1.1497038846737329,0.010050782773285845,-0.010050782773285845,-0.012050782773285845,-1.0,stop
HINDALCO,2026-10-01,-1,0.7260916792007012,0.005917159763313609,-0.005917159763313609,-0.00791715976331361,-1.0,stop
HINDALCO,2026-10-06,-1,0.7494073017940645,0.005783733712865826,0.001910206745502179,-8.979325449782094e-05,0.3302722497844176,time
HINDALCO,2026-10-07,-1,2.1937208947909475,0.016146537289947752,0.00894018217287937,0.00694018217287937,0.5536903679307887,time
CIPLA,2026-07-31,-1,0.4885215839487591,0.005450705366319904,-0.005450705366319904,-0.007450705366319904,-1.0,stop
CIPLA,2026-08-04,-1,0.6979884294426366,0.008735092481337029,-0.004195594940165062,-0.006195594940165062,-0.48031488494588515,time
CIPLA,2026-08-06,1,0.48038169097929484,0.009138911756184623,-0.0001353582307638022,-0.002135358230763802,-0.014811197916666666,time
CIPLA,2026-08-07,-1,0.5069376131127498,0.006542166707248625,0.0024533021166978524,0.0004533021166978524,0.37499841053876376,time
CIPLA,2026-08-11,-1,0.312563885381257,0.003209253104728576,0.004813879657092865,0.0028138796570928645,1.5,target
CIPLA,2026-08-12,1,0.2892561380274176,0.0036128485535957735,-0.0036128485535957735,-0.0056128485535957735,-1.0,stop
CIPLA,2026-08-17,-1,0.6867813040770219,0.007300284810916207,0.0047278374450904275,0.0027278374450904275,0.6476236979166666,time
CIPLA,2026-08-18,1,0.24713185386061495,0.0035515150319899024,-0.0035515150319899024,-0.005551515031989902,-1.0,stop
CIPLA,2026-08-19,1,0.4826486860446593,0.004132452577943483,-0.004132452577943483,-0.006132452577943483,-1.0,stop
CIPLA,2026-08-25,-1,1.1384887521957463,0.010656298931501412,-0.0035285815102328866,-0.005528581510232887,-0.3311263631880613,time
CIPLA,2026-09-02,1,0.5291085698394731,0.0037509191989561217,-0.0037509191989561217,-0.005750919198956122,-1.0,stop
CIPLA,2026-09-03,-1,0.8181986230932278,0.006127957415084199,0.009191936122626298,0.0071919361226262975,1.5,target
CIPLA,2026-09-04,-1,0.6443194954845607,0.007285037080265544,0.0010098271706639615,-0.0009901728293360385,0.13861661368882872,time
CIPLA,2026-09-10,1,0.8612834099836015,0.0061091086647727276,-0.0061091086647727276,-0.008109108664772727,-1.0,stop
CIPLA,2026-09-11,-1,1.5665980783261149,0.008912203057682968,-0.006113315995158546,-0.008113315995158545,-0.6859489124732658,time
CIPLA,2026-09-21,1,1.486241373962178,0.008798318188930615,-0.008798318188930615,-0.010798318188930615,-1.0,stop
CIPLA,2026-09-23,1,0.7522008207988441,0.004762230658541095,-0.004762230658541095,-0.006762230658541095,-1.0,stop
CIPLA,2026-09-28,-1,0.913757141142273,0.004953979108168071,0.006533671264519732,0.004533671264519732,1.3188733989101975,time
CIPLA,2026-09-30,-1,1.085418221584338,0.008384368769828305,0.012576553154742457,0.010576553154742457,1.5,target
CIPLA,2026-10-05,-1,1.5203701304935722,0.009077155824508321,-0.009077155824508321,-0.011077155824508321,-1.0,stop
CIPLA,2026-10-06,-1,1.256500618075856,0.00860175199859849,-0.00860175199859849,-0.01060175199859849,-1.0,stop
DRREDDY,2026-08-04,-1,0.6007750573108317,0.007826694795229064,-0.007826694795229064,-0.009826694795229064,-1.0,stop
DRREDDY,2026-08-05,-1,0.627794518681257,0.007918704411447333,-0.007918704411447333,-0.009918704411447333,-1.0,stop
DRREDDY,2026-08-06,-1,0.36420635077404856,0.0049639906167590914,-0.0022252443783038725,-0.004225244378303872,-0.44827731357733674,time
DRREDDY,2026-08-07,1,0.3423150726726474,0.004865515298228766,-0.004865515298228766,-0.006865515298228766,-1.0,stop
DRREDDY,2026-08-12,-1,0.7304541035415116,0.009304254472705364,-0.00586756077116513,-0.007867560771165131,-0.6306320176837382,time
DRREDDY,2026-08-13,-1,0.8494174745255475,0.00808827650894752,-0.00808827650894752,-0.01008827650894752,-1.0,stop
DRREDDY,2026-08-14,-1,0.29558254817338203,0.00501378812134526,-0.0027576242690520785,-0.004757624269052079,-0.5500081380208334,time
DRREDDY,2026-08-17,-1,1.1386334648315428,0.012925614141470391,-0.007011953341645294,-0.009011953341645295,-0.5424851202348848,time
DRREDDY,2026-08-28,1,0.3770589998156168,0.0038074286378248575,-0.0038074286378248575,-0.005807428637824857,-1.0,stop
DRREDDY,2026-08-31,-1,0.6524512893306521,0.004706486492302289,-0.004706486492302289,-0.006706486492302289,-1.0,stop
DRREDDY,2026-09-01,1,0.7273865592515544,0.0042585811293495155,-0.0042585811293495155,-0.0062585811293495155,-1.0,stop
DRREDDY,2026-09-17,1,0.7019819883373501,0.006604186073844262,0.009906279110766393,0.007906279110766393,1.5,target
DRREDDY,2026-09-18,1,1.618194060908905,0.0097079047191632,-0.008285232414249158,-0.010285232414249158,-0.8534521767497658,time
DRREDDY,2026-09-21,1,1.6202457495285318,0.009757277466508032,-0.0006671059745636451,-0.0026671059745636454,-0.06837009369196419,time
DRREDDY,2026-09-22,1,0.7328721186227565,0.009711974344135803,-0.0032921810699588477,-0.005292181069958848,-0.3389816481492976,time
DRREDDY,2026-09-23,1,1.5472574884543677,0.009202162021639272,-0.004847608686560119,-0.006847608686560119,-0.5267901907356948,time
DRREDDY,2026-09-25,-1,0.9513805826482952,0.00650709030270628,-0.00650709030270628,-0.00850709030270628,-1.0,stop
DRREDDY,2026-09-30,-1,2.3164242795477024,0.02079901862053926,-0.02079901862053926,-0.022799018620539263,-1.0,stop
EICHERMOT,2026-07-31,-1,1.0586618783328057,0.009352978859705317,-0.009352978859705317,-0.011352978859705317,-1.0,stop
EICHERMOT,2026-08-04,-1,1.0580353011385424,0.007856200113129281,0.0025768336371064043,0.0005768336371064042,0.328,time
EICHERMOT,2026-08-05,1,0.49056828740642605,0.004406672961913755,0.0066100094428706326,0.0046100094428706325,1.5,target
EICHERMOT,2026-08-06,1,0.8933879194016601,0.007100149476831091,-0.007100149476831091,-0.00910014947683109,-1.0,stop
EICHERMOT,2026-08-11,1,1.0004895344981015,0.008821519537802075,-0.008821519537802075,-0.010821519537802075,-1.0,stop
EICHERMOT,2026-08-12,-1,0.2913118043140775,0.0026915373059589382,0.0040373059589384076,0.0020373059589384075,1.5,target
EICHERMOT,2026-08-13,-1,0.32882632030345127,0.0034884445275026473,-0.0034884445275026473,-0.005488444527502648,-1.0,stop
EICHERMOT,2026-08-14,1,0.8237118119289087,0.005937287401818294,-0.0022264827756818604,-0.004226482775681861,-0.375,time
EICHERMOT,2026-08-21,-1,1.0373580655587507,0.007893101305158483,0.00435052827843381,0.00235052827843381,0.5511811023622047,time
EICHERMOT,2026-08-25,-1,0.4095033820315085,0.0036309002128458744,-0.0036309002128458744,-0.005630900212845874,-1.0,stop
EICHERMOT,2026-08-31,-1,0.40589519581496125,0.004268139593271403,-0.004268139593271403,-0.006268139593271403,-1.0,stop
EICHERMOT,2026-09-02,-1,2.1832974542427888,0.017659615757810984,0.026489423636716476,0.024489423636716474,1.5,target
EICHERMOT,2026-09-03,-1,1.5823029906936257,0.012177556632185412,-0.006939897865654052,-0.008939897865654052,-0.5698924731182796,time
EICHERMOT,2026-09-09,-1,0.6467317435923167,0.0057306590257879654,-0.0057306590257879654,-0.0077306590257879655,-1.0,stop
EICHERMOT,2026-09-10,-1,1.2411055908840025,0.01268305439330544,-0.006406903765690377,-0.008406903765690376,-0.5051546391752577,time
EICHERMOT,2026-09-17,1,0.5716669364489978,0.0067630287760244,-0.006298899350218804,-0.008298899350218804,-0.9313725490196079,time
EICHERMOT,2026-09-18,1,0.6260109641021505,0.0037753344813882634,-0.0037753344813882634,-0.0057753344813882635,-1.0,stop
EICHERMOT,2026-09-28,-1,0.5975579043970932,0.00480670191581405,0.007210052873721074,0.0052100528737210735,1.5,target
EICHERMOT,2026-09-29,1,1.0050370445805308,0.006706305309734513,-0.006706305309734513,-0.008706305309734513,-1.0,stop
EICHERMOT,2026-10-01,-1,1.9450625000951025,0.020918697433685574,0.005103874631586514,0.0031038746315865144,0.24398625429553264,time
EICHERMOT,2026-10-05,-1,1.1237045896378843,0.008755426917510854,-0.008755426917510854,-0.010755426917510854,-1.0,stop
BRITANNIA,2026-07-31,-1,0.8858908546169154,0.008348019664224098,-0.004730544476393655,-0.006730544476393655,-0.5666666666666667,time
BRITANNIA,2026-08-03,1,1.1103496580753438,0.006882628246306323,0.010323942369459485,0.008323942369459485,1.5,target
BRITANNIA,2026-08-06,-1,0.47373090070677476,0.002856616291927755,0.0042849244378916325,0.0022849244378916325,1.5,target
BRITANNIA,2026-08-12,1,1.0578185376752343,0.007494646680942184,0.0074054246966452535,0.0054054246966452535,0.9880952380952381,time
BRITANNIA,2026-08-18,-1,0.9550360537902595,0.007090264521407145,-0.007090264521407145,-0.009090264521407144,-1.0,stop
BRITANNIA,2026-08-19,1,0.9796427588980837,0.008047016274864377,-0.008047016274864377,-0.010047016274864377,-1.0,stop
BRITANNIA,2026-08-27,1,0.7249354024988957,0.004487658937920718,-0.004487658937920718,-0.006487658937920718,-1.0,stop
BRITANNIA,2026-08-28,1,1.2238687463560494,0.010280373831775701,-0.010280373831775701,-0.012280373831775701,-1.0,stop
BRITANNIA,2026-08-31,-1,0.8812254940644504,0.00570287995437696,0.001996007984031936,-3.992015968064082e-06,0.35,time
BRITANNIA,2026-09-03,-1,0.6734321243237684,0.006871502895847649,-0.006871502895847649,-0.00887150289584765,-1.0,stop
BRITANNIA,2026-09-07,-1,1.1155228661276022,0.011390649762282093,0.001089540412044374,-0.000910459587955626,0.09565217391304348,time
BRITANNIA,2026-09-08,1,0.7719850468724186,0.005653640150763737,0.008480460226145606,0.006480460226145606,1.5,target
BRITANNIA,2026-09-09,-1,0.39751621777506896,0.004273079598529266,-0.004273079598529266,-0.006273079598529266,-1.0,stop
BRITANNIA,2026-09-11,-1,1.1184773275321966,0.008379606259464916,-0.008379606259464916,-0.010379606259464916,-1.0,stop
BRITANNIA,2026-09-15,1,0.4098663180709717,0.005679553607014747,-0.005679553607014747,-0.007679553607014747,-1.0,stop
BRITANNIA,2026-09-17,1,0.7794989653552614,0.006957558890766325,-0.006957558890766325,-0.008957558890766326,-1.0,stop
BRITANNIA,2026-09-22,-1,0.7119083447231289,0.006419901695255291,0.009629852542882938,0.007629852542882938,1.5,target
BRITANNIA,2026-09-23,1,0.9026254946683185,0.0054733427934319885,-0.0008108655990269613,-0.0028108655990269613,-0.14814814814814814,time
BRITANNIA,2026-09-25,-1,0.7494011535859038,0.005323505323505323,-0.005323505323505323,-0.007323505323505323,-1.0,stop
BRITANNIA,2026-09-29,-1,1.000056934821591,0.008543489449305199,0.004632012352032939,0.002632012352032939,0.5421686746987951,time
BRITANNIA,2026-09-30,-1,1.3270195558311404,0.01153523489932886,-0.01153523489932886,-0.01353523489932886,-1.0,stop
BRITANNIA,2026-10-05,-1,1.1075884233314024,0.006177234147909054,0.001172647948264846,-0.0008273520517351541,0.1898338188559322,time
APOLLOHOSP,2026-08-05,-1,2.667946576296075,0.012674701522095853,-0.012674701522095853,-0.014674701522095853,-1.0,stop
APOLLOHOSP,2026-08-06,1,1.036951903818117,0.005906279601047529,-0.005906279601047529,-0.00790627960104753,-1.0,stop
APOLLOHOSP,2026-08-11,-1,1.0876243534522605,0.006619544485582857,0.009929316728374285,0.007929316728374285,1.5,target
APOLLOHOSP,2026-08-12,-1,2.0714390309835666,0.013888888888888888,0.004976851851851852,0.002976851851851852,0.35833333333333334,time
APOLLOHOSP,2026-08-21,-1,1.1635698840979096,0.0082454016029522,-0.0024793864959926195,-0.0044793864959926195,-0.3006993006993007,time
APOLLOHOSP,2026-08-25,1,0.39457884479376854,0.003457615397913905,0.0051864230968708585,0.0031864230968708584,1.5,target
APOLLOHOSP,2026-08-27,-1,0.7053315880922751,0.008595662321398075,-0.001878522229179712,-0.0038785222291797122,-0.2185430463576159,time
APOLLOHOSP,2026-09-03,-1,0.585396274808059,0.004559095106186519,-0.004559095106186519,-0.006559095106186519,-1.0,stop
APOLLOHOSP,2026-09-09,1,0.647649196455707,0.010280898876404494,0.00752808988764045,0.00552808988764045,0.73224043715847,time
APOLLOHOSP,2026-09-10,-1,1.1240934366510693,0.0059099018733273865,0.008864852809991079,0.006864852809991079,1.5,target
APOLLOHOSP,2026-09-15,-1,0.8480274580948712,0.005915826243732041,0.008873739365598063,0.0068737393655980625,1.5,target
APOLLOHOSP,2026-09-17,1,1.123932908181369,0.008842489588681614,0.0004563865594158252,-0.0015436134405841747,0.05161290322580645,time
APOLLOHOSP,2026-09-18,1,0.8045634889413706,0.004460504771046242,-0.004460504771046242,-0.006460504771046242,-1.0,stop
APOLLOHOSP,2026-09-22,-1,0.6435706403631574,0.004984318996415771,0.007476478494623656,0.005476478494623656,1.5,target
APOLLOHOSP,2026-09-25,-1,0.7162231351276532,0.005691423419362109,-0.0018032232615800743,-0.003803223261580074,-0.31683168316831684,time
APOLLOHOSP,2026-09-29,-1,0.5962400960540222,0.0046257121904439555,0.006938568285665934,0.004938568285665934,1.5,target
APOLLOHOSP,2026-09-30,-1,1.0969325320770529,0.017338995046001414,0.026008492569002124,0.024008492569002123,1.5,target
APOLLOHOSP,2026-10-06,-1,3.0213851611469997,0.01971795035415736,-0.010082317656818328,-0.012082317656818328,-0.511326860841424,time
BPCL,2026-07-31,-1,0.3717963051725987,0.004595190185786342,-0.004595190185786342,-0.006595190185786342,-1.0,stop
BPCL,2026-08-04,-1,0.712343738556507,0.004930681366766178,0.007396022050149268,0.005396022050149268,1.5,target
BPCL,2026-08-06,-1,1.0633675847801978,0.009585671496666422,-0.009585671496666422,-0.011585671496666422,-1.0,stop
BPCL,2026-08-07,-1,0.41415592801271756,0.0035765027452059734,-0.0035765027452059734,-0.005576502745205974,-1.0,stop
BPCL,2026-08-10,-1,1.0036179699710017,0.00944435717816396,-0.002675920415073657,-0.004675920415073657,-0.2833353678385417,time
BPCL,2026-08-11,1,0.5391019570644248,0.005038499913218787,-0.005038499913218787,-0.007038499913218787,-1.0,stop
BPCL,2026-08-12,-1,0.8179638542568819,0.008723235527359239,-0.0055511498810467885,-0.0075511498810467885,-0.6363636363636364,time
BPCL,2026-08-13,-1,1.099031284588274,0.009265156218799921,-0.006389776357827476,-0.008389776357827476,-0.6896566239068896,time
BPCL,2026-08-14,1,0.6844365600611525,0.006639189588941811,0.009958784383412717,0.007958784383412717,1.5,target
BPCL,2026-08-18,1,1.1336028726133633,0.009010356294426813,-0.009010356294426813,-0.011010356294426813,-1.0,stop
BPCL,2026-08-20,-1,0.8317697121044235,0.007020388233418368,-0.007020388233418368,-0.009020388233418369,-1.0,stop
BPCL,2026-08-27,-1,0.6981132283030953,0.0075495248271878505,-0.0075495248271878505,-0.00954952482718785,-1.0,stop
BPCL,2026-08-28,-1,0.45085499854004313,0.003948199544858188,-0.003948199544858188,-0.0059481995448581884,-1.0,stop
BPCL,2026-08-31,-1,2.0172530050402817,0.015258593595445322,-0.015258593595445322,-0.01725859359544532,-1.0,stop
BPCL,2026-09-02,1,1.3215424474443485,0.009656540293202566,0.011872724165061398,0.009872724165061398,1.229500815464815,time
BPCL,2026-09-03,1,0.6057724923996998,0.005150597362408689,-0.005150597362408689,-0.007150597362408689,-1.0,stop
BPCL,2026-09-04,-1,0.47091353106677575,0.003918495297805642,-0.003918495297805642,-0.005918495297805642,-1.0,stop
BPCL,2026-09-07,-1,1.2011116736856176,0.008280274215017914,0.0035032041513236465,0.0015032041513236465,0.42307827740413395,time
BPCL,2026-09-09,1,1.8537763852980844,0.016455487574670642,-0.000987389516275556,-0.002987389516275556,-0.060003662109375,time
BPCL,2026-09-10,1,1.4486515650532314,0.010971036635184972,-0.010971036635184972,-0.012971036635184972,-1.0,stop
BPCL,2026-09-11,-1,1.0033747274248275,0.007744066642992424,-0.007744066642992424,-0.009744066642992424,-1.0,stop
BPCL,2026-09-15,1,0.7907298755450604,0.007857339394819815,-0.007857339394819815,-0.009857339394819815,-1.0,stop
BPCL,2026-09-28,-1,0.995735290478399,0.008353768363533989,0.012530652545300983,0.010530652545300983,1.5,target
BPCL,2026-09-29,-1,0.9390341326892347,0.008659470786063697,0.0029974817534866778,0.0009974817534866777,0.34615068605702076,time
BPCL,2026-10-01,-1,1.3034941565427012,0.012048213690055374,-0.012048213690055374,-0.014048213690055374,-1.0,stop
BPCL,2026-10-06,1,0.5434541827996375,0.006688963210702341,-0.006688963210702341,-0.008688963210702342,-1.0,stop
BPCL,2026-10-08,-1,0.5645267063621892,0.009592389068496647,0.014388583602744972,0.012388583602744972,1.5,target
HEROMOTOCO,2026-08-04,1,0.8921436352366278,0.006036217303822937,0.009054325955734407,0.007054325955734407,1.5,target
HEROMOTOCO,2026-08-06,-1,0.6639759296918206,0.006846270116475504,-0.006846270116475504,-0.008846270116475504,-1.0,stop
HEROMOTOCO,2026-08-07,1,2.418745315413142,0.018796662274923145,0.005709266578831796,0.003709266578831796,0.3037383177570093,time
HEROMOTOCO,2026-08-12,1,0.9908833118366329,0.011000169233372822,-0.0023692672194956846,-0.004369267219495685,-0.2153846153846154,time
HEROMOTOCO,2026-08-13,-1,0.5417550573289561,0.005349864130434783,0.008024796195652174,0.006024796195652174,1.5,target
HEROMOTOCO,2026-08-14,-1,0.5339228289147011,0.005682796624763217,-0.005682796624763217,-0.007682796624763217,-1.0,stop
HEROMOTOCO,2026-08-18,1,0.7243724471743148,0.005726184279021343,-0.005726184279021343,-0.007726184279021343,-1.0,stop
HEROMOTOCO,2026-08-21,-1,0.7148999718310067,0.0058823529411764705,0.008823529411764706,0.006823529411764706,1.5,target
HEROMOTOCO,2026-08-26,-1,0.7698030412019442,0.006587146163432437,-0.006587146163432437,-0.008587146163432438,-1.0,stop
HEROMOTOCO,2026-08-28,1,2.1706605562647967,0.017765144785930005,-0.005151891987919701,-0.007151891987919701,-0.29,time
HEROMOTOCO,2026-08-31,1,0.3182351154748631,0.0033943724877177313,-0.0033943724877177313,-0.005394372487717731,-1.0,stop
HEROMOTOCO,2026-09-02,-1,0.893521508571958,0.009878138847858198,0.014817208271787298,0.012817208271787298,1.5,target
HEROMOTOCO,2026-09-03,-1,0.7026809908858116,0.006539044730856709,-0.006159969673995451,-0.008159969673995451,-0.9420289855072463,time
HEROMOTOCO,2026-09-09,-1,0.6585674398719785,0.010019083969465648,0.004198473282442748,0.0021984732824427483,0.41904761904761906,time
HEROMOTOCO,2026-09-11,-1,0.5326465265728264,0.005201309959545367,-0.005201309959545367,-0.007201309959545367,-1.0,stop
HEROMOTOCO,2026-09-17,1,0.7467068137929586,0.007006912224221191,0.010510368336331786,0.008510368336331786,1.5,target
HEROMOTOCO,2026-09-23,1,0.87488747299304,0.00638475062459517,-0.00638475062459517,-0.00838475062459517,-1.0,stop
HEROMOTOCO,2026-09-25,-1,0.7073492994988,0.004799096640632352,-0.004799096640632352,-0.006799096640632352,-1.0,stop
HEROMOTOCO,2026-09-28,-1,1.1577521561001167,0.008729935229512813,-0.008729935229512813,-0.010729935229512813,-1.0,stop
HEROMOTOCO,2026-09-29,-1,0.8690502664065066,0.006272820896919764,-0.006272820896919764,-0.008272820896919764,-1.0,stop
HEROMOTOCO,2026-09-30,1,1.777758781683222,0.011589559973617262,-0.011589559973617262,-0.013589559973617263,-1.0,stop
HEROMOTOCO,2026-10-05,-1,2.0460996997077547,0.025742183647302495,-0.003945162244797317,-0.005945162244797317,-0.1532567049808429,time
HEROMOTOCO,2026-10-06,-1,1.0811894182555815,0.01367826345524829,-0.0060461889186242445,-0.008046188918624245,-0.4420289855072464,time
HEROMOTOCO,2026-10-07,-1,1.317372013555899,0.009947279419078883,0.004476275738585497,0.0024762757385854966,0.45,time
HEROMOTOCO,2026-10-08,-1,0.9731232592715547,0.007876401090578612,0.011814601635867918,0.009814601635867918,1.5,target
INDUSINDBK,2026-07-31,-1,1.0392838124099355,0.010391240409867086,-0.010391240409867086,-0.012391240409867086,-1.0,stop
INDUSINDBK,2026-08-04,1,0.5815687081680956,0.004794544436460261,-0.004794544436460261,-0.006794544436460261,-1.0,stop
INDUSINDBK,2026-08-05,1,1.0743880301653008,0.008799899236803781,-0.008799899236803781,-0.010799899236803781,-1.0,stop
INDUSINDBK,2026-08-06,1,0.6009096417257711,0.003921953038777521,0.005882929558166394,0.0038829295581663936,1.5000000000000284,target
INDUSINDBK,2026-08-07,1,0.4059222848020456,0.0029644268774703555,-0.0029644268774703555,-0.004964426877470356,-1.0,stop
INDUSINDBK,2026-08-12,1,0.664650337177426,0.004745944939941642,0.007118917409912463,0.005118917409912463,1.5,target
INDUSINDBK,2026-08-13,-1,0.5674997853614763,0.005043488453690149,-0.005043488453690149,-0.007043488453690149,-1.0,stop
INDUSINDBK,2026-08-17,-1,1.7484839998136696,0.011904761904761904,-0.0025793408590650928,-0.004579340859065093,-0.2166646321614678,time
INDUSINDBK,2026-08-18,1,1.3941259991779347,0.010124828385493804,-0.002260874688457012,-0.0042608746884570114,-0.22330005036887796,time
INDUSINDBK,2026-08-21,-1,0.7285840663168072,0.00679319459837038,-0.004595380205731882,-0.006595380205731882,-0.6764682122950325,time
INDUSINDBK,2026-08-24,1,0.602770238482795,0.0049504950495049506,-0.0049504950495049506,-0.006950495049504951,-1.0,stop
INDUSINDBK,2026-08-26,1,0.8960152857673173,0.006789297905917087,-0.006789297905917087,-0.008789297905917086,-1.0,stop
INDUSINDBK,2026-08-28,-1,0.6483363397786923,0.005433713504117539,-0.005433713504117539,-0.007433713504117539,-1.0,stop
INDUSINDBK,2026-08-31,-1,1.4289307021778568,0.009768047151335463,-0.009768047151335463,-0.011768047151335463,-1.0,stop
INDUSINDBK,2026-09-01,-1,0.7615425420376197,0.005431465814327389,-0.005431465814327389,-0.007431465814327389,-1.0,stop
INDUSINDBK,2026-09-03,1,1.7042653697892742,0.011491960094820954,0.012903213500976562,0.010903213500976562,1.1228035421730722,time
INDUSINDBK,2026-09-04,-1,0.6039690878781977,0.0041016773921891195,-0.0041016773921891195,-0.0061016773921891195,-1.0,stop
INDUSINDBK,2026-09-10,-1,0.8317505959205688,0.0050115264496583545,0.007517289674487532,0.005517289674487532,1.5,target
INDUSINDBK,2026-09-11,-1,1.290068877782025,0.00837669932308302,0.0007151008168072534,-0.0012848991831927465,0.08536785065648778,time
INDUSINDBK,2026-09-15,-1,2.5129580884265392,0.015305054594590228,0.010858324715615306,0.008858324715615306,0.7094600446216848,time
INDUSINDBK,2026-09-17,1,1.5157356580813681,0.010543936072317907,0.00031317234087384344,-0.0016868276591261566,0.02970165398631801,time
INDUSINDBK,2026-09-23,1,0.7516084245031689,0.00800916581183156,-0.0021843525772464283,-0.004184352577246428,-0.272731596344227,time
INDUSINDBK,2026-09-28,-1,1.1211552288855255,0.007214206437291898,0.010821309655937847,0.008821309655937847,1.5,target
INDUSINDBK,2026-10-01,1,0.7511015513363012,0.006401692186433248,-0.006401692186433248,-0.008401692186433248,-1.0,stop
INDUSINDBK,2026-10-06,1,1.6062610075691328,0.012276785714285714,0.011272294180733944,0.009272294180733944,0.9181795987216013,time
INDUSINDBK,2026-10-08,-1,1.1242511746864066,0.010721064801540581,0.003977188493263687,0.0019771884932636872,0.37096954144817584,time
SBILIFE,2026-08-05,1,0.8035187850977153,0.0074337596968212455,-0.0018053546041047204,-0.0038053546041047206,-0.24285888671875,time
SBILIFE,2026-08-10,-1,1.1123641141407785,0.010089490418192173,-0.010089490418192173,-0.012089490418192173,-1.0,stop
SBILIFE,2026-08-14,-1,0.8669211594483843,0.007160712969227033,0.0036081043574798777,0.0016081043574798777,0.5038750153770452,time
SBILIFE,2026-08-18,-1,0.9634390308490004,0.0074614579680925665,0.0025245441795231417,0.0005245441795231416,0.33834462250123903,time
SBILIFE,2026-08-20,1,0.47850308999062624,0.0036373810856183547,-0.0036373810856183547,-0.005637381085618355,-1.0,stop
SBILIFE,2026-08-24,-1,0.5648480120422006,0.004523862376954761,0.006785793565432142,0.004785793565432142,1.5,target
SBILIFE,2026-08-26,1,1.0000684922673126,0.010820770925090534,-0.008634236726205032,-0.010634236726205032,-0.7979317542139718,time
SBILIFE,2026-08-27,-1,0.7723264675346188,0.0050856078704417116,-0.0050856078704417116,-0.007085607870441712,-1.0,stop
SBILIFE,2026-08-28,-1,1.205745689758979,0.007153386744234285,0.00017034678322138243,-0.0018296532167786177,0.023813445199042813,time
SBILIFE,2026-09-01,-1,0.7819699667704385,0.008146036967508027,-0.008146036967508027,-0.010146036967508027,-1.0,stop
SBILIFE,2026-09-02,-1,1.0800470821190689,0.00721518945084056,-0.00721518945084056,-0.00921518945084056,-1.0,stop
SBILIFE,2026-09-07,-1,0.8708152057902482,0.008090288079547116,0.012135432119320673,0.010135432119320673,1.5,target
SBILIFE,2026-09-09,-1,1.1564697089092193,0.00906884538529569,0.0018374581416616192,-0.00016254185833838083,0.2026121367821411,time
SBILIFE,2026-09-10,-1,0.48495169815818195,0.0040552997136210755,-0.0040552997136210755,-0.0060552997136210755,-1.0,stop
SBILIFE,2026-09-11,-1,1.2660473464217854,0.007887631414326262,-0.007887631414326262,-0.009887631414326262,-1.0,stop
SBILIFE,2026-09-15,-1,0.6375928532160063,0.005561897592197545,0.008342846388296318,0.006342846388296318,1.5,target
SBILIFE,2026-09-17,1,1.1415266822590664,0.009437265876868406,0.014155898815302609,0.012155898815302608,1.5,target
SBILIFE,2026-09-21,1,1.0738612592083774,0.008969420145799541,0.003199254746246969,0.001199254746246969,0.3566846790809781,time
SBILIFE,2026-09-23,-1,1.3692159975027283,0.00931431361607143,-0.00931431361607143,-0.01131431361607143,-1.0,stop
SBILIFE,2026-09-25,-1,1.23156786002075,0.00895109889193948,0.00045905944784828314,-0.001540940552151717,0.0512852615517039,time
SBILIFE,2026-10-05,-1,1.1128421890198066,0.008250988478718769,-0.008250988478718769,-0.010250988478718769,-1.0,stop
SBILIFE,2026-10-07,1,2.0313172066983256,0.012928313822535994,0.0006956641862664566,-0.0013043358137335434,0.053809351769741956,time
SBILIFE,2026-10-08,-1,0.9219933714621268,0.007425448389399215,0.011138172584098823,0.009138172584098823,1.5,target
HDFCLIFE,2026-07-31,-1,0.5794912794280713,0.004489968042255365,-0.004489968042255365,-0.006489968042255365,-1.0,stop
HDFCLIFE,2026-08-03,-1,0.6662704263188605,0.0053553822960477225,-0.0053553822960477225,-0.0073553822960477225,-1.0,stop
HDFCLIFE,2026-08-04,-1,0.831418874641163,0.006957136045482924,0.010435704068224385,0.008435704068224385,1.5,target
HDFCLIFE,2026-08-05,1,0.6154935884304521,0.004915988199454358,0.007373982299181537,0.0053739822991815366,1.5,target
HDFCLIFE,2026-08-06,-1,0.5501290845910424,0.007030504704845051,-0.007030504704845051,-0.009030504704845052,-1.0,stop
HDFCLIFE,2026-08-07,-1,0.36207463702774434,0.0030496709200442257,-0.0030496709200442257,-0.005049670920044226,-1.0,stop
HDFCLIFE,2026-08-10,-1,1.3670663929381348,0.010955010460557116,-0.010955010460557116,-0.012955010460557116,-1.0,stop
HDFCLIFE,2026-08-11,-1,0.7559016578647587,0.008130795487733645,-0.001869158878504673,-0.003869158878504673,-0.22988634769187596,time
HDFCLIFE,2026-08-12,-1,0.5005250331506643,0.004685157635651671,-0.004685157635651671,-0.006685157635651671,-1.0,stop
HDFCLIFE,2026-08-14,-1,0.7141594386505069,0.003818662422192536,-0.003818662422192536,-0.005818662422192537,-1.0,stop
HDFCLIFE,2026-08-18,-1,0.8134673918532661,0.003801201259725816,-0.003801201259725816,-0.005801201259725816,-1.0,stop
HDFCLIFE,2026-08-24,-1,0.7903327181824428,0.00625512153637515,-0.0025383454719393756,-0.004538345471939376,-0.40580274214949136,time
HDFCLIFE,2026-08-26,1,0.8679527764448174,0.008122743682310469,0.012184115523465704,0.010184115523465704,1.5,target
HDFCLIFE,2026-08-27,-1,0.6781379075807494,0.0037946792433935016,0.005692018865090252,0.003692018865090252,1.5,target
HDFCLIFE,2026-08-31,1,1.7202671985383853,0.010003693702545249,-0.0026615496320133436,-0.004661549632013344,-0.26605668977411445,time
HDFCLIFE,2026-09-03,1,0.542425398458168,0.0038086164291105435,-0.0038086164291105435,-0.005808616429110543,-1.0,stop
HDFCLIFE,2026-09-04,1,2.2032976837176648,0.015307981567878532,0.007746241446832606,0.005746241446832606,0.5060263113385839,time
HDFCLIFE,2026-09-07,-1,1.1525849403196393,0.008062976062905469,0.011677456520794717,0.009677456520794717,1.4482811842289884,time
HDFCLIFE,2026-09-09,-1,1.7488638217813477,0.01791183062440134,0.01532567049808429,0.01332567049808429,0.8556172073895163,time
HDFCLIFE,2026-09-10,1,0.4497730762451317,0.002526701249696307,-0.002526701249696307,-0.004526701249696307,-1.0,stop
HDFCLIFE,2026-09-11,1,0.600411799471617,0.003926427674447042,0.005889641511670563,0.003889641511670563,1.5,target
HDFCLIFE,2026-09-16,1,1.6521173832292326,0.013793760153656246,0.0087519726688831,0.0067519726688831,0.6344878098060345,time
HDFCLIFE,2026-09-17,1,1.7103840248207216,0.013029315960912053,0.019543973941368076,0.017543973941368078,1.5,target
HDFCLIFE,2026-09-22,1,0.9073062220561628,0.005936515432225287,-0.005936515432225287,-0.007936515432225287,-1.0,stop
HDFCLIFE,2026-09-23,-1,1.024655273108166,0.008073196632401278,-0.008073196632401278,-0.010073196632401278,-1.0,stop
HDFCLIFE,2026-09-25,-1,1.3334758499841686,0.009619024367559523,0.014428536551339285,0.012428536551339285,1.5,target
HDFCLIFE,2026-09-28,1,1.2878599413330247,0.009505859375,-0.009505859375,-0.011505859375,-1.0,stop
HDFCLIFE,2026-09-29,-1,1.820914071815586,0.014107438744601727,-0.00489441035118762,-0.00689441035118762,-0.34693826709405257,time
HDFCLIFE,2026-10-01,1,2.5815998999215393,0.01919989396635787,0.010498415845379305,0.008498415845379305,0.5467955116718181,time
HDFCLIFE,2026-10-05,-1,0.6120631870828049,0.00570197729250387,0.008552965938755805,0.006552965938755805,1.5,target
TATACONSUM,2026-08-03,1,0.724974046975793,0.005504082317564453,0.008256123476346678,0.006256123476346678,1.5,target
TATACONSUM,2026-08-11,-1,1.1489608369815791,0.010066807441697934,0.0151002111625469,0.0131002111625469,1.5,target
TATACONSUM,2026-08-12,-1,0.8419483204224021,0.009470206831633849,0.004313151041666667,0.002313151041666667,0.45544422823577757,time
TATACONSUM,2026-08-14,-1,0.5672588809717964,0.004698705980489219,-0.004698705980489219,-0.0066987059804892194,-1.0,stop
TATACONSUM,2026-08-17,-1,0.7619532060482205,0.006051014983671305,0.0014894578836947827,-0.0005105421163052173,0.24615009014423078,time
TATACONSUM,2026-08-19,1,0.9290740587355695,0.008698023926787037,-0.008698023926787037,-0.010698023926787037,-1.0,stop
TATACONSUM,2026-08-20,-1,0.7239119356991781,0.005426577931177839,0.008139866896766759,0.006139866896766759,1.5,target
TATACONSUM,2026-08-21,-1,0.6078212467712498,0.004637539775964117,0.006956309663946176,0.004956309663946176,1.5,target
TATACONSUM,2026-08-26,-1,1.132590196312029,0.009043312708234174,0.003236577262315564,0.0012365772623155638,0.3578973067434211,time
TATACONSUM,2026-08-28,-1,0.71163052774615,0.005206850391652561,-0.003471194359930051,-0.0054711943599300514,-0.6666591314962588,time
TATACONSUM,2026-08-31,-1,0.4957517129062979,0.0031050585270663623,-0.0031050585270663623,-0.005105058527066362,-1.0,stop
TATACONSUM,2026-09-01,-1,1.3037394284376997,0.007476406436882752,-0.007476406436882752,-0.009476406436882752,-1.0,stop
TATACONSUM,2026-09-02,-1,1.0186882364786745,0.007254925896139706,0.00784313725490196,0.005843137254901961,1.0810775143927023,time
TATACONSUM,2026-09-03,-1,0.7230924446054116,0.006045027022770095,-0.006045027022770095,-0.008045027022770095,-1.0,stop
TATACONSUM,2026-09-04,-1,1.5210317292374278,0.00857904784190962,0.004042969810317455,0.002042969810317455,0.47126090037254365,time
TATACONSUM,2026-09-07,-1,0.5828986721582623,0.003667312005492361,-0.003667312005492361,-0.005667312005492361,-1.0,stop
TATACONSUM,2026-09-10,1,0.44398355221310876,0.002586586340548245,-0.002586586340548245,-0.004586586340548245,-1.0,stop
TATACONSUM,2026-09-16,1,1.7773177221959962,0.010874951124071866,-0.0021949638170459225,-0.004194963817045923,-0.20183666041379603,time
TATACONSUM,2026-09-17,1,0.7681408431316826,0.004963764579164925,-0.004963764579164925,-0.006963764579164925,-1.0,stop
TATACONSUM,2026-09-18,-1,1.2186178432348203,0.007532185912723106,0.011298278869084716,0.009298278869084716,1.5000000000000075,target
TATACONSUM,2026-09-22,-1,0.5152731079127827,0.0038976858976821236,0.005846528846523242,0.0038465288465232422,1.5000000000000147,target
TATACONSUM,2026-09-23,1,0.9406862394493082,0.005049995074528729,0.004242008191693555,0.0022420081916935553,0.8400024414062273,time
TATACONSUM,2026-09-28,-1,1.9683178351386406,0.01123945612627644,0.010105163865047227,0.008105163865047227,0.8990794351180944,time
TATACONSUM,2026-09-29,-1,1.4868594940206532,0.010438413361169102,-0.01012527370253784,-0.01212527370253784,-0.970001220703125,time
TATACONSUM,2026-09-30,-1,0.7557440717379107,0.0043659170551260396,0.006548875582689059,0.004548875582689059,1.5,target
TATACONSUM,2026-10-01,1,1.4214810110003808,0.0083849673405805,-0.0083849673405805,-0.0103849673405805,-1.0,stop
TATACONSUM,2026-10-05,-1,1.24864118065461,0.008915460229009228,-0.0003670815785354113,-0.0023670815785354115,-0.04117359834560161,time
DIVISLAB,2026-08-07,1,0.6921217929854881,0.006125022518465141,-0.006125022518465141,-0.008125022518465141,-1.0,stop
DIVISLAB,2026-08-11,1,0.3029587409714942,0.004079673626109911,-0.004079673626109911,-0.006079673626109911,-1.0,stop
DIVISLAB,2026-08-14,1,0.8190121983747803,0.009700227896920469,-0.009700227896920469,-0.011700227896920469,-1.0,stop
DIVISLAB,2026-08-18,1,0.8881882486887631,0.008846467233150973,-0.0003492026539401699,-0.00234920265394017,-0.039473684210526314,time
DIVISLAB,2026-08-19,-1,0.7641596788445004,0.007391763463569166,-0.004341194415112049,-0.006341194415112049,-0.5873015873015873,time
DIVISLAB,2026-08-21,-1,0.4463504104562393,0.004202171121746236,0.0063032566826193535,0.0043032566826193535,1.5,target
DIVISLAB,2026-08-25,1,0.9596367040560592,0.010767708515220301,0.016151562772830454,0.014151562772830454,1.5,target
DIVISLAB,2026-08-31,-1,0.7200588252993496,0.005939407149084568,-0.005939407149084568,-0.007939407149084568,-1.0,stop
DIVISLAB,2026-09-01,-1,1.268997689073173,0.010859481582537517,-0.00027285129604365623,-0.0022728512960436564,-0.02512562814070352,time
DIVISLAB,2026-09-07,1,0.6311290327777536,0.007069443689161999,0.010604165533742998,0.008604165533742998,1.5,target
DIVISLAB,2026-09-10,-1,1.0962780043205294,0.010858050847457628,0.00015889830508474575,-0.0018411016949152542,0.014634146341463415,time
DIVISLAB,2026-09-16,-1,0.6793592852814596,0.006864360241625481,0.01029654036243822,0.00829654036243822,1.5,target
DIVISLAB,2026-09-22,-1,0.49332186682756707,0.003994035573543509,-0.003994035573543509,-0.005994035573543509,-1.0,stop
DIVISLAB,2026-09-30,-1,1.8529851351682707,0.014957264957264958,0.007318376068376068,0.005318376068376068,0.48928571428571427,time
DIVISLAB,2026-10-05,-1,1.7914883260890742,0.013313690183881705,-0.0035466797620996343,-0.005546679762099634,-0.26639344262295084,time
DIVISLAB,2026-10-06,-1,0.8341630982790025,0.006048716691188491,-0.006048716691188491,-0.008048716691188491,-1.0,stop
BAJAJ-AUTO,2026-07-31,1,2.0126021056251346,0.015026491791887432,0.0004342916702857639,-0.0015657083297142362,0.028901734104046242,time
BAJAJ-AUTO,2026-08-03,-1,0.7823908107297458,0.006615598885793872,-0.006615598885793872,-0.008615598885793871,-1.0,stop
BAJAJ-AUTO,2026-08-04,-1,1.3520734503319138,0.010276338514680483,-0.0017271157167530224,-0.0037271157167530224,-0.16806722689075632,time
BAJAJ-AUTO,2026-08-06,1,0.642643463671521,0.005017433455225784,-0.005017433455225784,-0.007017433455225784,-1.0,stop
BAJAJ-AUTO,2026-08-07,1,1.0714060372699137,0.008729887024991442,-0.003765833618623759,-0.00576583361862376,-0.43137254901960786,time
BAJAJ-AUTO,2026-08-10,1,1.0578357726328411,0.010057103894997017,-0.004772862865422313,-0.006772862865422313,-0.4745762711864407,time
BAJAJ-AUTO,2026-08-14,1,0.5302133441178297,0.0049382716049382715,-0.0049382716049382715,-0.0069382716049382715,-1.0,stop
BAJAJ-AUTO,2026-08-18,1,0.3120323973276066,0.004080938615881653,-0.004080938615881653,-0.006080938615881653,-1.0,stop
BAJAJ-AUTO,2026-08-19,1,0.2420711576545246,0.003351091252792576,0.005026636879188864,0.003026636879188864,1.5,target
BAJAJ-AUTO,2026-08-25,-1,0.4832249557209165,0.003232391970057843,-0.003232391970057843,-0.0052323919700578425,-1.0,stop
BAJAJ-AUTO,2026-08-27,-1,0.9722900227746557,0.01233404710920771,-0.003854389721627409,-0.005854389721627409,-0.3125,time
BAJAJ-AUTO,2026-08-31,1,1.1570156211935057,0.008991008991008992,0.009823509823509824,0.007823509823509824,1.0925925925925926,time
BAJAJ-AUTO,2026-09-02,-1,0.9550296021043454,0.007976317737028204,0.011964476605542307,0.009964476605542307,1.5,target
BAJAJ-AUTO,2026-09-04,1,0.7020685472160775,0.005994005994005994,-0.005994005994005994,-0.007994005994005994,-1.0,stop
BAJAJ-AUTO,2026-09-10,-1,1.465992295604266,0.011295567345541675,-0.007016943351018313,-0.009016943351018313,-0.6212121212121212,time
BAJAJ-AUTO,2026-09-15,-1,0.897977964547746,0.006798038034592548,0.010197057051888822,0.008197057051888822,1.5,target
BAJAJ-AUTO,2026-09-18,-1,0.5929217803044398,0.0040926506443747825,0.006095437129919889,0.004095437129919889,1.4893617021276595,time
BAJAJ-AUTO,2026-09-22,-1,0.5787479255271925,0.004370629370629371,0.006555944055944056,0.004555944055944056,1.5,target
BAJAJ-AUTO,2026-09-23,-1,0.4582422477265196,0.004496561453006524,-0.004496561453006524,-0.006496561453006524,-1.0,stop
BAJAJ-AUTO,2026-09-30,1,0.9037992688075572,0.00708697653014266,0.0008283479061205706,-0.0011716520938794294,0.11688311688311688,time
BAJAJ-AUTO,2026-10-01,-1,3.9113214063891952,0.02846906168296698,0.02730705916529486,0.02530705916529486,0.9591836734693877,time
BAJAJ-AUTO,2026-10-06,-1,1.163856709291254,0.0071149413768914725,-0.0071149413768914725,-0.009114941376891473,-1.0,stop
SHRIRAMFIN,2026-07-31,1,1.0092974651264677,0.013559923447269516,-0.00038187773338079997,-0.0023818777333808,-0.02816223372246961,time
SHRIRAMFIN,2026-08-03,1,0.9380471291380179,0.015499510351015405,0.01792712527719421,0.015927125277194212,1.156625265650393,time
SHRIRAMFIN,2026-08-05,1,0.8614355334832933,0.013087823522405504,0.013087823522405504,0.011087823522405504,1.0,time
SHRIRAMFIN,2026-08-07,-1,0.807215640795559,0.009585192783165823,-0.009585192783165823,-0.011585192783165823,-1.0,stop
SHRIRAMFIN,2026-08-10,1,0.9821905570825279,0.012307186504225595,0.012217917216888443,0.010217917216888443,0.9927465723131358,time
SHRIRAMFIN,2026-08-11,-1,0.5402725772745322,0.0072920864134059585,-0.0072920864134059585,-0.009292086413405959,-1.0,stop
SHRIRAMFIN,2026-08-18,-1,0.4856871364488007,0.007433323490598804,0.011149985235898205,0.009149985235898205,1.5,target
SHRIRAMFIN,2026-08-19,-1,0.6227345203011116,0.008548585506337032,-0.008548585506337032,-0.010548585506337032,-1.0,stop
SHRIRAMFIN,2026-08-20,1,0.9524163594934025,0.012389380530973451,-0.0015929635647123895,-0.0035929635647123895,-0.12857491629464285,time
SHRIRAMFIN,2026-08-24,1,1.2038496690261857,0.01215434959607887,-0.01215434959607887,-0.01415434959607887,-1.0,stop
SHRIRAMFIN,2026-08-25,1,0.6420166175820843,0.006166241656892314,0.009249362485338471,0.007249362485338471,1.5,target
SHRIRAMFIN,2026-09-01,-1,1.650186478220197,0.023203825347649,0.013046314712993704,0.011046314712993704,0.5622484447080855,time
SHRIRAMFIN,2026-09-03,-1,1.934772454908231,0.025172895794321384,-0.003266623927985087,-0.005266623927985087,-0.12976750687229185,time
SHRIRAMFIN,2026-09-04,1,0.28274585903380467,0.005911587484301838,-0.005911587484301838,-0.007911587484301838,-1.0,stop
SHRIRAMFIN,2026-09-07,-1,0.6348967968806555,0.009759373222216207,-0.00202915792482125,-0.00402915792482125,-0.20791887743385828,time
SHRIRAMFIN,2026-09-08,-1,0.37573519397898025,0.004012110273006853,-0.004012110273006853,-0.006012110273006853,-1.0,stop
SHRIRAMFIN,2026-09-09,1,0.8619190996680393,0.010617537149935189,0.002337837980848064,0.0003378379808480639,0.22018646582859702,time
SHRIRAMFIN,2026-09-11,-1,0.6732550876883299,0.00857820163904236,-0.00857820163904236,-0.01057820163904236,-1.0,stop
SHRIRAMFIN,2026-09-15,-1,2.006890998032387,0.02608698064630682,0.03181819388046566,0.02981819388046566,1.219696304139752,time
SHRIRAMFIN,2026-09-17,1,0.7450810122723034,0.01060070671378092,0.004543160020191822,0.002543160020191822,0.42857142857142855,time
SHRIRAMFIN,2026-09-21,-1,0.5792880169191802,0.007441214225944768,-0.007441214225944768,-0.009441214225944768,-1.0,stop
SHRIRAMFIN,2026-09-22,-1,0.3546839512616396,0.004943153732081068,0.007414730598121601,0.005414730598121601,1.5,target
SHRIRAMFIN,2026-09-30,-1,0.8312274654214821,0.009908117807864802,-0.009908117807864802,-0.011908117807864802,-1.0,stop
SHRIRAMFIN,2026-10-01,-1,0.592628440913078,0.009440787794843482,0.014161181692265162,0.012161181692265162,1.4999999999999938,target
SHRIRAMFIN,2026-10-07,-1,1.1104858898915666,0.012628143676617768,-0.0017964833868339626,-0.0037964833868339627,-0.1422602904146811,time
SHRIRAMFIN,2026-10-08,-1,1.5234760360617656,0.014814392153447556,0.018879050115678767,0.016879050115678765,1.2743722401924737,time
TRENT,2026-07-31,-1,0.9456227633715724,0.006610593332968709,-0.006610593332968709,-0.008610593332968708,-1.0,stop
TRENT,2026-08-03,-1,1.1206506846001962,0.0066176388206232615,-0.0066176388206232615,-0.00861763882062326,-1.0,stop
TRENT,2026-08-04,1,0.8781293180633415,0.005222443533962897,0.007833665300944344,0.005833665300944344,1.5,target
TRENT,2026-08-06,-1,1.2398500971059658,0.007689510496129767,0.01153426574419465,0.00953426574419465,1.5,target
TRENT,2026-08-07,-1,3.3797114816528637,0.024280383980673836,0.007254265809458543,0.005254265809458543,0.2987706378627551,time
TRENT,2026-08-11,-1,0.9134944796497712,0.007684663225632069,0.001996007984031936,-3.992015968064082e-06,0.25973916168170963,time
TRENT,2026-08-12,-1,0.9484206431726995,0.0093701895647978,0.0004015632124632149,-0.001598436787536785,0.04285539899553571,time
TRENT,2026-08-17,-1,0.7056042688773914,0.007390874969452555,0.005771015859294061,0.003771015859294061,0.7808298588660231,time
TRENT,2026-08-18,-1,0.3742027759674121,0.005000236674990429,-0.005000236674990429,-0.007000236674990429,-1.0,stop
TRENT,2026-08-20,1,0.5983422926421867,0.004390557070068337,0.00307342293099698,0.0010734229309969801,0.7000075120192307,time
TRENT,2026-08-24,1,0.6979587130444703,0.005243412442543412,-0.005243412442543412,-0.007243412442543412,-1.0,stop
TRENT,2026-08-25,1,1.178912318642168,0.008999777021073388,0.0026348941050604187,0.0006348941050604187,0.29277326525876074,time
TRENT,2026-08-26,-1,0.5849846619704533,0.005068249593292714,0.007602374389939071,0.005602374389939071,1.5,target
TRENT,2026-08-28,1,0.6112304877898097,0.0041490907276786945,0.006223636091518042,0.004223636091518042,1.5,target
TRENT,2026-08-31,-1,0.8979956233939662,0.005571418527738032,-0.005571418527738032,-0.007571418527738032,-1.0,stop
TRENT,2026-09-02,-1,0.9220635804419386,0.006153811615826702,-0.006153811615826702,-0.008153811615826703,-1.0,stop
TRENT,2026-09-03,1,0.47815788199508136,0.005563282336578581,-0.005563282336578581,-0.007563282336578581,-1.0,stop
TRENT,2026-09-08,-1,1.2348606721891986,0.008977627909060487,-0.003196088138914063,-0.005196088138914063,-0.356005859375,time
TRENT,2026-09-09,-1,1.4728445832556,0.009651920467796914,-0.009651920467796914,-0.011651920467796914,-1.0,stop
TRENT,2026-09-11,-1,0.9713032399222976,0.007024242395460837,-0.007024242395460837,-0.009024242395460836,-1.0,stop
TRENT,2026-09-15,-1,0.911546046664252,0.006905699331233952,0.010358548996850929,0.008358548996850929,1.5,target
TRENT,2026-09-18,-1,0.5672260614364113,0.00503742092903275,-0.00503742092903275,-0.00703742092903275,-1.0,stop
TRENT,2026-09-29,-1,1.8082225076025993,0.010425113331818786,-0.010425113331818786,-0.012425113331818786,-1.0,stop
TRENT,2026-09-30,1,1.4648763665585955,0.012181409295352323,-0.012181409295352323,-0.014181409295352323,-1.0,stop
TRENT,2026-10-05,1,1.140822007528536,0.008448215957520414,-0.008448215957520414,-0.010448215957520414,-1.0,stop
TRENT,2026-10-06,1,3.2490972834148475,0.02671792353339745,0.016261584193040742,0.014261584193040742,0.6086395214326343,time
TRENT,2026-10-08,1,1.5806827756240494,0.014134743543880189,-0.013208453188917248,-0.015208453188917248,-0.9344671268999437,time
AMBUJACEM,2026-08-04,-1,1.0414586499370333,0.009324483675490644,0.008301169690083834,0.006301169690083834,0.8902551582457499,time
AMBUJACEM,2026-08-05,1,1.4484313957699546,0.012252657012189182,0.0004496677439754976,-0.0015503322560245026,0.03669961082956614,time
AMBUJACEM,2026-08-06,-1,1.0393537393698955,0.012390545899345894,0.007616246577309867,0.005616246577309867,0.6146820841615973,time
AMBUJACEM,2026-08-07,-1,0.7486461639273273,0.008073817762399077,-0.0011534025374855825,-0.0031534025374855825,-0.14285714285714285,time
AMBUJACEM,2026-08-10,-1,0.7940509313098758,0.006376811594202898,0.0009275220788043478,-0.0010724779211956524,0.14545232599431818,time
AMBUJACEM,2026-08-12,-1,0.9175582085114944,0.008749142256873437,0.0044927735254341175,0.0024927735254341174,0.5135101697431583,time
AMBUJACEM,2026-08-13,-1,0.7574917333351839,0.007134363852556481,0.002615947927504459,0.000615947927504459,0.366668701171875,time
AMBUJACEM,2026-08-14,-1,0.8474833555905347,0.007684947776024132,-0.002641705378576645,-0.004641705378576645,-0.343750596044174,time
AMBUJACEM,2026-08-18,1,0.6120976975000539,0.005166391753015806,-0.005166391753015806,-0.007166391753015806,-1.0,stop
AMBUJACEM,2026-08-19,-1,0.917909359788105,0.008444528968581132,0.002570035061415506,0.0005700350614155059,0.30434321096861944,time
AMBUJACEM,2026-08-27,-1,0.9990378580608961,0.009201735563285282,0.013802603344927923,0.011802603344927923,1.5,target
AMBUJACEM,2026-08-31,-1,1.3089560940065856,0.010315638634392513,0.014736583789622913,0.012736583789622913,1.4285672765320507,time
AMBUJACEM,2026-09-02,-1,0.49295066199569,0.005812453176689146,-0.005812453176689146,-0.007812453176689146,-1.0,stop
AMBUJACEM,2026-09-03,-1,0.38028592138690814,0.0029747452285266585,-0.0029747452285266585,-0.004974745228526659,-1.0,stop
AMBUJACEM,2026-09-04,1,0.4914131422516556,0.0036968576709796672,0.005545286506469501,0.003545286506469501,1.5,target
AMBUJACEM,2026-09-07,-1,0.9712408385800886,0.009221214223130983,0.006604346159462617,0.004604346159462617,0.716212203691779,time
AMBUJACEM,2026-09-09,1,0.6856904807149071,0.004778055892486643,0.007167083838729965,0.005167083838729965,1.5,target
AMBUJACEM,2026-09-11,-1,1.0494162582746307,0.006950654150099666,-0.006950654150099666,-0.008950654150099666,-1.0,stop
AMBUJACEM,2026-09-18,1,1.370204819088224,0.014487163837139423,-0.0043590056590543415,-0.0063590056590543415,-0.3008874413278571,time
AMBUJACEM,2026-09-23,1,0.6934179415403412,0.0043611640397384485,0.0065417460596076,0.0045417460596076,1.4999999999999833,target
AMBUJACEM,2026-09-24,1,0.4693929920934241,0.00601409111584293,-0.00601409111584293,-0.00801409111584293,-1.0,stop
AMBUJACEM,2026-09-25,1,1.3484275417123015,0.007792207792207792,-0.0031169148234576447,-0.005116914823457644,-0.4000040690103977,time
AMBUJACEM,2026-09-28,-1,1.6150203848075513,0.010531859211592243,0.014349609964769137,0.012349609964769137,1.3624954223632955,time
AMBUJACEM,2026-09-29,-1,1.1435887358746757,0.007961172052930694,0.011941758079396118,0.009941758079396118,1.5000000000000095,target
AMBUJACEM,2026-09-30,1,2.0992006012389473,0.014161624029308465,-0.0006680026720106881,-0.002668002672010688,-0.047169919963149,time
AMBUJACEM,2026-10-06,-1,0.48561240322248134,0.003815216923046316,0.0057228253845695515,0.0037228253845695515,1.5000000000000202,target
AMBUJACEM,2026-10-08,-1,0.6328455063492519,0.005637773079633545,0.008456659619450317,0.0064566596194503174,1.5,target
BANKBARODA,2026-07-31,-1,0.5917903156308014,0.006185567010309278,-0.006185567010309278,-0.008185567010309279,-1.0,stop
BANKBARODA,2026-08-03,1,0.6806351961608362,0.006469974925292588,0.009704962387938939,0.007704962387938939,1.5000000000000089,target
BANKBARODA,2026-08-05,1,0.5117765843382704,0.006987973868128651,-0.006987973868128651,-0.008987973868128652,-1.0,stop
BANKBARODA,2026-08-07,-1,0.6403934221123272,0.005470198041434661,-0.005470198041434661,-0.007470198041434661,-1.0,stop
BANKBARODA,2026-08-12,1,0.7581276580643678,0.010151074612128766,0.011077542799597181,0.009077542799597181,1.0912679911111527,time
BANKBARODA,2026-08-17,-1,0.9855881970994796,0.008030005323440859,-0.008030005323440859,-0.010030005323440859,-1.0,stop
BANKBARODA,2026-08-21,1,0.3635718296780098,0.0027428589561819088,0.004114288434272863,0.002114288434272863,1.5,target
BANKBARODA,2026-08-27,-1,0.775537543373851,0.006625244420991269,0.009937866631486963,0.007937866631486963,1.5000000000000089,target
BANKBARODA,2026-08-28,-1,0.697271968720893,0.005036867732535639,-0.005036867732535639,-0.007036867732535639,-1.0,stop
BANKBARODA,2026-08-31,-1,1.5498868001046053,0.011374634685696485,-0.0014690707387852951,-0.0034690707387852954,-0.12915322376310162,time
BANKBARODA,2026-09-04,-1,1.272859898678997,0.00907611746376935,0.004954421205339503,0.002954421205339503,0.5458745135369711,time
BANKBARODA,2026-09-07,-1,1.1502437947761652,0.010105196644768373,0.006247664299738546,0.004247664299738546,0.6182625157495638,time
BANKBARODA,2026-09-08,1,0.6622161684244762,0.004512323629173653,-0.004512323629173653,-0.006512323629173653,-1.0,stop
BANKBARODA,2026-09-09,-1,1.0393663639471364,0.00683652063843563,0.00594477238422252,0.00394477238422252,0.8695610967368973,time
BANKBARODA,2026-09-10,1,1.8620986704511857,0.013687679102736931,-0.0023092877187985248,-0.004309287718798524,-0.1687128768482576,time
BANKBARODA,2026-09-17,1,1.0068120029252876,0.0067202663729870726,-0.0067202663729870726,-0.008720266372987073,-1.0,stop
BANKBARODA,2026-09-18,-1,0.41183167985440794,0.0035276719078697434,-0.0035276719078697434,-0.005527671907869743,-1.0,stop
BANKBARODA,2026-09-21,-1,0.9457295905125586,0.005962591878700601,-0.002230629218225299,-0.004230629218225299,-0.37410395740709484,time
BANKBARODA,2026-09-23,1,0.8569300868583548,0.005402434331158811,0.008103651496738277,0.006103651496738277,1.500000000000011,target
BANKBARODA,2026-09-28,-1,1.3718230198427952,0.010929469068976039,0.01639420360346412,0.014394203603464118,1.5000000000000056,target
BANKBARODA,2026-09-29,-1,0.8603434163718223,0.009308469804575356,-0.009308469804575356,-0.011308469804575356,-1.0,stop
BANKBARODA,2026-09-30,1,2.493300684110767,0.01728688387993997,-0.01728688387993997,-0.019286883879939973,-1.0,stop
BANKBARODA,2026-10-06,1,0.545320936470309,0.004966194250432408,-0.004966194250432408,-0.006966194250432408,-1.0,stop
BANKBARODA,2026-10-07,1,0.7105693893663575,0.00458185774548236,0.0068727866182236004,0.0048727866182236,1.5000000000000133,target
BERGEPAINT,2026-08-03,1,0.8902969853979852,0.015065913370998116,-0.005649717514124294,-0.007649717514124294,-0.375,time
BERGEPAINT,2026-08-04,1,0.8034853523383007,0.006973146140440682,0.010459719210661023,0.008459719210661023,1.5,target
BERGEPAINT,2026-08-06,1,2.051533322010637,0.01989565780048824,-0.01989565780048824,-0.021895657800488237,-1.0,stop
BERGEPAINT,2026-08-07,-1,0.5343280172831797,0.0061195879331826615,0.009179381899773992,0.007179381899773992,1.5,target
BERGEPAINT,2026-08-10,1,1.1997176086676022,0.015204918213680998,0.00454294875298937,0.0025429487529893702,0.29878153168240923,time
BERGEPAINT,2026-08-12,1,0.9764928462191464,0.012396694214876033,0.01859504132231405,0.01659504132231405,1.5,target
BERGEPAINT,2026-08-13,-1,1.3548281731573504,0.016886356113067047,0.013635520365756775,0.011635520365756775,0.8074874339056074,time
BERGEPAINT,2026-08-17,1,0.759804904937596,0.008099030135892504,-0.0033670699426550585,-0.0053670699426550585,-0.4157374261065163,time
BERGEPAINT,2026-08-18,-1,0.7893902019309494,0.012253479324355344,0.005435806413628508,0.0034358064136285078,0.4436133011482015,time
BERGEPAINT,2026-08-21,-1,0.9106502894129817,0.008595988538681949,-0.002387774594078319,-0.004387774594078319,-0.2777777777777778,time
BERGEPAINT,2026-08-24,-1,0.41641489983224045,0.0032554809791104787,0.004883221468665718,0.0028832214686657183,1.5,target
BERGEPAINT,2026-08-25,-1,0.70778209343536,0.007502631594597648,0.005748829906808731,0.003748829906808731,0.766241795871763,time
BERGEPAINT,2026-08-26,-1,0.4899624341623146,0.004904364884747425,-0.004904364884747425,-0.006904364884747425,-1.0,stop
BERGEPAINT,2026-08-28,-1,0.8383797635795526,0.008643191543655893,0.00532662089745603,0.0033266208974560302,0.6162793998665658,time
BERGEPAINT,2026-08-31,-1,0.9493111046821077,0.012389962035206781,-0.012389962035206781,-0.014389962035206781,-1.0,stop
BERGEPAINT,2026-09-02,-1,0.6601298925569496,0.009395947946244309,-0.009395947946244309,-0.011395947946244309,-1.0,stop
BERGEPAINT,2026-09-03,1,0.5706549865870888,0.0071479629196930525,0.01072194437953958,0.00872194437953958,1.5,target
BERGEPAINT,2026-09-04,-1,2.3441407170762516,0.0229637003282486,0.0011327109603456798,-0.0008672890396543202,0.04932615145444506,time
BERGEPAINT,2026-09-07,-1,0.6009308698767044,0.005064101423829758,-0.005064101423829758,-0.007064101423829758,-1.0,stop
BERGEPAINT,2026-09-08,-1,1.3378687368985478,0.011454753868404185,-0.0028116341157481575,-0.004811634115748158,-0.2454556551846591,time
BERGEPAINT,2026-09-10,-1,0.9002477928159488,0.009156703017633454,0.011925055431709674,0.009925055431709674,1.3023306979318958,time
BERGEPAINT,2026-09-15,-1,1.2301832774060153,0.009911894273127754,0.01486784140969163,0.01286784140969163,1.5,target
BERGEPAINT,2026-09-16,1,0.9288724378902498,0.008448172290119852,-0.00477988873906777,-0.00677988873906777,-0.5657896850254647,time
BERGEPAINT,2026-09-22,1,1.4251236894528603,0.016681312558606175,-0.005926277811369888,-0.007926277811369887,-0.3552644787722306,time
BERGEPAINT,2026-09-24,-1,0.5149031529215803,0.005848584994013342,0.008772877491020013,0.006772877491020013,1.5,target
BERGEPAINT,2026-09-25,1,0.6014549295135081,0.012622105485848831,0.006146456778787856,0.004146456778787856,0.4869597061820553,time
BERGEPAINT,2026-09-30,1,1.3635154595443917,0.01573429220060479,-0.0015297469355210133,-0.0035297469355210134,-0.09722375280803629,time
BERGEPAINT,2026-10-01,-1,1.7530155586231484,0.01994179847074312,-0.01994179847074312,-0.021941798470743124,-1.0,stop
BERGEPAINT,2026-10-05,1,0.5658462400616279,0.0072234174596882495,0.0071139322678778665,0.0051139322678778664,0.9848430202987176,time
BOSCHLTD,2026-08-03,1,0.8005782443750887,0.006878243031253771,-0.006878243031253771,-0.008878243031253771,-1.0,stop
BOSCHLTD,2026-08-04,1,0.3915618169790558,0.006893215624622083,-0.0035070746160357964,-0.005507074616035796,-0.5087719298245614,time
BOSCHLTD,2026-08-06,-1,0.9434752938447895,0.013596594939702058,0.006857413100023646,0.004857413100023646,0.5043478260869565,time
BOSCHLTD,2026-08-12,1,1.3220491269388348,0.013869171125914601,0.015179643988205744,0.013179643988205744,1.094488188976378,time
BOSCHLTD,2026-08-18,1,0.7181585547137959,0.007293868921775899,0.010940803382663847,0.008940803382663847,1.5,target
BOSCHLTD,2026-08-20,-1,1.0741210027085581,0.011845386533665835,-0.011845386533665835,-0.013845386533665835,-1.0,stop
BOSCHLTD,2026-08-21,-1,0.9495975048462424,0.008620689655172414,-0.0012463647694225177,-0.0032463647694225177,-0.14457831325301204,time
BOSCHLTD,2026-08-25,1,0.5251108754942102,0.004877036422123067,-0.004877036422123067,-0.006877036422123067,-1.0,stop
BOSCHLTD,2026-08-27,-1,0.5114182219603206,0.005859375,-0.005859375,-0.007859375,-1.0,stop
BOSCHLTD,2026-08-28,-1,0.5548648179618755,0.0049301561216105174,0.007395234182415777,0.0053952341824157765,1.5,target
BOSCHLTD,2026-08-31,-1,0.3687736371178569,0.0037174721189591076,-0.0037174721189591076,-0.005717472118959108,-1.0,stop
BOSCHLTD,2026-09-16,1,0.8552900017024334,0.0058916359810625984,0.008837453971593898,0.006837453971593898,1.5,target
BOSCHLTD,2026-09-17,1,0.6538983185941843,0.005007302315877321,-0.004068433131650323,-0.006068433131650323,-0.8125,time
BOSCHLTD,2026-09-23,-1,0.5066683092043249,0.006368761745667154,-0.0013572770933389015,-0.0033572770933389014,-0.21311475409836064,time
BOSCHLTD,2026-09-28,-1,1.1270908116549276,0.011911036154738062,0.008748814166754507,0.006748814166754507,0.7345132743362832,time
BOSCHLTD,2026-09-29,-1,1.209243124020969,0.011039657020364416,0.016559485530546623,0.014559485530546623,1.5,target
BOSCHLTD,2026-10-05,-1,1.481879248064272,0.012567522875096462,0.00870907286958439,0.0067090728695843906,0.6929824561403509,time
BOSCHLTD,2026-10-06,1,1.0858382396862805,0.008279059498840932,-0.008279059498840932,-0.010279059498840932,-1.0,stop
BOSCHLTD,2026-10-08,-1,0.915975986358912,0.00885759709289121,0.013286395639336816,0.011286395639336816,1.5,target
CANBK,2026-08-03,-1,0.44933927937296136,0.004459289301071522,-0.004459289301071522,-0.006459289301071522,-1.0,stop
CANBK,2026-08-07,1,0.6363902719969974,0.006012583071790867,0.004262101843330014,0.002262101843330014,0.7088636934309389,time
CANBK,2026-08-10,-1,1.4838643899839141,0.015795104949512737,0.010887886741923238,0.008887886741923237,0.6893203164350686,time
CANBK,2026-08-12,1,0.7381732219009383,0.01106288339058726,0.007095388905264893,0.005095388905264893,0.6413688597045082,time
CANBK,2026-08-14,-1,0.4543228759646161,0.005186824135189839,0.007780236202784758,0.005780236202784758,1.5,target
CANBK,2026-08-18,-1,0.7793601637204467,0.008703056952280087,0.005699247190744505,0.0036992471907445054,0.654855784811494,time
CANBK,2026-08-27,-1,1.2505461322719853,0.009980605695418279,0.00858801245919971,0.00658801245919971,0.8604700677777646,time
CANBK,2026-08-31,-1,1.4673372482662301,0.01181881389209456,-0.006583658547345606,-0.008583658547345607,-0.5570490074092227,time
CANBK,2026-09-03,1,1.367889805070056,0.01384776134179524,-0.01384776134179524,-0.01584776134179524,-1.0,stop
CANBK,2026-09-07,-1,1.1956730364520007,0.011699647998728333,0.006330642757684648,0.004330642757684648,0.5410968567919944,time
CANBK,2026-09-08,1,0.5462637015174765,0.00425599280889889,-0.00425599280889889,-0.00625599280889889,-1.0,stop
CANBK,2026-09-10,1,2.377702876523719,0.021142318239278517,-0.021142318239278517,-0.023142318239278516,-1.0,stop
CANBK,2026-09-15,1,0.9729447441401933,0.010303520680215386,-0.010303520680215386,-0.012303520680215386,-1.0,stop
CANBK,2026-09-17,1,1.1869814421879326,0.010459433922133148,-0.010459433922133148,-0.012459433922133148,-1.0,stop
CANBK,2026-09-18,-1,0.40766144123148085,0.0046232434957540185,-0.00397435201663479,-0.00597435201663479,-0.8596458352852994,time
CANBK,2026-09-21,1,0.6070071469065393,0.005331208770919247,-0.000807803724154889,-0.002807803724154889,-0.15152355851477964,time
CANBK,2026-09-25,-1,1.3206942355530946,0.010448278965427793,0.00311053914652886,0.00111053914652886,0.29770827873387495,time
CANBK,2026-09-28,-1,0.9890856096119099,0.008764052359326695,0.013146078538990101,0.011146078538990101,1.5000000000000067,target
CANBK,2026-09-30,1,1.3077452445519189,0.01262375262228969,-0.01262375262228969,-0.01462375262228969,-1.0,stop
CANBK,2026-10-06,1,0.8427813551841574,0.007551615401697735,-0.007551615401697735,-0.009551615401697735,-1.0,stop
CHOLAFIN,2026-07-31,1,1.6290554373569397,0.02040925668975736,0.015965380169972884,0.013965380169972884,0.7822617164683568,time
CHOLAFIN,2026-08-03,1,1.5111635932681993,0.01524951398464804,-0.01524951398464804,-0.017249513984648038,-1.0,stop
CHOLAFIN,2026-08-07,-1,0.8316963939098533,0.009689323019516851,0.014533984529275276,0.012533984529275276,1.5,target
CHOLAFIN,2026-08-13,-1,0.5705560694090466,0.005893780394723335,-0.005893780394723335,-0.007893780394723335,-1.0,stop
CHOLAFIN,2026-08-14,-1,0.7665296483550849,0.006363719065201044,0.003681497796423521,0.001681497796423521,0.5785135639558932,time
CHOLAFIN,2026-08-18,-1,0.6286309794943494,0.00694815606627472,-0.00694815606627472,-0.00894815606627472,-1.0,stop
CHOLAFIN,2026-08-25,1,1.0358393988255885,0.00945756275261846,0.014186344128927691,0.012186344128927691,1.5,target
CHOLAFIN,2026-08-31,-1,2.2023743350180918,0.018741652713749578,-0.018741652713749578,-0.02074165271374958,-1.0,stop
CHOLAFIN,2026-09-09,-1,0.4615863789316657,0.0052921585369003704,-0.0052921585369003704,-0.0072921585369003705,-1.0,stop
CHOLAFIN,2026-09-17,-1,0.5326691958952787,0.006501968873707324,-0.006501968873707324,-0.008501968873707324,-1.0,stop
CHOLAFIN,2026-09-23,1,0.990889072672503,0.00987320533321135,-0.0048244001479416055,-0.006824400147941606,-0.4886356542908468,time
CHOLAFIN,2026-09-28,-1,1.3275533583016046,0.01448040199745731,0.0015274638446772135,-0.0004725361553227865,0.10548490607825868,time
CHOLAFIN,2026-09-29,-1,0.6037700140183778,0.006096453392301711,-0.006096453392301711,-0.008096453392301712,-1.0,stop
CHOLAFIN,2026-10-01,-1,0.7705714164775788,0.011968902745656361,-0.011968902745656361,-0.013968902745656361,-1.0,stop
CHOLAFIN,2026-10-05,1,0.8133212924963896,0.006939219652008028,-0.006939219652008028,-0.00893921965200803,-1.0,stop
CHOLAFIN,2026-10-07,1,1.3901004702983726,0.010629686147177934,-0.010629686147177934,-0.012629686147177934,-1.0,stop
COLPAL,2026-07-31,-1,1.369397933272076,0.01660456486367564,-0.005470324391359192,-0.007470324391359192,-0.32944701871267607,time
COLPAL,2026-08-05,1,0.4648863284562567,0.004484955931955397,0.005421389847215377,0.0034213898472153772,1.2087944518223404,time
COLPAL,2026-08-06,-1,0.3391593063696483,0.0037882875797870794,0.00206629500261804,6.629500261803997e-05,0.5454430159006504,time
COLPAL,2026-08-13,-1,0.5739458876718814,0.004167318889193838,0.006250978333790757,0.004250978333790757,1.5,target
COLPAL,2026-08-18,-1,2.44230378178556,0.020232715482761263,0.002516012530282433,0.0005160125302824331,0.12435367523583936,time
COLPAL,2026-08-21,-1,1.099498243258385,0.00847457627118644,-0.0005296610169491525,-0.0025296610169491525,-0.0625,time
COLPAL,2026-08-31,-1,0.6159333922357424,0.00517765046216607,-0.00517765046216607,-0.00717765046216607,-1.0,stop
COLPAL,2026-09-03,-1,0.7687374970070876,0.007563070706415257,-0.007563070706415257,-0.009563070706415256,-1.0,stop
COLPAL,2026-09-04,-1,0.9358061669941673,0.008058423155252839,0.010708517484113033,0.008708517484113033,1.3288601600838925,time
COLPAL,2026-09-09,-1,0.6803729787392127,0.005659407920732798,0.0012761742028584622,-0.0007238257971415379,0.22549606261518945,time
COLPAL,2026-09-22,-1,1.1294611171636144,0.009173307291666667,0.0032,0.0012000000000000001,0.3488381995997218,time
COLPAL,2026-09-23,1,0.6151353805939316,0.004587632400480112,-0.004587632400480112,-0.006587632400480112,-1.0,stop
COLPAL,2026-09-29,-1,0.9797451252285276,0.007086690104774054,0.01063003515716108,0.00863003515716108,1.5,target
COLPAL,2026-09-30,1,0.9144964037142499,0.007590000649238227,-0.007590000649238227,-0.009590000649238227,-1.0,stop
COLPAL,2026-10-05,-1,0.6058162156343103,0.003610480067434245,-0.003610480067434245,-0.005610480067434245,-1.0,stop
COLPAL,2026-10-06,1,1.4573646561077835,0.014582689096102712,0.010950930300158736,0.008950930300158736,0.7509541092174433,time
DABUR,2026-07-31,-1,1.33377078534287,0.01415929203539823,0.00613570761891593,0.0041357076189159295,0.4333343505859375,time
DABUR,2026-08-05,-1,1.2823576474561489,0.011042944785276074,-0.011042944785276074,-0.013042944785276074,-1.0,stop
DABUR,2026-08-11,-1,0.7522045741466558,0.005956752442853042,-0.005956752442853042,-0.007956752442853042,-1.0,stop
DABUR,2026-08-12,-1,0.9868166119400987,0.00930229569882205,-0.006731946144430845,-0.008731946144430845,-0.723686535280029,time
DABUR,2026-08-18,-1,0.5729072081635167,0.005190326425695609,0.0027187495969394323,0.0007187495969394322,0.5238109078226356,time
DABUR,2026-08-19,-1,0.7297878041026236,0.0056144728633811605,0.002495321272613849,0.000495321272613849,0.4444444444444444,time
DABUR,2026-08-20,-1,0.6292952024466989,0.006012761952106773,-0.006012761952106773,-0.008012761952106772,-1.0,stop
DABUR,2026-08-25,-1,0.885995133974807,0.006577298719465871,0.0006324310845436528,-0.0013675689154563472,0.09615362043264644,time
DABUR,2026-08-26,-1,0.9386648711639062,0.006851006464445463,0.004821095831156266,0.0028210958311562662,0.7037062154555268,time
DABUR,2026-08-28,-1,0.7644334003587977,0.005977876005117106,-0.003248862897985705,-0.005248862897985705,-0.5434811453440409,time
DABUR,2026-09-01,-1,0.29861272303269387,0.0044444763582517826,-0.0044444763582517826,-0.006444476358251783,-1.0,stop
DABUR,2026-09-02,-1,1.1911164712202336,0.0073712985335735535,-0.0073712985335735535,-0.009371298533573554,-1.0,stop
DABUR,2026-09-04,-1,0.39181574351568493,0.002514590359255892,-0.002514590359255892,-0.004514590359255892,-1.0,stop
DABUR,2026-09-09,-1,0.626628853317114,0.0033579583613163196,0.005036937541974479,0.003036937541974479,1.5,target
DABUR,2026-09-15,1,2.2610679965707168,0.015026787120648713,0.005880047134166888,0.003880047134166888,0.391304347826087,time
DABUR,2026-09-21,1,1.5581193753719824,0.009698795077494387,-0.009698795077494387,-0.011698795077494387,-1.0,stop
DABUR,2026-09-22,-1,0.635364075993238,0.003624189640960642,-0.003624189640960642,-0.005624189640960642,-1.0,stop
DABUR,2026-09-23,1,1.5075010997533365,0.015113060763387608,-0.015113060763387608,-0.01711306076338761,-1.0,stop
DABUR,2026-09-24,1,0.5274020044138129,0.0028346234262075416,-0.0028346234262075416,-0.004834623426207541,-1.0,stop
DABUR,2026-09-25,-1,1.1331679142067625,0.009426567585888525,-0.009426567585888525,-0.011426567585888526,-1.0,stop
DABUR,2026-09-28,1,0.725454278938362,0.004555512242105012,0.0041650556525760956,0.0021650556525760955,0.9142892020089286,time
DABUR,2026-09-29,-1,2.2383330761373035,0.01346705947067516,-0.01346705947067516,-0.01546705947067516,-1.0,stop
DABUR,2026-10-01,1,1.2666415365024157,0.008512310382163537,-0.008512310382163537,-0.010512310382163537,-1.0,stop
DABUR,2026-10-05,1,1.4924626294156544,0.008458846927598705,-0.008458846927598705,-0.010458846927598705,-1.0,stop
DABUR,2026-10-07,-1,1.4529584029042864,0.009625422127419783,0.0022112542065868697,0.0002112542065868697,0.22973062140180908,time
DLF,2026-07-31,1,0.7133117791951873,0.0056001394561376915,-0.0056001394561376915,-0.0076001394561376915,-1.0,stop
DLF,2026-08-05,1,1.5467728512036067,0.013345539129975999,-0.013345539129975999,-0.015345539129975999,-1.0,stop
DLF,2026-08-06,-1,1.2415630763713863,0.012927323340507732,-0.012927323340507732,-0.014927323340507732,-1.0,stop
DLF,2026-08-07,1,1.2774139896376129,0.010256372316919192,-0.002331002331002331,-0.004331002331002331,-0.2272735679804687,time
DLF,2026-08-12,-1,1.0142029420469,0.008895420456105583,-0.008895420456105583,-0.010895420456105583,-1.0,stop
DLF,2026-08-17,-1,0.7548129799540212,0.006889223573127084,-0.006889223573127084,-0.008889223573127084,-1.0,stop
DLF,2026-08-18,-1,0.9310480197679806,0.014350453172205438,-0.014350453172205438,-0.01635045317220544,-1.0,stop
DLF,2026-08-19,-1,0.6638508586961608,0.008842256404125077,-0.008842256404125077,-0.010842256404125077,-1.0,stop
DLF,2026-08-20,1,0.9684008777954471,0.007385524372230428,-0.0012555030811484491,-0.003255503081148449,-0.1699951171875,time
DLF,2026-08-21,1,0.7380993481316118,0.007465928514435873,-0.007465928514435873,-0.009465928514435874,-1.0,stop
DLF,2026-08-25,-1,1.3711594168471881,0.012509197939661517,-0.005077280657882635,-0.007077280657882635,-0.4058837890625,time
DLF,2026-08-26,-1,0.7865939695924385,0.006123806016677455,0.009185709025016184,0.007185709025016184,1.5,target
DLF,2026-08-27,1,0.455541240181624,0.0036935806902198562,0.005540371035329785,0.0035403710353297847,1.5,target
DLF,2026-08-31,-1,0.862651842913945,0.006494924353770064,-0.006494924353770064,-0.008494924353770063,-1.0,stop
DLF,2026-09-01,-1,1.2222813017061613,0.008839558425352436,-0.008839558425352436,-0.010839558425352436,-1.0,stop
DLF,2026-09-03,1,0.9351462791959607,0.009690171520355239,0.0008075889705498864,-0.0011924110294501138,0.08334103982096287,time
DLF,2026-09-04,1,0.8337987943602436,0.00620392683122623,-0.00459815113500624,-0.00659815113500624,-0.7411678538602942,time
DLF,2026-09-07,-1,0.8650144723704207,0.006286052586108684,0.0050287879036819885,0.0030287879036819884,0.7999913832720589,time
DLF,2026-09-09,1,0.7297716723825176,0.007598951703154985,-0.007598951703154985,-0.009598951703154985,-1.0,stop
DLF,2026-09-11,-1,1.7098237109621945,0.0179358477846907,-0.014002556255383549,-0.01600255625538355,-0.7807022240306675,time
DLF,2026-09-15,-1,1.208399131009294,0.013626771149955093,0.02044015672493264,0.01844015672493264,1.5,target
DLF,2026-09-16,-1,1.4778955321083245,0.012283781212201389,-0.012283781212201389,-0.014283781212201389,-1.0,stop
DLF,2026-09-18,1,1.2652672387782555,0.009355986390949297,-0.003556868075910308,-0.005556868075910308,-0.38017029175578065,time
DLF,2026-09-21,1,0.9383082140115989,0.0072780201062038795,-0.0072780201062038795,-0.00927802010620388,-1.0,stop
DLF,2026-09-23,1,1.0523198907373628,0.008828566064634866,0.0015579609376818342,-0.0004420390623181658,0.1764681745909627,time
DLF,2026-09-28,-1,0.798242129660314,0.00618059915624318,0.00927089873436477,0.00727089873436477,1.5,target
DLF,2026-09-30,-1,1.0417712351407413,0.008880418346774194,-0.008880418346774194,-0.010880418346774194,-1.0,stop
DLF,2026-10-01,-1,0.8712711066876059,0.008645551816423132,-0.008645551816423132,-0.010645551816423132,-1.0,stop
DLF,2026-10-05,1,1.376669091338986,0.012035624941957652,0.0,-0.002,0.0,time
DLF,2026-10-06,1,0.7434898201269509,0.0051152971229722856,-0.0051152971229722856,-0.007115297122972286,-1.0,stop
DLF,2026-10-07,-1,0.8544063491053226,0.007888367886434614,-0.007888367886434614,-0.009888367886434614,-1.0,stop
DLF,2026-10-08,-1,1.3438703258408378,0.010835913312693499,0.016253869969040248,0.014253869969040248,1.5,target
GAIL,2026-08-03,-1,4.78244052634426,0.04191686416038701,0.0032595189646326267,0.0012595189646326267,0.07776151746849883,time
GAIL,2026-08-05,1,0.45810952492600465,0.005536699025644421,-0.005536699025644421,-0.007536699025644421,-1.0,stop
GAIL,2026-08-06,1,0.9082021384734474,0.009439284344501234,-0.009439284344501234,-0.011439284344501234,-1.0,stop
GAIL,2026-08-07,-1,0.606182570218083,0.00843713055587692,0.01265569583381538,0.01065569583381538,1.5,target
GAIL,2026-08-10,-1,0.5948984305985889,0.007258579358149133,0.0108878690372237,0.0088878690372237,1.5,target
GAIL,2026-08-11,1,0.9197085350501608,0.008491717494773218,0.012737576242159829,0.010737576242159829,1.5,target
GAIL,2026-08-12,-1,0.6005820772921906,0.005736247286735602,-0.005736247286735602,-0.007736247286735602,-1.0,stop
GAIL,2026-08-14,-1,0.8260638130506175,0.0075421586745366845,-0.006966385157869473,-0.008966385157869473,-0.9236593206914224,time
GAIL,2026-08-17,-1,0.6411909797440672,0.0057897174208688855,0.0035895965308341145,0.0015895965308341145,0.6199951171875,time
GAIL,2026-08-20,-1,0.8042589596676691,0.00661866786629708,-0.00661866786629708,-0.00861866786629708,-1.0,stop
GAIL,2026-08-21,1,0.39501555854787235,0.0037007018654650215,-0.0037007018654650215,-0.0057007018654650216,-1.0,stop
GAIL,2026-08-24,1,0.6074546188117392,0.004958688738286462,-0.004958688738286462,-0.006958688738286462,-1.0,stop
GAIL,2026-08-25,1,0.3736249503860546,0.004383656504819232,-0.004383656504819232,-0.006383656504819232,-1.0,stop
GAIL,2026-08-27,-1,0.42701297187803006,0.003505549276525026,0.00525832391478754,0.0032583239147875396,1.5,target
GAIL,2026-09-02,-1,0.8990613846422069,0.006892077737916918,-0.006892077737916918,-0.008892077737916917,-1.0,stop
GAIL,2026-09-03,1,1.2218207607577969,0.009896439531079335,0.005005725557602059,0.003005725557602059,0.5058107556643778,time
GAIL,2026-09-04,-1,0.6439229334698434,0.004735820693756313,-0.0014438348761909832,-0.0034438348761909833,-0.3048753256419799,time
GAIL,2026-09-09,1,0.6607360892414201,0.00441465589120751,0.006621983836811265,0.004621983836811265,1.5,target
GAIL,2026-09-11,1,0.7997347024867871,0.006660180710251652,-0.0031578518547396906,-0.00515785185473969,-0.4741390650074978,time
GAIL,2026-09-15,-1,1.0605244181216802,0.006428078859348032,0.00964211828902205,0.007642118289022049,1.5,target
GAIL,2026-09-16,-1,0.916129892051143,0.00452810501994859,0.006792157529922884,0.004792157529922884,1.5,target
GAIL,2026-09-18,1,0.6339734267441277,0.0035262188044480262,-0.0035262188044480262,-0.005526218804448027,-1.0,stop
GAIL,2026-09-24,-1,0.6960529322971568,0.004886629589908712,-0.004886629589908712,-0.006886629589908712,-1.0,stop
GAIL,2026-09-25,-1,1.5095406436930257,0.010056945032968013,-0.003952986041694405,-0.005952986041694405,-0.3930603208763682,time
GAIL,2026-09-28,1,2.471775926960813,0.015321042654999463,-0.015321042654999463,-0.017321042654999463,-1.0,stop
GAIL,2026-09-30,1,1.6126146354685358,0.008945216729574308,-0.008945216729574308,-0.010945216729574308,-1.0,stop
GAIL,2026-10-06,1,1.3666708286557512,0.008370458222938476,0.012555687334407714,0.010555687334407714,1.5,target
GAIL,2026-10-07,-1,1.9121161974765384,0.01248816599495546,-0.01248816599495546,-0.01448816599495546,-1.0,stop
GAIL,2026-10-08,-1,1.4512432027436442,0.010065199931701333,0.007104777925437008,0.005104777925437008,0.7058754891753133,time
GODREJCP,2026-07-31,-1,0.6696909971868998,0.00800753650494583,-0.00800753650494583,-0.01000753650494583,-1.0,stop
GODREJCP,2026-08-03,1,0.9380887334392272,0.008311783888207589,0.012467675832311384,0.010467675832311384,1.5,target
GODREJCP,2026-08-14,-1,0.6703627811232175,0.006852942725771702,-0.006852942725771702,-0.008852942725771702,-1.0,stop
GODREJCP,2026-08-17,-1,0.8359674947397407,0.009167385556615011,-0.009167385556615011,-0.011167385556615011,-1.0,stop
GODREJCP,2026-08-18,-1,0.7548349325807788,0.00942579870750948,-0.00942579870750948,-0.01142579870750948,-1.0,stop
GODREJCP,2026-08-19,-1,0.7132627985463365,0.010121635894638999,-0.010121635894638999,-0.012121635894638999,-1.0,stop
GODREJCP,2026-08-20,1,0.28526648711032476,0.002771533582349438,-0.002771533582349438,-0.0047715335823494374,-1.0,stop
GODREJCP,2026-08-28,-1,0.7071520021995792,0.006671014242203691,-0.006671014242203691,-0.008671014242203692,-1.0,stop
GODREJCP,2026-08-31,-1,0.5161056228667061,0.006296964350600857,0.0043084670365321565,0.0023084670365321565,0.6842133441840181,time
GODREJCP,2026-09-01,-1,0.461811993639965,0.007180642590627609,-0.007180642590627609,-0.009180642590627609,-1.0,stop
GODREJCP,2026-09-02,-1,0.7722415049441538,0.005825296622030856,-0.005825296622030856,-0.007825296622030856,-1.0,stop
GODREJCP,2026-09-04,-1,0.5953926120262544,0.006550232276571317,-0.006550232276571317,-0.008550232276571316,-1.0,stop
GODREJCP,2026-09-07,-1,0.8154358936908142,0.008271122581311028,0.012406683871966542,0.010406683871966542,1.5,target
GODREJCP,2026-09-11,1,0.8305883219652139,0.0068790243633259545,5.779269583591278e-05,-0.0019422073041640872,0.008401292506539468,time
GODREJCP,2026-09-15,1,1.465587426411526,0.011103424270781473,-0.011103424270781473,-0.013103424270781473,-1.0,stop
GODREJCP,2026-09-16,1,2.283055248318769,0.016393428858287113,-0.010661455832985755,-0.012661455832985755,-0.6503493518743785,time
GODREJCP,2026-09-17,1,1.1577213947864318,0.008594510731877704,0.0004010491905646708,-0.0015989508094353291,0.04666341145833333,time
GODREJCP,2026-09-22,-1,0.2990286918399958,0.0030530235185051843,-0.0030530235185051843,-0.005053023518505184,-1.0,stop
GODREJCP,2026-09-23,1,1.1255670340577155,0.009208703741199828,0.00017055982063046625,-0.0018294401793695339,0.01852158842589104,time
GODREJCP,2026-09-24,-1,1.146473747670382,0.008614773599551722,0.0015974719021699237,-0.0004025280978300764,0.18543399704120486,time
GODREJCP,2026-09-25,1,0.7953438024432252,0.006769454604239497,0.001194593296986532,-0.000805406703013468,0.1764681745909627,time
GODREJCP,2026-09-28,-1,1.3629770432842303,0.013954820837253908,-0.0052113491603937466,-0.007211349160393747,-0.3734443617134435,time
GODREJCP,2026-09-29,-1,1.3590273079649349,0.011451462310481641,0.005987356005216319,0.003987356005216319,0.5228464140982265,time
GODREJCP,2026-10-05,-1,0.5026483361368158,0.007028367732575788,-0.007028367732575788,-0.009028367732575787,-1.0,stop
GODREJCP,2026-10-06,1,2.0141492178628075,0.01878018976081416,0.014593857334520701,0.012593857334520701,0.7770878526995261,time
HAVELLS,2026-07-31,-1,0.7611263541804868,0.007148530579825258,-0.0007942811755361397,-0.00279428117553614,-0.1111111111111111,time
HAVELLS,2026-08-03,1,1.108524266347694,0.007238356547501967,-0.007238356547501967,-0.009238356547501967,-1.0,stop
HAVELLS,2026-08-04,1,0.9544464437587774,0.005970343074665161,0.008955514611997742,0.006955514611997742,1.5,target
HAVELLS,2026-08-06,-1,1.139988067118004,0.0071885847951788425,-0.0071885847951788425,-0.009188584795178843,-1.0,stop
HAVELLS,2026-08-07,1,0.9797002559878868,0.008048931669816285,-0.008048931669816285,-0.010048931669816285,-1.0,stop
HAVELLS,2026-08-10,-1,1.0919577492976487,0.008001940560843536,-0.008001940560843536,-0.010001940560843536,-1.0,stop
HAVELLS,2026-08-11,-1,0.9167431122965194,0.005949565868705517,0.002348520387242114,0.000348520387242114,0.394738110152749,time
HAVELLS,2026-08-12,-1,0.9595825716014611,0.005840587540696527,0.0015785319652722968,-0.0004214680347277033,0.27026937859817557,time
HAVELLS,2026-08-17,-1,2.7018044340269136,0.015667608701712934,-0.015667608701712934,-0.017667608701712932,-1.0,stop
HAVELLS,2026-08-20,-1,1.0154429463515529,0.007189242473411526,0.0013283982470408656,-0.0006716017529591345,0.1847758302705428,time
HAVELLS,2026-08-26,-1,0.7135505552084287,0.005686812559059866,0.0058447394019084855,0.0038447394019084855,1.0277707135954428,time
HAVELLS,2026-08-28,-1,0.8579332140953089,0.006700612864538115,0.010050919296807171,0.008050919296807171,1.5,target
HAVELLS,2026-08-31,-1,0.9960848244544535,0.007502659248715565,-0.007502659248715565,-0.009502659248715566,-1.0,stop
HAVELLS,2026-09-03,-1,1.263017309394364,0.00938176471249876,-0.005193458634853537,-0.007193458634853537,-0.5535694822888283,time
HAVELLS,2026-09-07,-1,0.6898763170507118,0.00574210496411118,-0.0005219902324635444,-0.0025219902324635445,-0.09090572807812529,time
HAVELLS,2026-09-08,-1,0.7538143944001813,0.007642933144764039,-0.007642933144764039,-0.009642933144764039,-1.0,stop
HAVELLS,2026-09-10,-1,0.48060116723278923,0.003839329310825893,0.005758993966238839,0.0037589939662388393,1.5,target
HAVELLS,2026-09-11,-1,0.7662928571636675,0.007561309280613606,-0.007561309280613606,-0.009561309280613606,-1.0,stop
HAVELLS,2026-09-15,-1,1.842658195487463,0.012325516843412689,0.018488275265119033,0.016488275265119035,1.5,target
HAVELLS,2026-09-22,-1,0.5636114479258794,0.0035310316107401538,0.005296547416110231,0.003296547416110231,1.5,target
HAVELLS,2026-09-24,1,1.1157176640803022,0.008287773757684426,-0.008287773757684426,-0.010287773757684426,-1.0,stop
HAVELLS,2026-09-25,1,0.9960483881481389,0.00722122889768053,0.0022851919561243145,0.00028519195612431445,0.316454718234776,time
HAVELLS,2026-09-28,-1,1.6456479957237433,0.010421402055662618,-0.0006455327311213198,-0.0026455327311213197,-0.06194298307208677,time
HAVELLS,2026-09-30,1,0.9131213989252497,0.0054130590426163345,-0.0054130590426163345,-0.0074130590426163346,-1.0,stop
HAVELLS,2026-10-01,1,1.8795537728021916,0.012584704743465635,0.006776379477250726,0.004776379477250726,0.5384615384615384,time
HAVELLS,2026-10-08,-1,0.6798586018838477,0.004834558221543553,0.007251837332315329,0.0052518373323153286,1.5,target
ICICIGI,2026-07-31,-1,0.7974067315022247,0.008101608528993215,0.002761922215147927,0.0007619222151479268,0.340910351970703,time
ICICIGI,2026-08-04,-1,1.3567108587748067,0.012627519089790602,0.0014569587268641105,-0.0005430412731358895,0.11537964951817552,time
ICICIGI,2026-08-10,-1,1.143541962992204,0.012527027971690837,-0.012527027971690837,-0.014527027971690837,-1.0,stop
ICICIGI,2026-08-13,-1,0.7063870643816789,0.00851224355030958,-0.004194454128381649,-0.006194454128381649,-0.49275541795665634,time
ICICIGI,2026-08-17,1,0.4799146971772485,0.00607326210805196,-0.0023311004323195703,-0.00433110043231957,-0.38383003908706426,time
ICICIGI,2026-08-18,-1,0.7098838556315463,0.007156061434878161,-0.007156061434878161,-0.009156061434878161,-1.0,stop
ICICIGI,2026-08-19,-1,0.811108788140514,0.008523810270614577,0.0020383254034126003,3.832540341260028e-05,0.2391331269349845,time
ICICIGI,2026-08-20,1,0.7849590652120249,0.007355194606190622,0.011032791909285933,0.009032791909285933,1.5,target
ICICIGI,2026-08-25,1,1.1855633836658763,0.01036968521139352,-0.01036968521139352,-0.01236968521139352,-1.0,stop
ICICIGI,2026-08-28,-1,0.6143596702738395,0.004488258092395781,0.0067323871385936715,0.0047323871385936715,1.5,target
ICICIGI,2026-09-03,-1,0.48595583002233883,0.008657489122395527,0.001967600246654575,-3.23997533454249e-05,0.22727146622277708,time
ICICIGI,2026-09-04,1,0.759568756463876,0.010865992090399634,-0.010865992090399634,-0.012865992090399634,-1.0,stop
ICICIGI,2026-09-07,-1,1.3204870186430824,0.01136287699847202,0.0018046595922291773,-0.00019534040777082276,0.15882065716911764,time
ICICIGI,2026-09-15,-1,1.2804470979859155,0.010850000809865238,0.016275001214797857,0.014275001214797857,1.5,target
ICICIGI,2026-09-16,1,0.5662265516387892,0.00526459941428911,-0.00526459941428911,-0.00726459941428911,-1.0,stop
ICICIGI,2026-09-17,1,0.7408362723652755,0.00808175144469971,0.012122627167049564,0.010122627167049564,1.5,target
ICICIGI,2026-09-18,-1,0.7964676771984918,0.007590182588435004,0.011385273882652506,0.009385273882652506,1.5,target
ICICIGI,2026-09-23,1,0.5902255802786024,0.007961398763959439,0.003947296853416474,0.001947296853416474,0.4958044397029256,time
ICICIGI,2026-09-24,1,2.1724625507893798,0.028746186406721077,0.037363538121639596,0.035363538121639594,1.2997737366965558,time
ICICIGI,2026-09-28,-1,1.0301484680159463,0.00800784428914388,-0.00800784428914388,-0.01000784428914388,-1.0,stop
ICICIGI,2026-09-29,-1,1.1783130204730565,0.011940085292190455,0.0005937228046489309,-0.0014062771953510691,0.04972517282077221,time
ICICIGI,2026-10-06,-1,0.6194569766019958,0.00500159823619025,-0.00500159823619025,-0.00700159823619025,-1.0,stop
ICICIGI,2026-10-08,1,1.7557343587121814,0.014682165709811438,0.006071149253232459,0.004071149253232459,0.41350502189029104,time
ICICIPRULI,2026-07-31,1,0.599542566192915,0.00623601686599374,0.0030205353585213116,0.0010205353585213115,0.4843693375803554,time
ICICIPRULI,2026-08-03,1,0.6729398254180267,0.006150321510875296,-0.006150321510875296,-0.008150321510875295,-1.0,stop
ICICIPRULI,2026-08-04,-1,1.440009248284786,0.013592826858907206,-0.004400547728765043,-0.0064005477287650435,-0.3237404385741455,time
ICICIPRULI,2026-08-10,-1,1.2727791466971794,0.013762371400465294,-0.006375215255157152,-0.008375215255157152,-0.463235228119306,time
ICICIPRULI,2026-08-12,-1,1.184736928630286,0.012537941773571905,-0.012537941773571905,-0.014537941773571905,-1.0,stop
ICICIPRULI,2026-08-14,-1,0.7943373755486385,0.0076571324522403,-0.0076571324522403,-0.0096571324522403,-1.0,stop
ICICIPRULI,2026-08-17,-1,0.7958805681700701,0.008897676717745922,-0.002471576866040534,-0.004471576866040534,-0.2777777777777778,time
ICICIPRULI,2026-08-18,1,0.48996314435406585,0.004738916687164371,0.0071083750307465565,0.005108375030746556,1.5,target
ICICIPRULI,2026-08-19,-1,0.43931576634130004,0.006654604458889724,-0.006654604458889724,-0.008654604458889725,-1.0,stop
ICICIPRULI,2026-08-20,1,0.772662161720254,0.007331111784307898,-0.0053497367579292705,-0.0073497367579292705,-0.7297306214018286,time
ICICIPRULI,2026-09-03,-1,0.654158407355107,0.005798827956590958,0.008698241934886436,0.006698241934886436,1.5,target
ICICIPRULI,2026-09-04,1,1.0259585053398845,0.009148523684947544,-0.005629874889282777,-0.007629874889282777,-0.615386163184542,time
ICICIPRULI,2026-09-07,-1,1.0480590061055384,0.00926974948366233,0.013904624225493495,0.011904624225493494,1.5,target
ICICIPRULI,2026-09-10,1,1.05717461094436,0.010233760772297573,-0.010233760772297573,-0.012233760772297573,-1.0,stop
ICICIPRULI,2026-09-15,-1,1.0080007587005018,0.009837480845749496,0.014756221268624303,0.012756221268624303,1.5000000000000062,target
ICICIPRULI,2026-09-16,1,1.9157999460508408,0.015830229978844736,0.012276571951091298,0.010276571951091298,0.7755144408828875,time
ICICIPRULI,2026-09-17,1,1.7896238154424828,0.01892313182011227,0.028384697730168346,0.026384697730168348,1.499999999999997,target
ICICIPRULI,2026-09-21,1,1.070030044615396,0.009472011469984212,-0.0064490369373392,-0.0084490369373392,-0.6808518927342418,time
ICICIPRULI,2026-09-23,-1,0.4777403709435637,0.006995872214988426,-0.006995872214988426,-0.008995872214988425,-1.0,stop
ICICIPRULI,2026-09-29,-1,1.9292070339445433,0.020618515100318712,0.003697947935727328,0.001697947935727328,0.17935083674721886,time
ICICIPRULI,2026-10-08,-1,0.41986099848525205,0.0055248618784530384,-0.0055248618784530384,-0.0075248618784530385,-1.0,stop
INDIGO,2026-07-31,1,0.416412960419644,0.00322366549729781,-0.00322366549729781,-0.0052236654972978094,-1.0,stop
INDIGO,2026-08-04,1,0.4822339380569437,0.0027741816164231553,-0.0027741816164231553,-0.004774181616423155,-1.0,stop
INDIGO,2026-08-06,-1,0.5158296121007464,0.004823747680890538,0.007235621521335807,0.005235621521335807,1.5,target
INDIGO,2026-08-07,1,1.2680804090580284,0.008893465643137989,-0.0014978468451600825,-0.0034978468451600823,-0.16842105263157894,time
INDIGO,2026-08-13,-1,0.7321521728340554,0.005267118133935289,-0.005267118133935289,-0.0072671181339352894,-1.0,stop
INDIGO,2026-08-18,1,1.2772623913871095,0.01032208735544299,-0.0021982223071776736,-0.004198222307177674,-0.21296296296296297,time
INDIGO,2026-08-21,-1,0.47933341590617984,0.008490289840929052,0.012735434761393579,0.010735434761393579,1.5,target
INDIGO,2026-08-24,1,0.5388205550445224,0.004281821720513819,-0.004281821720513819,-0.006281821720513819,-1.0,stop
INDIGO,2026-08-26,-1,0.9307265199834579,0.007452703993884961,-0.0033441620485381235,-0.0053441620485381236,-0.44871794871794873,time
INDIGO,2026-08-28,-1,0.5082503411818478,0.004447022428460944,0.001160092807424594,-0.0008399071925754061,0.2608695652173913,time
INDIGO,2026-09-01,-1,0.7655444379321928,0.0056324110671936755,-0.0056324110671936755,-0.0076324110671936755,-1.0,stop
INDIGO,2026-09-03,-1,1.8674887182851152,0.013680716225731818,-0.0019112765315360627,-0.0039112765315360625,-0.13970588235294118,time
INDIGO,2026-09-07,1,0.3888893261089259,0.003925911012683712,0.005888866519025569,0.0038888665190255686,1.5,target
INDIGO,2026-09-15,-1,1.0916551856756498,0.007020042730694883,0.010530064096042324,0.008530064096042324,1.5,target
INDIGO,2026-09-25,1,0.7209165484535571,0.0061897513952308475,-0.0061897513952308475,-0.008189751395230847,-1.0,stop
INDIGO,2026-09-28,-1,0.6328001143984094,0.004506349856616141,0.006759524784924211,0.004759524784924211,1.5,target
INDIGO,2026-09-29,1,0.7347694667946401,0.005119803399549457,-0.005119803399549457,-0.007119803399549457,-1.0,stop
INDIGO,2026-10-01,-1,0.43631916055195197,0.004864525832712269,-0.004864525832712269,-0.006864525832712269,-1.0,stop
INDIGO,2026-10-06,-1,0.5364825407787774,0.0037726098600669054,-0.0037726098600669054,-0.0057726098600669054,-1.0,stop
INDIGO,2026-10-08,-1,1.4036070527705864,0.007909146217805718,0.011863719326708579,0.009863719326708579,1.5,target
IOC,2026-07-31,-1,0.48059459433704826,0.005306871926411143,-0.005306871926411143,-0.007306871926411143,-1.0,stop
IOC,2026-08-07,1,0.8059088925505083,0.007417757899707147,-0.007417757899707147,-0.009417757899707148,-1.0,stop
IOC,2026-08-10,-1,0.7346697715032046,0.006971869670169454,-0.0,-0.002,-0.0,time
IOC,2026-08-12,1,0.9639736500006596,0.009315399392082077,-0.009315399392082077,-0.011315399392082077,-1.0,stop
IOC,2026-08-14,-1,0.7875380794938829,0.007158196290945465,0.0021474807323650937,0.00014748073236509366,0.3000030517578125,time
IOC,2026-08-17,-1,0.8224428071990666,0.007225433844657141,-0.0015173896179812047,-0.0035173896179812045,-0.2100067138671875,time
IOC,2026-08-18,1,0.5421549951193396,0.004894498752102711,-0.004894498752102711,-0.006894498752102711,-1.0,stop
IOC,2026-08-20,-1,1.0182298860178882,0.008384814161179088,0.00044140051794136546,-0.0015585994820586347,0.052642850450402214,time
IOC,2026-08-21,1,0.5420010129432934,0.005294515711592628,-0.0006618986178672682,-0.002661898617867268,-0.12501589454499215,time
IOC,2026-08-25,-1,0.5749202051219504,0.005536493648878011,-0.005536493648878011,-0.007536493648878011,-1.0,stop
IOC,2026-08-27,-1,0.569521125269415,0.004686439578769402,0.007029659368154103,0.005029659368154103,1.5,target
IOC,2026-08-31,-1,1.2492352102187132,0.008285326502885828,-0.008285326502885828,-0.010285326502885828,-1.0,stop
IOC,2026-09-02,-1,0.6612117246255125,0.005650210368467271,-0.005650210368467271,-0.007650210368467271,-1.0,stop
IOC,2026-09-03,1,1.071090285579275,0.007213680075328872,0.00408042506688506,0.0020804250668850603,0.5656509609901204,time
IOC,2026-09-04,1,0.5815248679447729,0.004074784169674457,0.0012370911503681963,-0.0007629088496318038,0.3035967302452316,time
IOC,2026-09-07,-1,1.3826144231951283,0.010067571272436996,0.006834273383718285,0.004834273383718285,0.6788403278980665,time
IOC,2026-09-09,1,0.9380979157672538,0.008635477155492772,0.009454360568372563,0.007454360568372563,1.0948278130014997,time
IOC,2026-09-10,1,1.5835918648039609,0.010381413533158823,-0.006479199200098864,-0.008479199200098864,-0.6241153171871956,time
IOC,2026-09-11,1,1.087327641186449,0.007299781955598231,0.010949672933397346,0.008949672933397346,1.5,target
IOC,2026-09-25,-1,0.6186292246376203,0.0064940219798186715,-0.0064940219798186715,-0.008494021979818672,-1.0,stop
IOC,2026-09-28,-1,1.048043200554511,0.0077426535841566705,0.007444907277187839,0.005444907277187839,0.9615446689261558,time
IOC,2026-09-29,-1,0.7085517333476427,0.008165748343493746,-0.008165748343493746,-0.010165748343493746,-1.0,stop
IOC,2026-10-01,-1,2.0008460142965525,0.016065436566582998,-0.016065436566582998,-0.018065436566583,-1.0,stop
IOC,2026-10-06,-1,0.9896782582726276,0.008778679996075438,-0.008778679996075438,-0.010778679996075438,-1.0,stop
IOC,2026-10-08,-1,0.4874238623391237,0.007032486128533725,0.010548729192800588,0.008548729192800588,1.5,target
IRCTC,2026-08-03,1,0.9951773220807258,0.00971555686081245,0.014573335291218618,0.012573335291218618,1.4999999999999942,target
IRCTC,2026-08-04,-1,1.3628411538018212,0.010359116271614047,-0.010359116271614047,-0.012359116271614047,-1.0,stop
IRCTC,2026-08-05,-1,0.6438119214044806,0.0049024412984717885,-0.0002941345090573762,-0.0022941345090573763,-0.05999755859372863,time
IRCTC,2026-08-11,-1,0.6634124123846795,0.0057692307692307696,0.008653846153846154,0.006653846153846154,1.5,target
IRCTC,2026-08-12,-1,0.6106143523604705,0.003879352240045338,-0.003879352240045338,-0.005879352240045339,-1.0,stop
IRCTC,2026-08-20,-1,1.1609415319088243,0.0083528696190971,0.008862190179128265,0.006862190179128265,1.0609755189841237,time
IRCTC,2026-08-21,-1,0.6617131107563295,0.008324743664889634,0.005447058368929856,0.0034470583689298557,0.6543214527917924,time
IRCTC,2026-08-25,1,0.6616092349839231,0.004435783701082627,-0.004435783701082627,-0.006435783701082627,-1.0,stop
IRCTC,2026-08-26,1,0.4539538105442746,0.0031942046222950917,0.004791306933442579,0.002791306933442579,1.4999999999999816,target
IRCTC,2026-08-27,-1,0.7770700008970336,0.0063368264688954635,0.004292735182162979,0.002292735182162979,0.677426658791119,time
IRCTC,2026-08-28,-1,0.679853754716584,0.004324114341414443,-0.004324114341414443,-0.006324114341414443,-1.0,stop
IRCTC,2026-09-01,1,0.8594389639064047,0.006102568735416201,-0.00330990095928341,-0.00530990095928341,-0.5423783168675234,time
IRCTC,2026-09-02,-1,1.2923981537404012,0.01426156808386099,0.0014789387439396433,-0.0005210612560603567,0.10370099103010101,time
IRCTC,2026-09-04,1,0.7830189967533326,0.005871905787370346,-0.0022019886696171666,-0.004201988669617167,-0.3750040871489012,time
IRCTC,2026-09-07,-1,0.7643092415529865,0.004736842105263158,0.0009473941200656698,-0.0010526058799343301,0.20000542534719695,time
IRCTC,2026-09-08,-1,0.6775276052600647,0.004657096180050613,0.00021169793566399198,-0.0017883020643360082,0.04545706755441999,time
IRCTC,2026-09-09,-1,1.1051540415448924,0.006046475159883157,0.0038188570854744124,0.0018188570854744124,0.6315840195311756,time
IRCTC,2026-09-11,-1,1.0641128113543339,0.006918197581843794,-0.0006486181352600151,-0.002648618135260015,-0.09375536439755014,time
IRCTC,2026-09-16,-1,2.1107898815937896,0.019170766800059313,-0.010476998719363924,-0.012476998719363924,-0.5465091109100294,time
IRCTC,2026-09-17,1,1.027207138159781,0.0073473100423880645,0.003399468694969344,0.0013994686949693439,0.4626820802929434,time
IRCTC,2026-09-21,-1,2.6289200781953066,0.016108533912999035,0.001801559152033041,-0.00019844084796695905,0.11183880306942426,time
IRCTC,2026-09-22,-1,0.5700523511110638,0.0037143160833500717,-0.0037143160833500717,-0.005714316083350072,-1.0,stop
IRCTC,2026-09-23,-1,0.9053637128014046,0.007374972845356384,0.006733633986066935,0.004733633986066935,0.9130384785493459,time
IRCTC,2026-09-25,-1,0.5328113188293948,0.006986926216225561,-0.002183406113537118,-0.004183406113537118,-0.3124988079116464,time
IRCTC,2026-09-28,-1,0.9997628039857382,0.008021964607657967,0.0027472527472527475,0.0007472527472527474,0.34246632609549926,time
IRCTC,2026-09-29,-1,0.8956916688044253,0.00732848856319322,-0.00732848856319322,-0.00932848856319322,-1.0,stop
IRCTC,2026-09-30,1,1.3355570790252,0.010385918741903099,0.01557887811285465,0.01357887811285465,1.5,target
IRCTC,2026-10-05,1,1.8223760537223892,0.01557769800275608,-0.01557769800275608,-0.01757769800275608,-1.0,stop
IRCTC,2026-10-07,-1,0.9041924539820507,0.00820213176544301,-0.00820213176544301,-0.01020213176544301,-1.0,stop
IRCTC,2026-10-08,-1,0.9029349339191105,0.007526273152151356,-0.007526273152151356,-0.009526273152151356,-1.0,stop
JINDALSTEL,2026-07-31,1,1.3064503929680302,0.01126938383543354,-0.0064911210681791115,-0.008491121068179112,-0.57599609375,time
JINDALSTEL,2026-08-04,1,1.0197343459812602,0.00843051516956278,0.008071748878923767,0.006071748878923767,0.9574443217972859,time
JINDALSTEL,2026-08-05,-1,0.7627777342061344,0.008685485984759137,0.003044434335072063,0.0010444343350720629,0.35051974528705543,time
JINDALSTEL,2026-08-12,1,0.8302998953406727,0.008149958889842242,0.006972698389397095,0.004972698389397095,0.8555501302083334,time
JINDALSTEL,2026-08-17,-1,0.5536242727165154,0.003663003663003663,-0.003663003663003663,-0.005663003663003663,-1.0,stop
JINDALSTEL,2026-08-18,-1,0.8458321252812437,0.007202665302685371,0.008283021136507961,0.006283021136507961,1.149993896484375,time
JINDALSTEL,2026-08-20,1,1.4869929933406936,0.012033157773617733,-0.0026740350608039404,-0.00467403506080394,-0.2222222222222222,time
JINDALSTEL,2026-08-21,1,0.6014684654722036,0.0072649521809240655,-0.0007972910274477062,-0.0027972910274477064,-0.10974484175425016,time
JINDALSTEL,2026-08-26,-1,0.8702701540101252,0.008380598503655608,-0.008380598503655608,-0.010380598503655608,-1.0,stop
JINDALSTEL,2026-08-31,-1,1.5231184468884649,0.012394946202086315,-0.012394946202086315,-0.014394946202086315,-1.0,stop
JINDALSTEL,2026-09-03,-1,0.681195336300129,0.007522655574470385,0.011283983361705578,0.009283983361705578,1.5,target
JINDALSTEL,2026-09-07,-1,2.0775705238015756,0.01961644971989252,-0.005254400448129205,-0.007254400448129205,-0.26785685091634376,time
JINDALSTEL,2026-09-10,-1,1.04375054457446,0.008764241893076249,0.0035056967572304996,0.0015056967572304996,0.4,time
JINDALSTEL,2026-09-11,1,1.130472210003298,0.011400315235076302,0.0058348294434470375,0.0038348294434470374,0.5118129914069859,time
JINDALSTEL,2026-09-15,-1,0.5710127518853063,0.0037127369416386094,0.005569105412457915,0.0035691054124579145,1.5,target
JINDALSTEL,2026-09-16,1,0.883234763558412,0.008023384788802119,-0.008023384788802119,-0.010023384788802119,-1.0,stop
JINDALSTEL,2026-09-17,1,0.8948370733266411,0.0067240450384066204,0.010086067557609931,0.008086067557609931,1.5,target
JINDALSTEL,2026-09-23,1,0.4587134273848514,0.004844688526394127,0.007267032789591191,0.005267032789591191,1.5,target
JINDALSTEL,2026-09-24,1,1.2533570109796246,0.008983572519976897,-0.008983572519976897,-0.010983572519976897,-1.0,stop
JINDALSTEL,2026-09-25,1,0.744635370294904,0.008680683786796305,-0.008680683786796305,-0.010680683786796305,-1.0,stop
JINDALSTEL,2026-09-30,1,0.8753505842473049,0.0063519639804808115,-0.0063519639804808115,-0.008351963980480812,-1.0,stop
JINDALSTEL,2026-10-01,-1,0.6593462352777085,0.012791776049300724,0.01918766407395109,0.017187664073951087,1.5,target
JINDALSTEL,2026-10-07,-1,1.7746280524815936,0.014647864399941314,0.003755868544600939,0.0017558685446009388,0.256410657693963,time
JINDALSTEL,2026-10-08,-1,0.7760137272012483,0.010875810861579805,0.016313716292369707,0.014313716292369707,1.5,target
LODHA,2026-08-06,-1,0.75008871133097,0.013201627498773563,0.016765167239399595,0.014765167239399595,1.2699318505204822,time
LODHA,2026-08-10,-1,0.2556005453446253,0.005190779502002991,0.007786169253004487,0.005786169253004487,1.5,target
LODHA,2026-08-11,1,0.7563473639688342,0.009857413919297352,-0.009857413919297352,-0.011857413919297352,-1.0,stop
LODHA,2026-08-18,-1,0.9517545186359307,0.020097284301559968,0.01855755625126621,0.01655755625126621,0.9233862631791379,time
LODHA,2026-08-20,1,0.5205517973490095,0.007508424773986123,0.011262637160979184,0.009262637160979184,1.5,target
LODHA,2026-08-24,1,1.034367471398493,0.013563422483196228,0.009951865500852728,0.007951865500852728,0.7337281953122179,time
LODHA,2026-08-27,1,0.75930515268586,0.010611539473464531,-0.010611539473464531,-0.012611539473464531,-1.0,stop
LODHA,2026-08-31,-1,0.6226862106303268,0.012211837260760517,0.018317755891140777,0.016317755891140776,1.5,target
LODHA,2026-09-03,-1,0.779900924011612,0.009518292058235685,-0.009518292058235685,-0.011518292058235685,-1.0,stop
LODHA,2026-09-04,1,0.885355671415833,0.009340481202142774,-0.009340481202142774,-0.011340481202142774,-1.0,stop
LODHA,2026-09-07,-1,0.8073416772765628,0.012205219467346191,0.010390875671796956,0.008390875671796956,0.8513468929908777,time
LODHA,2026-09-10,-1,1.3016136069034157,0.017105213230357724,-0.017105213230357724,-0.019105213230357722,-1.0,stop
LODHA,2026-09-11,-1,1.7301823511762995,0.019632473701535185,0.02944871055230278,0.02744871055230278,1.5,target
LODHA,2026-09-15,-1,1.3517649408643526,0.017040866315119713,0.02556129947267957,0.02356129947267957,1.5,target
LODHA,2026-09-18,1,1.8759300702811694,0.02505935001881555,0.0065065523837573615,0.004506552383757361,0.25964569627192985,time
LODHA,2026-09-22,-1,0.8281708261882407,0.010117728378488879,0.002180549498473615,0.00018054949847361515,0.215517694970903,time
LODHA,2026-09-28,-1,1.029100845152671,0.016962512234248637,0.0232578269839762,0.0212578269839762,1.3711310366525091,time
LODHA,2026-09-30,1,0.8123034185774821,0.014287019557245316,-0.014287019557245316,-0.016287019557245316,-1.0,stop
LODHA,2026-10-01,-1,0.8241458424189007,0.018089725435640094,-0.0,-0.002,-0.0,time
LODHA,2026-10-06,1,0.5724131186498138,0.007219009653967909,-0.007219009653967909,-0.009219009653967908,-1.0,stop
LODHA,2026-10-08,-1,1.5164928365871917,0.017973384306224208,0.022833584973922513,0.020833584973922514,1.2704109913242776,time
MARICO,2026-07-31,-1,1.1827117774460554,0.011342923014783212,0.007922950422156346,0.005922950422156346,0.6984928322118009,time
MARICO,2026-08-03,1,1.3282322830789695,0.01394342970827828,0.0027318017727046722,0.0007318017727046722,0.19592036033163265,time
MARICO,2026-08-05,-1,4.078672449035197,0.0315206495380344,-0.00394741706188065,-0.00594741706188065,-0.12523273218457945,time
MARICO,2026-08-07,-1,0.3891514597016645,0.005707658024534071,-0.005707658024534071,-0.007707658024534071,-1.0,stop
MARICO,2026-08-10,-1,0.7442487034994716,0.007179575752212364,-0.007179575752212364,-0.009179575752212364,-1.0,stop
MARICO,2026-08-11,-1,0.6416013303107025,0.005966628354416496,-0.0002924831822170225,-0.0022924831822170224,-0.04901984250460758,time
MARICO,2026-08-12,-1,0.7027787592205507,0.006544097379899779,0.009816146069849669,0.007816146069849669,1.5,target
MARICO,2026-08-14,-1,0.5990805432164626,0.005821060514514386,-0.005821060514514386,-0.007821060514514387,-1.0,stop
MARICO,2026-08-18,-1,0.561438938969621,0.006014831276201242,0.007489133669363808,0.005489133669363808,1.2451111802580244,time
MARICO,2026-08-19,1,1.6260546598476973,0.015694499379819038,-0.004450676794680605,-0.006450676794680605,-0.2835819535858252,time
MARICO,2026-08-21,-1,0.9004182231961312,0.007819346561767585,0.001411032029874464,-0.000588967970125536,0.18045395721090746,time
MARICO,2026-08-25,1,0.4859046666219097,0.0042497647145455335,-0.0042497647145455335,-0.0062497647145455335,-1.0,stop
MARICO,2026-08-26,-1,1.0065411678012102,0.009523809523809525,0.008333333333333333,0.006333333333333333,0.875,time
MARICO,2026-09-01,1,1.2134978759898356,0.012889424171669403,0.00023863368665590437,-0.0017613663133440958,0.018513913692158147,time
MARICO,2026-09-03,-1,0.6200064183723116,0.005390360696301316,0.008085541044451973,0.006085541044451973,1.5,target
MARICO,2026-09-08,1,0.6504350390006334,0.00715701956242976,0.01073552934364464,0.00873552934364464,1.5,target
MARICO,2026-09-09,-1,1.0419959460633348,0.008220873873657976,0.0013496632956288344,-0.0006503367043711656,0.16417516146957814,time
MARICO,2026-09-10,-1,0.9695926873881923,0.0082788974964986,0.0003112356053532524,-0.0016887643946467477,0.037593846944582114,time
MARICO,2026-09-11,1,1.4301745591874473,0.010013743728882741,-0.0022391451342932836,-0.004239145134293284,-0.22360719376459529,time
MARICO,2026-09-16,1,2.635385437640774,0.01706757529072188,0.0019788963518028563,-2.110364819714371e-05,0.11594478524893963,time
MARICO,2026-09-21,1,1.882136733911971,0.013906708647834706,0.00567249089852089,0.00367249089852089,0.40789600488280203,time
MARICO,2026-09-22,1,0.6642583176595119,0.005183206267492613,-0.005183206267492613,-0.007183206267492613,-1.0,stop
MARICO,2026-09-28,-1,1.2098761562709268,0.007857983928893777,-0.006373004046100012,-0.008373004046100013,-0.811022789530849,time
MARICO,2026-09-29,-1,1.8865274692593659,0.013218956460159666,0.013720024441594455,0.011720024441594454,1.0379052599912064,time
MARICO,2026-09-30,1,1.1062203970761202,0.008900000734487622,-0.008900000734487622,-0.010900000734487622,-1.0,stop
MARICO,2026-10-01,1,0.4836183893282447,0.005142515212676775,-0.005142515212676775,-0.007142515212676775,-1.0,stop
MARICO,2026-10-06,-1,0.7272754803351543,0.00737865006429637,-0.00737865006429637,-0.009378650064296369,-1.0,stop
MARICO,2026-10-07,-1,1.4395264738026115,0.010172939663831657,-0.0010808437939340183,-0.003080843793934018,-0.1062469482421875,time
MUTHOOTFIN,2026-07-31,1,0.9634599766908044,0.011806128676650618,0.01770919301497593,0.015709193014975927,1.5,target
MUTHOOTFIN,2026-08-03,-1,3.5675553330719274,0.034690368692609844,-0.029632778651133677,-0.031632778651133675,-0.8542076595872676,time
MUTHOOTFIN,2026-08-04,-1,0.6013015450167887,0.00736723326814659,-0.00736723326814659,-0.00936723326814659,-1.0,stop
MUTHOOTFIN,2026-08-06,-1,0.37278650595474583,0.004356490337994449,-0.004356490337994449,-0.006356490337994449,-1.0,stop
MUTHOOTFIN,2026-08-10,1,0.6720916524607575,0.012601217726695067,-0.0076153565059185946,-0.009615356505918594,-0.6043349675472897,time
MUTHOOTFIN,2026-08-11,1,1.0157790531311857,0.011864406779661017,-0.011559355137711865,-0.013559355137711865,-0.9742885044642857,time
MUTHOOTFIN,2026-08-12,-1,0.6340358227422819,0.007250061217612653,0.01087509182641898,0.00887509182641898,1.5,target
MUTHOOTFIN,2026-08-18,-1,0.6123190862241901,0.007218479551665799,-0.007218479551665799,-0.009218479551665798,-1.0,stop
MUTHOOTFIN,2026-08-19,-1,0.670413236577199,0.008385744234800839,0.0010482180293501049,-0.0009517819706498952,0.125,time
MUTHOOTFIN,2026-08-20,1,1.8125228123952069,0.017363749491356575,-0.0005720467072069752,-0.002572046707206975,-0.032944883678017345,time
MUTHOOTFIN,2026-08-21,1,0.8893786995594232,0.012072864651424762,-0.0031666767868466224,-0.005166676786846623,-0.26229705030884376,time
MUTHOOTFIN,2026-08-24,1,1.2918336553696745,0.014816457532738204,0.022224686299107305,0.020224686299107307,1.5,target
MUTHOOTFIN,2026-08-27,-1,1.0891759135484878,0.01978953981466939,0.029684309722004084,0.027684309722004086,1.5,target
MUTHOOTFIN,2026-09-02,1,1.0539903132956456,0.012538674041113581,0.018808011061670373,0.016808011061670375,1.5,target
MUTHOOTFIN,2026-09-03,1,0.8635936140086371,0.01023489932885906,-0.01023489932885906,-0.01223489932885906,-1.0,stop
MUTHOOTFIN,2026-09-09,-1,1.0279503611052914,0.012803182105729269,0.0016314716615571697,-0.0003685283384428303,0.12742704493964088,time
MUTHOOTFIN,2026-09-11,-1,1.6698944853203432,0.015251946428763449,-0.015251946428763449,-0.01725194642876345,-1.0,stop
MUTHOOTFIN,2026-09-15,-1,0.8904208723042413,0.011373980164358723,0.013909480574826622,0.011909480574826622,1.2229211211756017,time
MUTHOOTFIN,2026-09-16,1,1.440053410295914,0.014198163006756756,-0.0012973324887387387,-0.0032973324887387388,-0.09137326343706237,time
MUTHOOTFIN,2026-09-18,1,0.7792950878386107,0.010449505500882179,0.0063759694581653975,0.0043759694581653975,0.6101694915254238,time
MUTHOOTFIN,2026-09-28,-1,1.012608944407292,0.009826524119190752,0.006550986787037435,0.004550986787037435,0.6666636857119861,time
MUTHOOTFIN,2026-09-29,-1,0.3349412298295157,0.0051541097005941856,0.007731164550891278,0.005731164550891278,1.5,target
MUTHOOTFIN,2026-10-06,-1,0.58829937507565,0.00656989366774946,0.003006606051236453,0.0010066060512364527,0.4576338983985986,time
MUTHOOTFIN,2026-10-07,1,0.678627688810562,0.005852294873683821,-0.005852294873683821,-0.00785229487368382,-1.0,stop
MUTHOOTFIN,2026-10-08,-1,0.5637155055973354,0.006960840178062001,0.010441260267093001,0.008441260267093001,1.5,target
NAUKRI,2026-07-31,1,1.0222889013759708,0.00990097031966321,0.003763992862966907,0.001763992862966907,0.38016403861868586,time
NAUKRI,2026-08-04,1,1.0957682754196494,0.01060070671378092,-0.01060070671378092,-0.01260070671378092,-1.0,stop
NAUKRI,2026-08-07,1,0.5812866045983119,0.005407111051476513,-0.005407111051476513,-0.007407111051476513,-1.0,stop
NAUKRI,2026-08-11,1,2.66512108252063,0.02434606764648024,0.03651910146972036,0.034519101469720356,1.5,target
NAUKRI,2026-08-12,-1,1.2583913373025313,0.01435268054505799,0.004238827529448205,0.0022388275294482046,0.29533351042971173,time
NAUKRI,2026-08-13,-1,0.9077012430098284,0.008895884614212354,-0.008895884614212354,-0.010895884614212354,-1.0,stop
NAUKRI,2026-08-14,-1,1.014435401404858,0.012373174665737882,0.004964030091323466,0.0029640300913234656,0.40119292141483986,time
NAUKRI,2026-08-17,1,1.2284323841343838,0.014550299910097838,-0.003674309098023498,-0.005674309098023498,-0.25252462978261675,time
NAUKRI,2026-08-18,1,0.9508780001885666,0.011484080760868988,-0.002576560613291879,-0.0045765606132918794,-0.22435932548221763,time
NAUKRI,2026-08-19,1,0.5026168911380938,0.0060717255509327,-0.0060717255509327,-0.0080717255509327,-1.0,stop
NAUKRI,2026-08-20,-1,1.4538173069846205,0.015593007926885066,0.0037335106778459003,0.0017335106778459002,0.23943492463751503,time
NAUKRI,2026-08-21,-1,0.9908258146316338,0.010541908813567187,-0.00230139241717706,-0.00430139241717706,-0.21830889053178137,time
NAUKRI,2026-08-26,-1,0.9269597101689973,0.009827438549090397,0.007126781695423856,0.005126781695423856,0.7251921912127848,time
NAUKRI,2026-08-31,-1,0.715416461301423,0.007161488687756434,-0.007161488687756434,-0.009161488687756434,-1.0,stop
NAUKRI,2026-09-02,-1,0.7831303761221903,0.008645966627383784,-0.008645966627383784,-0.010645966627383784,-1.0,stop
NAUKRI,2026-09-03,-1,0.5855051542089187,0.006784771956275914,-0.006784771956275914,-0.008784771956275913,-1.0,stop
NAUKRI,2026-09-07,-1,1.5197793657093723,0.016222109977969718,-0.0013839078155597937,-0.0033839078155597935,-0.08530997616458011,time
NAUKRI,2026-09-21,1,0.5978755325879433,0.007977863811956951,0.011966795717935427,0.009966795717935427,1.5,target
NAUKRI,2026-09-23,1,1.4855520513655278,0.01662240942243833,-0.01662240942243833,-0.018622409422438327,-1.0,stop
NAUKRI,2026-09-25,1,1.2464655863090066,0.016733994480092967,0.014389691857821341,0.012389691857821341,0.8599077688796631,time
NAUKRI,2026-09-29,-1,0.8020784071668076,0.010833554975803551,-0.010833554975803551,-0.012833554975803551,-1.0,stop
NAUKRI,2026-10-01,-1,1.4483977354310313,0.015288261343462823,-0.015288261343462823,-0.017288261343462823,-1.0,stop
NAUKRI,2026-10-07,-1,1.4395713483902708,0.016339869281045753,-0.016339869281045753,-0.01833986928104575,-1.0,stop
PIDILITIND,2026-07-31,1,0.9687335713866188,0.005438450604376719,-0.005438450604376719,-0.007438450604376719,-1.0,stop
PIDILITIND,2026-08-04,1,1.23254634085176,0.0070529433515653306,-0.0070529433515653306,-0.00905294335156533,-1.0,stop
PIDILITIND,2026-08-06,1,1.0395135707780492,0.00654734748580478,0.00982102122870717,0.00782102122870717,1.5,target
PIDILITIND,2026-08-10,1,0.9822246610282834,0.0070274929849347394,0.010541239477402108,0.008541239477402108,1.5,target
PIDILITIND,2026-08-13,-1,1.118512220340761,0.007159748867418639,-0.003609453009430473,-0.005609453009430473,-0.5041312308949487,time
PIDILITIND,2026-08-14,-1,0.8392237384154889,0.006163635419185231,-0.006163635419185231,-0.00816363541918523,-1.0,stop
PIDILITIND,2026-08-17,1,0.6174075563599262,0.005765073643965017,-0.005765073643965017,-0.007765073643965017,-1.0,stop
PIDILITIND,2026-08-18,-1,0.5767272065965454,0.004454089506031106,-0.004454089506031106,-0.0064540895060311064,-1.0,stop
PIDILITIND,2026-08-26,-1,1.150137564981422,0.007136406911475658,0.0021167221046265497,0.0001167221046265497,0.2966089421306354,time
PIDILITIND,2026-08-27,1,1.4797267126956424,0.007924490822942661,0.0017542946324432636,-0.0002457053675567365,0.22137632204258492,time
PIDILITIND,2026-08-28,-1,1.1455512672751,0.006862239122605982,0.010293358683908972,0.008293358683908972,1.5,target
PIDILITIND,2026-09-01,-1,2.53749651717683,0.01589136336943787,-0.0006697367082236399,-0.00266973670822364,-0.04214469788738652,time
PIDILITIND,2026-09-10,-1,0.6927197284127822,0.005954620608950916,-0.005954620608950916,-0.007954620608950917,-1.0,stop
PIDILITIND,2026-09-17,1,0.8164659811919639,0.004395635958710407,-0.004395635958710407,-0.006395635958710407,-1.0,stop
PIDILITIND,2026-09-18,1,2.2156698901250445,0.015333195406003166,-0.008013675448570642,-0.010013675448570642,-0.5226357087599087,time
PIDILITIND,2026-09-22,-1,1.310833939307316,0.008135201829921937,0.00044494294605607927,-0.0015550570539439208,0.05469353500481608,time
PIDILITIND,2026-09-23,1,1.4072534984135565,0.009121791785795166,-0.000943633633013293,-0.002943633633013293,-0.10344827586206896,time
PIDILITIND,2026-09-24,1,0.7393537138453383,0.005769703187713218,-0.005769703187713218,-0.007769703187713218,-1.0,stop
PIDILITIND,2026-09-25,-1,1.0443161646122172,0.010999269939917657,-0.0053008217988531605,-0.007300821798853161,-0.4819248757243286,time
PIDILITIND,2026-09-29,-1,1.2402209736350998,0.010218649357249433,-0.010218649357249433,-0.012218649357249433,-1.0,stop
PIDILITIND,2026-09-30,1,0.8742107345268516,0.005974774811983771,-0.005974774811983771,-0.007974774811983772,-1.0,stop
PIDILITIND,2026-10-08,1,0.5095403565172298,0.004627472689315209,-0.004627472689315209,-0.006627472689315209,-1.0,stop
PNB,2026-07-31,-1,0.6098922452441735,0.005269774670505224,-0.005269774670505224,-0.007269774670505224,-1.0,stop
PNB,2026-08-03,1,0.603513452835538,0.00579706668037312,-0.00579706668037312,-0.00779706668037312,-1.0,stop
PNB,2026-08-05,1,0.7344536317036047,0.007135395996254204,-0.007135395996254204,-0.009135395996254205,-1.0,stop
PNB,2026-08-10,-1,0.7620249949788944,0.00629371688024204,0.009440575320363123,0.007440575320363123,1.5000000000000098,target
PNB,2026-08-11,-1,0.8463783452599365,0.007009768739302855,-0.007009768739302855,-0.009009768739302855,-1.0,stop
PNB,2026-08-12,1,1.0399012142063722,0.015298156350498603,0.022947234525747845,0.020947234525747843,1.499999999999996,target
PNB,2026-08-14,1,0.9050244732126639,0.0090962840100991,-0.0090962840100991,-0.0110962840100991,-1.0,stop
PNB,2026-08-17,-1,1.036395716137187,0.007832639269448372,-0.007832639269448372,-0.009832639269448372,-1.0,stop
PNB,2026-08-19,1,0.989071807912002,0.008121085231447896,0.00427423478929456,0.0022742347892945602,0.5263132533990796,time
PNB,2026-08-21,-1,1.4818179251969152,0.012494587764857786,-0.004308487607510033,-0.006308487607510033,-0.34482831195344144,time
PNB,2026-08-25,1,1.4040747550611958,0.010150540259576613,-0.002752685546875,-0.004752685546875,-0.27118611191930947,time
PNB,2026-08-31,-1,1.6003069317507501,0.011343659001759742,-0.011343659001759742,-0.013343659001759742,-1.0,stop
PNB,2026-09-02,1,0.85122045402884,0.008605001885299023,0.012907502827948532,0.010907502827948532,1.5,target
PNB,2026-09-04,1,0.5407451253258511,0.004528034129627754,0.006792051194441691,0.004792051194441691,1.5000000000000133,target
PNB,2026-09-07,-1,1.2047503691304127,0.009478659588061478,0.003877678292141056,0.001877678292141056,0.4090956380610032,time
PNB,2026-09-09,1,0.9331881878149787,0.00790586729075991,-0.006530911044880983,-0.008530911044880983,-0.8260840720807539,time
PNB,2026-09-10,1,1.2638760946352425,0.011384077807154022,0.00017116017078675709,-0.0018288398292132428,0.015035049275506182,time
PNB,2026-09-15,-1,1.0114119723927162,0.009997446128701841,0.011462568689537763,0.009462568689537763,1.1465496829865056,time
PNB,2026-09-17,1,1.4679113730895526,0.011524452044171603,-0.011524452044171603,-0.013524452044171603,-1.0,stop
PNB,2026-09-18,-1,0.5557181743465849,0.004194893445813484,-0.004194893445813484,-0.006194893445813484,-1.0,stop
PNB,2026-09-22,-1,0.28786876464046296,0.0033026253801129997,0.004953938070169499,0.0029539380701694993,1.5,target
PNB,2026-09-23,1,0.7042254327209347,0.006468588991865864,0.009702883487798856,0.007702883487798856,1.5000000000000093,target
PNB,2026-09-24,1,0.8705291583093892,0.006749877193909642,-0.006749877193909642,-0.008749877193909641,-1.0,stop
PNB,2026-09-25,-1,0.6925667356151881,0.005370820435017389,0.008056230652526024,0.006056230652526024,1.4999999999999887,target
PNB,2026-09-28,-1,1.3719447990303788,0.011295534739102409,0.01694330210865361,0.01494330210865361,1.5,target
PNB,2026-09-30,1,1.9651217073468985,0.014173721567591776,-0.004665893092559835,-0.006665893092559835,-0.32919322355170305,time
PFC,2026-08-05,-1,0.7712662162859749,0.006426997501132831,0.009640496251699314,0.007640496251699314,1.5000000000000104,target
PFC,2026-08-07,-1,0.38812935081263633,0.0043388881920845565,-0.0043388881920845565,-0.006338888192084557,-1.0,stop
PFC,2026-08-10,-1,4.05273906572039,0.026364633183934685,0.0395469497759021,0.037546949775902096,1.5000000000000027,target
PFC,2026-08-12,-1,1.2685442756829204,0.010190593509561835,0.003440941860700083,0.001440941860700083,0.33765863170495886,time
PFC,2026-08-17,-1,0.47591370823192125,0.00642921107030292,-0.00642921107030292,-0.00842921107030292,-1.0,stop
PFC,2026-08-18,1,0.4370638425508285,0.0033235840992141786,-0.0033235840992141786,-0.005323584099214179,-1.0,stop
PFC,2026-08-19,-1,0.37693845204243964,0.002813472022037921,0.004220208033056958,0.0022202080330569578,1.500000000000027,target
PFC,2026-08-20,-1,1.9888946775009373,0.015890278963743558,0.01181585271121502,0.00981585271121502,0.7435900111115071,time
PFC,2026-08-21,-1,0.572720850978411,0.004412592599512835,-0.004412592599512835,-0.006412592599512835,-1.0,stop
PFC,2026-08-24,1,1.1082930257078423,0.009178098913741438,-0.009178098913741438,-0.011178098913741438,-1.0,stop
PFC,2026-08-25,1,0.565637926414082,0.005756512215480878,-0.005756512215480878,-0.007756512215480878,-1.0,stop
PFC,2026-08-26,1,0.693119217267076,0.005843251373104355,-0.005843251373104355,-0.007843251373104355,-1.0,stop
PFC,2026-08-27,-1,1.4242012328754459,0.012718344634434121,0.005310954287866877,0.0033109542878668767,0.4175821964666534,time
PFC,2026-08-28,-1,0.4832893885581268,0.005518555697666716,0.008277833546500074,0.006277833546500074,1.5,target
PFC,2026-08-31,-1,0.8381876820299811,0.006585505491678597,0.009878258237517895,0.007878258237517895,1.5,target
PFC,2026-09-01,1,1.3723293119793978,0.01079913606911447,-0.01079913606911447,-0.01279913606911447,-1.0,stop
PFC,2026-09-02,-1,0.7978714164838955,0.0052754622759994645,-0.0052754622759994645,-0.0072754622759994645,-1.0,stop
PFC,2026-09-03,1,0.7088725331768927,0.0072618192717966035,-0.0072618192717966035,-0.009261819271796604,-1.0,stop
PFC,2026-09-04,1,0.711748286457046,0.005484970929451446,0.008227456394177168,0.006227456394177168,1.5,target
PFC,2026-09-07,-1,0.5307014050095774,0.003807660837669891,-0.003807660837669891,-0.005807660837669891,-1.0,stop
PFC,2026-09-08,1,0.563096300099502,0.005092709713905809,0.0076390645708587146,0.0056390645708587145,1.5,target
PFC,2026-09-09,-1,0.8810889694419223,0.006379359008015212,0.0036859037866541883,0.0016859037866541883,0.5777859157986112,time
PFC,2026-09-15,-1,1.2260631472675818,0.008292804676161994,0.012439207014242991,0.010439207014242991,1.5,target
PFC,2026-09-16,1,1.7218410760841534,0.011214935719581237,-0.0050323508267433505,-0.007032350826743351,-0.44871865096443525,time
PFC,2026-09-22,-1,0.5808456631126542,0.0059618663852854595,-0.0059618663852854595,-0.00796186638528546,-1.0,stop
PFC,2026-09-23,1,0.3859496066564604,0.004748954831175305,-0.004748954831175305,-0.006748954831175305,-1.0,stop
PFC,2026-09-28,-1,1.4349501169567207,0.009107251018611895,0.013660876527917844,0.011660876527917844,1.5,target
PFC,2026-09-29,-1,1.242546676506777,0.010402306357637251,0.015603459536455876,0.013603459536455876,1.5,target
PFC,2026-09-30,1,1.6016722970708208,0.010174657869447608,-0.010174657869447608,-0.012174657869447608,-1.0,stop
PFC,2026-10-01,-1,1.1588020025510426,0.010366721852975627,0.01555008277946344,0.01355008277946344,1.5,target
PFC,2026-10-06,1,1.2143932363218375,0.008763856077905781,-0.008763856077905781,-0.010763856077905781,-1.0,stop
PFC,2026-10-07,1,0.9634256893094422,0.016636178588193145,-0.0062576870340445186,-0.008257687034044519,-0.37614930621661274,time
RECLTD,2026-08-10,-1,0.8814181311016783,0.006415586591265849,0.009623379886898853,0.0076233798868988525,1.5000000000000124,target
RECLTD,2026-08-11,-1,0.7304841412557386,0.005831753692408807,-0.005102784480857706,-0.007102784480857706,-0.875,time
RECLTD,2026-08-12,-1,1.2726000430405178,0.010007340387003311,-0.010007340387003311,-0.012007340387003311,-1.0,stop
RECLTD,2026-08-14,-1,0.5777394720646013,0.004668735129693914,0.007003102694540872,0.005003102694540872,1.5,target
RECLTD,2026-08-17,-1,0.6533250751107275,0.0052379526130801385,-0.0052379526130801385,-0.0072379526130801385,-1.0,stop
RECLTD,2026-08-18,1,0.5409169639995288,0.004249742541484496,-0.004249742541484496,-0.006249742541484496,-1.0,stop
RECLTD,2026-08-20,-1,1.9885416005529657,0.013791054630080827,0.01633932510540482,0.014339325105404819,1.184777056119098,time
RECLTD,2026-08-21,-1,0.6402191972236407,0.0053467768569149775,-0.0053467768569149775,-0.0073467768569149775,-1.0,stop
RECLTD,2026-08-26,-1,0.573391364259282,0.004126566188910855,-0.004126566188910855,-0.006126566188910855,-1.0,stop
RECLTD,2026-08-27,-1,1.0001017925129834,0.007294757560264758,0.010942136340397137,0.008942136340397137,1.5,target
RECLTD,2026-08-28,-1,0.6585246170482398,0.00594677275894953,0.008920159138424295,0.006920159138424295,1.5,target
RECLTD,2026-09-01,-1,1.3443693981400806,0.008572730861424136,0.002857673850385096,0.0008576738503850959,0.33334463621669885,time
RECLTD,2026-09-03,1,1.1345042264780674,0.007495391388401071,-0.007495391388401071,-0.00949539138840107,-1.0,stop
RECLTD,2026-09-04,1,0.6805715231308138,0.003971405877680699,0.005957108816521049,0.003957108816521049,1.5,target
RECLTD,2026-09-09,-1,0.8280102761341678,0.00586837780655234,-0.00586837780655234,-0.00786837780655234,-1.0,stop
RECLTD,2026-09-15,1,1.0268458419409439,0.007472197467458267,-0.007472197467458267,-0.009472197467458268,-1.0,stop
RECLTD,2026-09-16,1,1.318257520166777,0.011468640246940586,-0.003982160000972207,-0.005982160000972207,-0.34722163353537067,time
RECLTD,2026-09-18,-1,0.9016192644976047,0.0080814609687237,-0.0080814609687237,-0.0100814609687237,-1.0,stop
RECLTD,2026-09-21,1,0.810925968340255,0.006076189126607834,-0.006076189126607834,-0.008076189126607833,-1.0,stop
RECLTD,2026-09-22,-1,0.5294052892422347,0.0048543689320388345,0.006148847561438107,0.004148847561438107,1.26666259765625,time
RECLTD,2026-09-23,1,0.6517799926651412,0.0033997678154325368,0.005099651723148805,0.003099651723148805,1.5,target
RECLTD,2026-09-24,-1,1.0655998861912137,0.006160810421812509,0.0004863615416760385,-0.0015136384583239616,0.07894440964358566,time
RECLTD,2026-09-28,-1,0.8811887476261683,0.007126600591054385,0.01068990088658158,0.00868990088658158,1.5,target
RECLTD,2026-10-01,-1,1.3152151563248655,0.008460236886632826,0.012690355329949238,0.010690355329949238,1.5,target
RECLTD,2026-10-06,1,2.1457666005086162,0.01354510967548077,0.0033444816053511705,0.0013444816053511705,0.2469143244668827,time
SHREECEM,2026-07-31,-1,0.9677718823846315,0.009910425004764627,0.014865637507146942,0.012865637507146942,1.5,target
SHREECEM,2026-08-05,1,1.4928034920664561,0.015696294944332907,-0.015696294944332907,-0.017696294944332905,-1.0,stop
SHREECEM,2026-08-11,-1,0.7098282725305896,0.010844306738962044,0.012006196746707979,0.010006196746707979,1.1071428571428572,time
SHREECEM,2026-08-13,-1,1.661822069179574,0.014682539682539682,-0.0017857142857142857,-0.0037857142857142855,-0.12162162162162163,time
SHREECEM,2026-08-17,-1,0.887048390912232,0.008360522022838499,-0.0006117455138662316,-0.0026117455138662316,-0.07317073170731707,time
SHREECEM,2026-08-19,-1,0.6315196493535884,0.005747126436781609,0.008620689655172414,0.006620689655172414,1.5,target
SHREECEM,2026-08-24,-1,0.519988927257019,0.004750103263114415,0.007125154894671623,0.005125154894671623,1.5,target
SHREECEM,2026-08-28,-1,0.8927980894931269,0.007822149032523672,0.011733223548785508,0.009733223548785508,1.5,target
SHREECEM,2026-08-31,-1,0.8197167585946656,0.007583737097113966,0.01137560564567095,0.00937560564567095,1.5,target
SHREECEM,2026-09-03,1,0.5540525315805219,0.00715187210769878,0.01072780816154817,0.00872780816154817,1.5,target
SHREECEM,2026-09-10,-1,0.9195052251125195,0.008775778850372971,0.00021939447125932427,-0.0017806055287406758,0.025,time
SHREECEM,2026-09-11,-1,0.4681553980245439,0.006008010680907877,-0.006008010680907877,-0.008008010680907878,-1.0,stop
SHREECEM,2026-09-17,1,1.0730707069642251,0.00867976244860667,0.0031978072179077205,0.0011978072179077205,0.3684210526315789,time
SHREECEM,2026-09-18,1,0.6015789179431695,0.004920599418474614,0.0073808991277119216,0.0053808991277119215,1.5,target
SIEMENS,2026-07-31,1,1.1101635725771148,0.014397358200901572,0.005164859927192939,0.0031648599271929386,0.35873664148117895,time
SIEMENS,2026-08-04,1,1.0199106997855754,0.018309600780390192,0.0006503658720233853,-0.0013496341279766147,0.03552048347880611,time
SIEMENS,2026-08-07,-1,1.092586116709599,0.009895965490992134,0.00022834365484648565,-0.0017716563451535144,0.02307441907051282,time
SIEMENS,2026-08-12,1,1.2886038130182198,0.012837535671518479,-0.012837535671518479,-0.014837535671518479,-1.0,stop
SIEMENS,2026-08-13,-1,0.8794778753782592,0.008876382607486211,0.00027584504634086586,-0.0017241549536591342,0.031076290707458033,time
SIEMENS,2026-08-20,1,0.7278616202570309,0.01222476558545305,-0.01222476558545305,-0.01422476558545305,-1.0,stop
SIEMENS,2026-08-24,1,1.6774633094563267,0.020844804631833556,0.031267206947750335,0.029267206947750334,1.5,target
SIEMENS,2026-08-25,1,0.6547391417663083,0.006059137265605912,-0.006059137265605912,-0.008059137265605913,-1.0,stop
SIEMENS,2026-08-28,1,0.6533438972016382,0.00665637870615999,-0.00665637870615999,-0.008656378706159991,-1.0,stop
SIEMENS,2026-08-31,-1,1.0315707308042539,0.014082400394996532,-0.004461479501522555,-0.006461479501522555,-0.31681243086283184,time
SIEMENS,2026-09-15,-1,1.4571479839200863,0.014548520889204835,0.021822781333807252,0.01982278133380725,1.5,target
SIEMENS,2026-09-18,1,1.3808346499352306,0.015917286537234274,0.019616475478515232,0.017616475478515234,1.232400725627932,time
SIEMENS,2026-09-22,1,1.4011708174546407,0.015236636591211087,-0.015236636591211087,-0.017236636591211087,-1.0,stop
SIEMENS,2026-09-24,-1,0.6984612292720125,0.00755434483637103,-0.00755434483637103,-0.00955434483637103,-1.0,stop
SIEMENS,2026-09-28,-1,1.0576012697182453,0.012053559576408376,0.008070657032741124,0.006070657032741124,0.6695662788722826,time
SIEMENS,2026-10-01,1,0.4654080234684046,0.005631197666466506,0.00844679649969976,0.00644679649969976,1.5,target
SIEMENS,2026-10-08,-1,1.059585426291636,0.011175288717640303,0.016762933076460453,0.014762933076460453,1.5,target
SRF,2026-07-31,-1,0.4935042790155969,0.004692563471963595,-0.004692563471963595,-0.006692563471963595,-1.0,stop
SRF,2026-08-04,1,0.6591597805640439,0.006882822510925862,-0.006882822510925862,-0.008882822510925863,-1.0,stop
SRF,2026-08-05,-1,0.7592625339245348,0.008336878944201657,-0.00487268236475423,-0.00687268236475423,-0.5844732060243247,time
SRF,2026-08-10,-1,0.5959543762973363,0.004591895218989923,0.006887842828484885,0.004887842828484885,1.5,target
SRF,2026-08-11,-1,0.574252234375918,0.007518796992481203,0.011278195488721804,0.009278195488721804,1.5,target
SRF,2026-08-12,1,1.04750778655289,0.00980880569366673,-0.00980880569366673,-0.01180880569366673,-1.0,stop
SRF,2026-08-17,1,0.8613000100521704,0.007563043861010314,-0.0007639419404125286,-0.002763941940412529,-0.10100985191304669,time
SRF,2026-08-19,-1,0.6811458028102985,0.007137412761415963,0.010706119142123945,0.008706119142123945,1.5,target
SRF,2026-08-24,1,0.6763800184047521,0.005569700196358798,-0.001779165192763828,-0.003779165192763828,-0.31943643823539386,time
SRF,2026-09-02,-1,0.6865984934091773,0.004761885703307963,-0.004761885703307963,-0.006761885703307963,-1.0,stop
SRF,2026-09-04,-1,3.9923174046042234,0.02627450980392157,0.001176470588235294,-0.000823529411764706,0.04477611940298507,time
SRF,2026-09-11,-1,1.467952252533535,0.010454252542261882,-0.010454252542261882,-0.012454252542261882,-1.0,stop
SRF,2026-09-15,-1,1.5562891715105676,0.010881059207521316,0.0031668894957876574,0.0011668894957876574,0.2910460677944485,time
SRF,2026-09-18,-1,0.5844515224382013,0.006712734452122409,-0.006712734452122409,-0.008712734452122409,-1.0,stop
SRF,2026-09-22,1,0.5110095612188558,0.004934539828273539,-0.004934539828273539,-0.006934539828273539,-1.0,stop
SRF,2026-09-23,1,0.5010985832029121,0.0046588678921392224,-0.0046588678921392224,-0.0066588678921392225,-1.0,stop
SRF,2026-09-24,1,0.6167422039443997,0.005884429573319475,-0.005884429573319475,-0.007884429573319475,-1.0,stop
SRF,2026-09-29,-1,0.7942991709062792,0.00641901588362939,0.009628523825444086,0.007628523825444086,1.5,target
SRF,2026-09-30,1,1.5461527056020636,0.010656294253815991,-0.001977840694638938,-0.003977840694638938,-0.18560304806998723,time
SRF,2026-10-06,1,0.8724664893041928,0.006210695688299168,0.009316043532448751,0.007316043532448751,1.5,target
SRF,2026-10-08,1,0.9307106668925531,0.011624590832795555,0.017436886249193335,0.015436886249193335,1.5,target
TORNTPHARM,2026-07-31,-1,1.1115790213871037,0.0228902985502446,-0.0228902985502446,-0.024890298550244598,-1.0,stop
TORNTPHARM,2026-08-03,-1,2.724290417048292,0.03455787701752649,-9.901970492127933e-05,-0.0020990197049212795,-0.0028653295128939827,time
TORNTPHARM,2026-08-07,1,0.3902693200433431,0.004214751630707476,-0.004214751630707476,-0.006214751630707476,-1.0,stop
TORNTPHARM,2026-08-12,-1,0.8193540322308666,0.009298481248062816,-0.009298481248062816,-0.011298481248062816,-1.0,stop
TORNTPHARM,2026-08-14,-1,0.7711844003349279,0.008731381612737545,0.007087827426810477,0.005087827426810477,0.8117647058823529,time
TORNTPHARM,2026-08-17,1,0.6757808871367713,0.0060749588138385505,0.009112438220757826,0.007112438220757826,1.5,target
TORNTPHARM,2026-08-19,-1,0.5262339726496155,0.00778013539456401,-0.00778013539456401,-0.009780135394564009,-1.0,stop
TORNTPHARM,2026-08-25,1,0.6265002364468356,0.0058347834988228065,0.00875217524823421,0.00675217524823421,1.5,target
TORNTPHARM,2026-08-28,-1,0.8737751108660989,0.00704083685375176,-0.00704083685375176,-0.00904083685375176,-1.0,stop
TORNTPHARM,2026-08-31,-1,0.7211982735319212,0.010515773660490736,0.015773660490736103,0.013773660490736103,1.5,target
TORNTPHARM,2026-09-01,-1,0.8807371218884892,0.008102086287218958,-0.008102086287218958,-0.010102086287218958,-1.0,stop
TORNTPHARM,2026-09-07,-1,0.7376502444181015,0.006295799360099081,-0.006295799360099081,-0.008295799360099082,-1.0,stop
TORNTPHARM,2026-09-08,1,0.47017815262557294,0.004371695811305408,-0.004371695811305408,-0.006371695811305408,-1.0,stop
TORNTPHARM,2026-09-11,-1,0.9150708256572246,0.007845934379457917,-0.007845934379457917,-0.009845934379457917,-1.0,stop
TORNTPHARM,2026-09-17,1,0.6766658278347722,0.004658867377575318,-0.004658867377575318,-0.006658867377575318,-1.0,stop
TORNTPHARM,2026-09-24,-1,1.4821735303801113,0.010307194826192401,0.003940986257073565,0.0019409862570735651,0.38235294117647056,time
TORNTPHARM,2026-09-29,-1,1.4673081867624578,0.011946446961894954,-0.011946446961894954,-0.013946446961894954,-1.0,stop
TORNTPHARM,2026-09-30,-1,0.9640653956480223,0.009019165727170236,0.013528748590755355,0.011528748590755354,1.5,target
TORNTPHARM,2026-10-08,-1,0.9621743369457287,0.007965052144340326,0.011947578216510489,0.009947578216510489,1.5,target
TVSMOTOR,2026-07-31,1,1.2127963812878557,0.013396004700352527,0.014477108732373678,0.012477108732373678,1.0807034676535088,time
TVSMOTOR,2026-08-03,-1,0.6797740184828462,0.007926244779665899,0.011889367169498849,0.009889367169498849,1.5,target
TVSMOTOR,2026-08-06,-1,0.6582698388045483,0.00653108409573575,-0.00653108409573575,-0.00853108409573575,-1.0,stop
TVSMOTOR,2026-08-11,-1,0.884658223114602,0.009597949431014635,0.003984085763124576,0.0019840857631245757,0.415097598894455,time
TVSMOTOR,2026-08-12,1,0.7385220915575074,0.006742342640925788,-0.006742342640925788,-0.008742342640925788,-1.0,stop
TVSMOTOR,2026-08-13,-1,1.0783663264907295,0.010233693206187687,-0.000829783242340036,-0.002829783242340036,-0.08108345888640837,time
TVSMOTOR,2026-08-14,-1,0.5841611174621825,0.006012745755948927,-0.006012745755948927,-0.008012745755948927,-1.0,stop
TVSMOTOR,2026-08-17,1,0.9692212363327584,0.010206890681575608,0.005986535810242505,0.003986535810242505,0.5865190484550562,time
TVSMOTOR,2026-08-24,-1,0.8721430468327974,0.009656025744000768,-0.009656025744000768,-0.011656025744000768,-1.0,stop
TVSMOTOR,2026-08-25,-1,0.47796264485198753,0.005260596317571361,-0.005260596317571361,-0.007260596317571361,-1.0,stop
TVSMOTOR,2026-08-28,-1,1.1490104211188064,0.009215306191548815,0.01382295928732322,0.01182295928732322,1.5,target
TVSMOTOR,2026-08-31,-1,0.5829584469458792,0.005297229086245436,-0.005297229086245436,-0.007297229086245436,-1.0,stop
TVSMOTOR,2026-09-01,1,0.9736204030419395,0.009712273546656998,-0.009712273546656998,-0.011712273546656998,-1.0,stop
TVSMOTOR,2026-09-02,-1,1.239517961440816,0.009474217992791373,0.01421132698918706,0.01221132698918706,1.5,target
TVSMOTOR,2026-09-08,-1,1.0406966142895204,0.007940988389224397,-0.0037155572820120426,-0.005715557282012043,-0.46789607286844853,time
TVSMOTOR,2026-09-09,-1,0.7758118922999837,0.005676801138956505,-0.005676801138956505,-0.007676801138956505,-1.0,stop
TVSMOTOR,2026-09-10,-1,1.4612137713402003,0.015022327643455792,-0.0034816429702696746,-0.005481642970269675,-0.23176454760566947,time
TVSMOTOR,2026-09-11,1,0.8318397540285867,0.005454408869033636,0.008181613303550453,0.006181613303550453,1.5,target
TVSMOTOR,2026-09-15,-1,1.22631911028146,0.008978078429136253,0.01346711764370438,0.01146711764370438,1.5,target
TVSMOTOR,2026-09-18,1,0.8965816990678916,0.006483310045700092,-0.006483310045700092,-0.008483310045700092,-1.0,stop
TVSMOTOR,2026-09-22,1,0.8805789791018207,0.006217120994739359,-0.006217120994739359,-0.008217120994739358,-1.0,stop
TVSMOTOR,2026-09-23,-1,0.9137062272103266,0.005878605601271875,-0.005878605601271875,-0.007878605601271875,-1.0,stop
TVSMOTOR,2026-09-24,1,1.046706593638165,0.007651388361924238,-0.007651388361924238,-0.009651388361924237,-1.0,stop
TVSMOTOR,2026-09-28,1,1.2238461320552387,0.008383474990966032,-0.008383474990966032,-0.010383474990966032,-1.0,stop
TVSMOTOR,2026-09-29,1,1.3191778054675756,0.010208066382343941,0.015312099573515913,0.013312099573515913,1.5,target
TVSMOTOR,2026-09-30,1,1.1113685422034014,0.007822488292660823,0.011733732438991234,0.009733732438991234,1.5,target
TVSMOTOR,2026-10-01,-1,2.2019103088020437,0.023267450587940955,-0.00600450337753315,-0.00800450337753315,-0.25806451612903225,time
TVSMOTOR,2026-10-05,-1,1.7539765901690183,0.021511680019953378,-0.02135962953127313,-0.02335962953127313,-0.9929317241359479,time
TVSMOTOR,2026-10-06,-1,1.3150143577245375,0.010378632267909192,0.004401564854301426,0.0024015648543014257,0.4240987387048193,time
UNITDSPR,2026-07-31,-1,0.6493083417331507,0.009745850827117616,0.0025681709974726638,0.0005681709974726637,0.2635142937265964,time
UNITDSPR,2026-08-05,-1,0.6476843364433948,0.006443504898744407,-0.006443504898744407,-0.008443504898744406,-1.0,stop
UNITDSPR,2026-08-12,-1,1.0732874319359524,0.009716418922373633,-0.007746881044111526,-0.009746881044111526,-0.7972979660513684,time
UNITDSPR,2026-08-13,1,0.4161335547092804,0.004450876168868348,-0.004450876168868348,-0.006450876168868348,-1.0,stop
UNITDSPR,2026-08-18,-1,0.7704248618861859,0.006311784788965632,0.009467677183448448,0.007467677183448448,1.5,target
UNITDSPR,2026-08-19,-1,0.3481949767610473,0.0033435884237044164,-0.0033435884237044164,-0.005343588423704417,-1.0,stop
UNITDSPR,2026-08-24,-1,0.6707064130705325,0.006140124288915949,-0.005041396764663231,-0.007041396764663231,-0.821057771381579,time
UNITDSPR,2026-08-26,-1,0.7116433584951873,0.006540666996255994,0.00981100049438399,0.007811000494383991,1.5,target
UNITDSPR,2026-09-01,-1,0.9440232482838056,0.008035127896058406,0.007427413909520594,0.005427413909520594,0.9243678514643279,time
UNITDSPR,2026-09-03,-1,1.0510979910057225,0.010641219456127555,-0.010641219456127555,-0.012641219456127555,-1.0,stop
UNITDSPR,2026-09-04,-1,0.9090306146533542,0.006349222839623438,0.009523834259435158,0.0075238342594351575,1.5,target
UNITDSPR,2026-09-08,1,0.7175179542100485,0.004734420801331274,0.002576029413139535,0.0005760294131395348,0.5441065594370444,time
UNITDSPR,2026-09-09,-1,1.4546832462880954,0.010174011013736937,0.015261016520605405,0.013261016520605405,1.5,target
UNITDSPR,2026-09-18,1,1.173491389431506,0.007461097806088523,-0.007461097806088523,-0.009461097806088524,-1.0,stop
UNITDSPR,2026-09-21,1,1.0637492393052053,0.009516261441144177,-0.00042928992302390597,-0.002429289923023906,-0.0451111947353446,time
UNITDSPR,2026-09-22,-1,0.4617004052068837,0.0032892210124687163,-0.0032892210124687163,-0.005289221012468716,-1.0,stop
UNITDSPR,2026-09-23,1,1.902757826305532,0.01199294532627866,0.016578483245149912,0.014578483245149912,1.3823529411764706,time
UNITDSPR,2026-09-30,-1,1.699757335607162,0.012192418092564166,-0.000517218020113954,-0.002517218020113954,-0.04242128314393939,time
UNITDSPR,2026-10-08,-1,1.150555925209145,0.007838745800671893,0.011758118701007838,0.009758118701007838,1.5,target
VEDL,2026-07-31,-1,2.0433168627613587,0.01875715165409556,-0.00037895455031671096,-0.002378954550316711,-0.020203203413028198,time
VEDL,2026-08-03,-1,0.5379679270884514,0.006369472633598448,-0.0013113754646670126,-0.0033113754646670124,-0.2058844648691344,time
VEDL,2026-08-06,-1,1.6211854354821256,0.01568983265470018,0.008115419296663661,0.006115419296663661,0.5172406535663423,time
VEDL,2026-08-10,1,1.189024127144028,0.013169646009143868,0.010322099200862031,0.008322099200862031,0.7837795483413339,time
VEDL,2026-08-11,-1,0.6937223936302088,0.008098548566791373,0.01214782285018706,0.01014782285018706,1.5,target
VEDL,2026-08-13,-1,0.9839455815603292,0.011515352054947038,0.01727302808242056,0.01527302808242056,1.5,target
VEDL,2026-08-14,-1,1.1034815136352174,0.011048734857794944,-0.011048734857794944,-0.013048734857794944,-1.0,stop
VEDL,2026-08-18,-1,0.5558926030056769,0.006703865150721602,0.010055797726082403,0.008055797726082402,1.5,target
VEDL,2026-08-20,1,0.9338424211627026,0.009647518009334416,-0.0055658627087198514,-0.0075658627087198515,-0.576921722595866,time
VEDL,2026-08-21,1,2.214028215305864,0.020897692631471537,0.013992390292271117,0.011992390292271117,0.6695662788722826,time
VEDL,2026-08-24,-1,1.2015025658091805,0.013688716532490831,0.0021614052245081212,0.00016140522450812118,0.15789685025458167,time
VEDL,2026-08-25,-1,0.697273578291849,0.008195228920194557,-0.001639090246001369,-0.003639090246001369,-0.2000054253472222,time
VEDL,2026-08-27,-1,1.659580691072954,0.01910609012105609,0.014899211218229623,0.012899211218229623,0.7798147671150034,time
VEDL,2026-08-28,1,1.0907179279034087,0.012354335253669729,0.0020880671333602737,8.806713336027361e-05,0.16901493204501106,time
VEDL,2026-08-31,-1,1.4958668522764171,0.01951217306769422,-0.005239429835704607,-0.007239429835704607,-0.2685210825840506,time
VEDL,2026-09-02,-1,0.5899633785319837,0.011541347852095414,-0.00781833974607694,-0.00981833974607694,-0.6774199899587521,time
VEDL,2026-09-03,1,0.49792216813597595,0.00656211401047277,-0.00656211401047277,-0.008562114010472771,-1.0,stop
VEDL,2026-09-04,-1,0.6012470655482611,0.006289353621182339,-0.006289353621182339,-0.00828935362118234,-1.0,stop
VEDL,2026-09-07,-1,1.1243662543433706,0.011895956159967472,0.0037174721189591076,0.0017174721189591076,0.31249880791165197,time
VEDL,2026-09-09,1,0.7876175270289159,0.009201324577398393,0.01380198686609759,0.01180198686609759,1.5,target
VEDL,2026-09-10,-1,0.5001709291787507,0.005670341168318032,0.008505511752477048,0.006505511752477048,1.5,target
VEDL,2026-09-15,-1,1.3671679055964525,0.016153893103966345,0.02423083965594952,0.02223083965594952,1.5,target
VEDL,2026-09-17,1,0.84222180553669,0.011288415591216022,0.0021409821861206432,0.0001409821861206432,0.1896618855693645,time
VEDL,2026-09-18,1,0.609834444782889,0.008422710965600896,0.012634066448401343,0.010634066448401343,1.5,target
VEDL,2026-09-22,1,0.5256972388644789,0.00686363314764061,0.002859866539561487,0.000859866539561487,0.41666949238750806,time
VEDL,2026-09-23,1,1.227018456259393,0.015162928558591178,0.014601249746781802,0.012601249746781801,0.962957102274868,time
VEDL,2026-10-01,-1,0.7590779864102776,0.011605023539173519,0.01740753530876028,0.01540753530876028,1.5,target
VEDL,2026-10-06,1,1.9623171858664226,0.023574190901259506,0.009885954766219106,0.007885954766219106,0.419354997489688,time
VEDL,2026-10-08,-1,0.7825728578290372,0.01431604377905487,0.020700351521864252,0.01870035152186425,1.445954751280515,time
ZYDUSLIFE,2026-08-03,-1,1.8175062383578509,0.019021939140309557,-0.005832211754149843,-0.007832211754149842,-0.30660447976046523,time
ZYDUSLIFE,2026-08-04,1,0.5037839284216492,0.005169844640260353,-0.005169844640260353,-0.007169844640260353,-1.0,stop
ZYDUSLIFE,2026-08-07,-1,0.6386956856177572,0.005812391750037776,-0.005812391750037776,-0.007812391750037776,-1.0,stop
ZYDUSLIFE,2026-08-10,1,0.32893969731913636,0.0025893075125558037,0.0038839612688337053,0.0018839612688337053,1.5,target
ZYDUSLIFE,2026-08-11,1,0.5088371605339078,0.008238880604036063,-0.008238880604036063,-0.010238880604036063,-1.0,stop
ZYDUSLIFE,2026-08-13,-1,2.6139972938372873,0.02202383028406675,0.007397917663159013,0.005397917663159013,0.33590513401799477,time
ZYDUSLIFE,2026-08-14,1,0.6135296105758898,0.006656931879199455,-0.006656931879199455,-0.008656931879199456,-1.0,stop
ZYDUSLIFE,2026-08-20,1,0.2790125876421641,0.00375879107787734,-0.00375879107787734,-0.00575879107787734,-1.0,stop
ZYDUSLIFE,2026-08-21,-1,0.4016692290420742,0.004964794870534732,0.007447192305802097,0.005447192305802097,1.5,target
ZYDUSLIFE,2026-08-25,-1,0.7811609627570192,0.00757361672863377,-0.00757361672863377,-0.00957361672863377,-1.0,stop
ZYDUSLIFE,2026-08-27,-1,1.1667542376094913,0.01066139321201425,-0.01066139321201425,-0.01266139321201425,-1.0,stop
ZYDUSLIFE,2026-08-31,-1,0.652241123012027,0.008876770767139414,0.008791334049543086,0.006791334049543086,0.9903752479547402,time
ZYDUSLIFE,2026-09-02,-1,1.6511781027290484,0.01268122313784321,0.004313319712397614,0.0023133197123976143,0.3401343597153368,time
ZYDUSLIFE,2026-09-03,-1,0.7796575461688169,0.006715570736213033,0.01007335610431955,0.00807335610431955,1.5,target
ZYDUSLIFE,2026-09-04,-1,1.4136279260099216,0.015597283946423639,0.007444190209428904,0.005444190209428904,0.4772747764931093,time
ZYDUSLIFE,2026-09-07,1,1.2679608322308575,0.011112069243007979,0.01666810386451197,0.014668103864511969,1.5,target
ZYDUSLIFE,2026-09-08,-1,1.0336007927185096,0.007406762095529063,-0.007406762095529063,-0.009406762095529063,-1.0,stop
ZYDUSLIFE,2026-09-09,1,0.5982729927093551,0.006655781035260477,-0.006655781035260477,-0.008655781035260476,-1.0,stop
ZYDUSLIFE,2026-09-10,-1,0.6426408280110072,0.0056898133587545184,0.008534720038131778,0.006534720038131778,1.5,target
ZYDUSLIFE,2026-09-11,-1,0.6274306692691508,0.005402485261927438,-0.005402485261927438,-0.007402485261927438,-1.0,stop
ZYDUSLIFE,2026-09-15,-1,0.9172508524827706,0.007089038263630902,0.010633557395446353,0.008633557395446353,1.5,target
ZYDUSLIFE,2026-09-18,1,1.7221786646741315,0.014587265869114106,-0.004633623048684518,-0.006633623048684518,-0.3176484949448529,time
ZYDUSLIFE,2026-09-25,1,0.9122610570857776,0.007545904559782319,-0.007545904559782319,-0.009545904559782319,-1.0,stop
ZYDUSLIFE,2026-09-30,-1,0.8271037093056391,0.013506690927799917,0.020260036391699873,0.018260036391699874,1.5,target
ZYDUSLIFE,2026-10-01,-1,1.4286943026666514,0.00951551672986687,0.014273275094800305,0.012273275094800305,1.5,target
ZYDUSLIFE,2026-10-06,1,0.5721095610619065,0.005796913790565036,-0.005796913790565036,-0.007796913790565036,-1.0,stop
ZYDUSLIFE,2026-10-08,-1,2.6858723343820925,0.023098585448845344,0.023362002596433243,0.02136200259643324,1.0114040380598748,time
ABB,2026-08-05,-1,0.7031973245088292,0.007474226804123712,0.008956185567010309,0.006956185567010309,1.1982758620689655,time
ABB,2026-08-07,-1,0.5059248753021144,0.006505454067551584,-0.006505454067551584,-0.008505454067551585,-1.0,stop
ABB,2026-08-12,1,0.6935768567601414,0.006786739754633255,0.006264682850430697,0.004264682850430697,0.9230769230769231,time
ABB,2026-08-13,-1,0.49189848997915464,0.00511790619331433,-0.00511790619331433,-0.00711790619331433,-1.0,stop
ABB,2026-08-18,1,0.43507592390160815,0.006536793735033331,-0.006536793735033331,-0.00853679373503333,-1.0,stop
ABB,2026-08-20,-1,0.8803625764950531,0.008573550259906838,-0.008573550259906838,-0.010573550259906838,-1.0,stop
ABB,2026-08-26,-1,0.7206163366056425,0.007350528319222944,0.0012469646255824638,-0.0007530353744175362,0.16964285714285715,time
ABB,2026-08-27,-1,0.9242034125433484,0.010315374507227332,0.015473061760841,0.013473061760841,1.5,target
ABB,2026-09-01,-1,1.8288945203378915,0.015417006248302091,-0.004618310241782124,-0.006618310241782124,-0.29955947136563876,time
ABB,2026-09-02,-1,0.8413162243881227,0.007138934651290499,-0.007138934651290499,-0.009138934651290499,-1.0,stop
ABB,2026-09-03,-1,0.7851101175219207,0.007082630691399663,-0.007082630691399663,-0.009082630691399663,-1.0,stop
ABB,2026-09-04,-1,0.8429847605757127,0.007629464587131186,-0.0006076564715414219,-0.002607656471541422,-0.07964601769911504,time
ABB,2026-09-07,-1,0.6440274062672582,0.005393743257820928,0.008090614886731391,0.006090614886731391,1.5,target
ABB,2026-09-18,1,1.421679136259744,0.015527310202679492,-0.0009618687736173136,-0.0029618687736173138,-0.061946902654867256,time
ABB,2026-09-23,-1,0.9686454194594425,0.005749544243444117,0.001542560650680129,-0.000457439349319871,0.2682926829268293,time
ABB,2026-09-28,-1,1.534861628668104,0.011661387849121796,-0.003815145407428736,-0.005815145407428736,-0.3271604938271605,time
ABB,2026-09-29,-1,0.5123318239924929,0.0069540021731256795,0.010431003259688518,0.008431003259688518,1.5,target
ABB,2026-10-01,1,1.0349104058312453,0.011764705882352941,-0.011764705882352941,-0.013764705882352941,-1.0,stop
ABB,2026-10-05,-1,0.6110926659279309,0.006716741297125524,-0.006716741297125524,-0.008716741297125524,-1.0,stop
ABB,2026-10-08,-1,1.4492171633711912,0.01098901098901099,0.016483516483516484,0.014483516483516484,1.5,target
BEL,2026-07-31,1,0.8777811925517803,0.008616192621182182,-0.0019290124062436075,-0.003929012406243607,-0.22388222861932006,time
BEL,2026-08-03,-1,0.7529209446437521,0.005641701809423355,-0.005641701809423355,-0.0076417018094233555,-1.0,stop
BEL,2026-08-04,1,0.3224609144239798,0.003837298601742164,0.005755947902613246,0.0037559479026132462,1.5,target
BEL,2026-08-05,-1,0.6569391753465006,0.005247711103485008,0.007871566655227586,0.005871566655227586,1.5000000000000138,target
BEL,2026-08-06,1,0.5623667980830805,0.006757602799259236,0.010136404198888853,0.008136404198888853,1.5,target
BEL,2026-08-10,-1,0.6028650053459933,0.0031191515907673115,-0.0031191515907673115,-0.0051191515907673115,-1.0,stop
BEL,2026-08-12,-1,0.7520910718959016,0.006209637263038703,-0.006209637263038703,-0.008209637263038704,-1.0,stop
BEL,2026-08-13,-1,0.8209815283398437,0.0055782818047672485,-0.0055782818047672485,-0.007578281804767249,-1.0,stop
BEL,2026-08-14,-1,0.6796574792465823,0.004276114844227245,-0.004276114844227245,-0.006276114844227245,-1.0,stop
BEL,2026-08-17,1,1.2149081027753121,0.008241410731032819,-0.0002423356899665479,-0.002242335689966548,-0.029404636885046766,time
BEL,2026-08-18,1,0.8131360175198541,0.006642512077294686,-0.006642512077294686,-0.008642512077294686,-1.0,stop
BEL,2026-08-19,-1,0.8677203707890717,0.008185720472854307,0.00012214488202490692,-0.0018778551179750931,0.014921702057866118,time
BEL,2026-08-20,-1,0.6641062823800427,0.00438975335723125,-0.00438975335723125,-0.00638975335723125,-1.0,stop
BEL,2026-08-21,1,0.9541380408661736,0.0065534276869689155,0.0048543689320388345,0.0028543689320388345,0.7407373917761306,time
BEL,2026-08-24,-1,0.6520962338223695,0.006559722180310532,0.009839583270465867,0.007839583270465867,1.5000000000000104,target
BEL,2026-08-26,-1,0.934205039788619,0.007206502126464355,0.005985128057898931,0.0039851280578989305,0.8305177675477003,time
BEL,2026-08-28,-1,1.1866754069692427,0.00673689347810517,-0.00673689347810517,-0.008736893478105169,-1.0,stop
BEL,2026-09-02,-1,0.9360913290765008,0.0069203849499013155,-0.002842298267761649,-0.004842298267761649,-0.4107138964577657,time
BEL,2026-09-03,-1,0.6128900469010982,0.004934007573418546,-0.004934007573418546,-0.006934007573418546,-1.0,stop
BEL,2026-09-04,1,0.5578041174655981,0.004144349479378603,0.006216524219067835,0.004216524219067835,1.4999999999999833,target
BEL,2026-09-09,-1,1.138470960310886,0.006200578219984941,0.00930086732997748,0.00730086732997748,1.500000000000011,target
BEL,2026-09-11,1,1.3148470274964201,0.008433570502192247,0.0029765899173977753,0.0009765899173977753,0.35294540036441646,time
BEL,2026-09-15,-1,2.231887601777391,0.015359451585703834,0.02303917737855575,0.02103917737855575,1.5,target
BEL,2026-09-18,-1,0.746954678675018,0.006060590647687816,-0.006060590647687816,-0.008060590647687816,-1.0,stop
BEL,2026-09-24,1,0.8819761972713523,0.006179876735006579,-0.006179876735006579,-0.008179876735006579,-1.0,stop
BEL,2026-09-25,-1,0.8739005855389492,0.006252345671282104,-0.004338347997892069,-0.006338347997892069,-0.6938752631382341,time
BEL,2026-09-28,-1,1.730305925985324,0.012622343488930902,0.0069552089699352225,0.004955208969935222,0.5510235857576334,time
BEL,2026-09-29,-1,0.40405029952153143,0.00443049683442756,-0.00443049683442756,-0.00643049683442756,-1.0,stop
BEL,2026-09-30,1,0.6031080305031149,0.006573827875978889,0.0010311778880594024,-0.0009688221119405977,0.15686110246776924,time
BEL,2026-10-07,-1,1.71648082977226,0.012311754307875067,0.009037360070808626,0.007037360070808626,0.7340432439451774,time
BEL,2026-10-08,-1,1.3278944158264898,0.01056286016984063,0.015844290254761022,0.013844290254761022,1.500000000000007,target
HAL,2026-07-31,1,0.8070250070368442,0.0062031672900650335,0.004149762513400374,0.002149762513400374,0.6689747864847392,time
HAL,2026-08-06,1,2.179641083972702,0.023534572083079238,0.023784214587291255,0.021784214587291253,1.0106074800651041,time
HAL,2026-08-11,-1,1.1579031773578734,0.008603466592221803,0.0015458035034968528,-0.0004541964965031472,0.17967216899457464,time
HAL,2026-08-12,-1,0.8880394889277189,0.0061872967245441505,-0.0061872967245441505,-0.00818729672454415,-1.0,stop
HAL,2026-08-18,1,1.20413677377809,0.009933469174172118,0.0010012167011572799,-0.0009987832988427202,0.10079224927385191,time
HAL,2026-08-19,-1,0.45044358932814754,0.00455120521944132,0.00682680782916198,0.00482680782916198,1.5,target
HAL,2026-08-20,-1,0.8184362667398896,0.006719879424227318,0.003389830508474576,0.0013898305084745761,0.5044481149844968,time
HAL,2026-08-21,1,0.7444688500602415,0.0056603957206657046,0.008490593580998556,0.006490593580998556,1.5,target
HAL,2026-08-24,-1,0.6111762713886335,0.008672954712663399,0.013009432068995097,0.011009432068995097,1.5,target
HAL,2026-08-25,-1,0.8079071503293616,0.006016937010611992,0.009025405515917989,0.007025405515917989,1.5,target
HAL,2026-08-28,-1,0.7015746271770876,0.004999239556254454,0.007498859334381681,0.005498859334381681,1.5,target
HAL,2026-08-31,-1,1.2116254575818384,0.010125894737099649,-0.002484477495145936,-0.004484477495145936,-0.2453588112113402,time
HAL,2026-09-01,-1,0.5002843580043583,0.006329337285114746,-0.006329337285114746,-0.008329337285114747,-1.0,stop
HAL,2026-09-04,1,1.6606638623465102,0.016445643267955518,-0.009181799632728015,-0.011181799632728015,-0.5583119786271196,time
HAL,2026-09-08,1,1.0642977478520537,0.011902070446442745,0.017853105669664117,0.015853105669664115,1.5,target
HAL,2026-09-09,-1,1.330003501901353,0.011133200795228629,-0.011133200795228629,-0.013133200795228629,-1.0,stop
HAL,2026-09-11,-1,0.5724298522855986,0.008375978362430883,-0.008375978362430883,-0.010375978362430883,-1.0,stop
HAL,2026-09-18,1,1.6124413133564655,0.013517417591204327,-0.009348747741412075,-0.011348747741412075,-0.6916075262404581,time
HAL,2026-09-28,-1,0.5014599402819886,0.006625989784722048,-0.006625989784722048,-0.008625989784722048,-1.0,stop
HAL,2026-09-30,1,1.2224937451426225,0.013392612234178914,-0.002926329055888108,-0.0049263290558881085,-0.21850323183552683,time
HAL,2026-10-01,1,0.9682833571356507,0.007404287914755147,-0.007404287914755147,-0.009404287914755147,-1.0,stop
HAL,2026-10-06,1,0.675097872345354,0.00572810578763889,0.008592158681458335,0.006592158681458335,1.5,target
HAL,2026-10-07,-1,1.2670433602224243,0.010162388685175484,0.00548982615243583,0.00348982615243583,0.5402102126288659,time
HAL,2026-10-08,-1,1.2377501487110436,0.009357912138180918,0.014036868207271376,0.012036868207271376,1.5,target
POLYCAB,2026-07-31,1,0.9478224328023863,0.009874772438903293,0.004137474485574006,0.002137474485574006,0.41899441340782123,time
POLYCAB,2026-08-03,-1,0.761950600645898,0.006605383387460781,0.005449441294655144,0.003449441294655144,0.825,time
POLYCAB,2026-08-06,1,1.24793522175194,0.010092832469775475,0.005505181347150259,0.0035051813471502586,0.5454545454545454,time
POLYCAB,2026-08-10,1,1.280168267839029,0.00971394837116943,-0.0027907475983470187,-0.004790747598347019,-0.287292817679558,time
POLYCAB,2026-08-11,-1,1.0572609404085247,0.01047319296722379,0.015709789450835687,0.013709789450835686,1.5,target
POLYCAB,2026-08-14,1,0.7087059492615999,0.005045625335480408,-0.005045625335480408,-0.007045625335480408,-1.0,stop
POLYCAB,2026-08-17,1,0.8307742039228033,0.009283606117520795,0.005634558626240944,0.003634558626240944,0.6069364161849711,time
POLYCAB,2026-08-19,-1,0.9961876384727893,0.009316770186335404,-0.009316770186335404,-0.011316770186335404,-1.0,stop
POLYCAB,2026-08-20,-1,0.5228173510384164,0.004435439710875041,0.000657102179388895,-0.0013428978206111051,0.14814814814814814,time
POLYCAB,2026-08-21,-1,1.1366900329514074,0.012254360786045485,0.010156767498344006,0.008156767498344005,0.8288288288288288,time
POLYCAB,2026-08-24,-1,0.7270446070955503,0.004737751518867399,-0.004737751518867399,-0.006737751518867399,-1.0,stop
POLYCAB,2026-08-31,-1,1.0114724643366957,0.006398234969663541,-0.006398234969663541,-0.008398234969663541,-1.0,stop
POLYCAB,2026-09-01,-1,0.9905373629950749,0.011656036947437871,0.017484055421156806,0.015484055421156806,1.5,target
POLYCAB,2026-09-03,-1,1.1045884402991921,0.01141785957736878,-0.01141785957736878,-0.01341785957736878,-1.0,stop
POLYCAB,2026-09-09,-1,1.353610398719216,0.008522897785246984,-0.002820959126102875,-0.004820959126102875,-0.33098591549295775,time
POLYCAB,2026-09-10,-1,0.6756777798513153,0.004750450992182802,-0.004750450992182802,-0.006750450992182802,-1.0,stop
POLYCAB,2026-09-11,-1,1.5684995118740395,0.012590590836506571,-0.012590590836506571,-0.014590590836506571,-1.0,stop
POLYCAB,2026-09-15,-1,1.366457701001272,0.010064043915827997,0.006587374199451052,0.004587374199451052,0.6545454545454545,time
POLYCAB,2026-09-16,1,1.043509531000177,0.009562675112681204,-0.009562675112681204,-0.011562675112681204,-1.0,stop
POLYCAB,2026-09-17,1,1.1883909307241947,0.008251833740831296,0.0034841075794621026,0.0014841075794621026,0.4222222222222222,time
POLYCAB,2026-09-18,1,0.5673421499806209,0.0038645009359338203,0.005796751403900731,0.0037967514039007307,1.5,target
POLYCAB,2026-09-21,-1,0.4851934011421074,0.004018472980267499,-0.004018472980267499,-0.006018472980267499,-1.0,stop
POLYCAB,2026-09-28,-1,0.9103990799230121,0.006236507555768769,0.009354761333653155,0.007354761333653155,1.5,target
POLYCAB,2026-10-07,-1,1.5258628868799917,0.010753356539035306,-0.010753356539035306,-0.012753356539035306,-1.0,stop
PERSISTENT,2026-08-04,-1,1.552933047615411,0.019941456275155506,-0.0060373216245883645,-0.008037321624588364,-0.30275229357798167,time
PERSISTENT,2026-08-07,1,1.0757850157311806,0.014605120807789397,-0.014605120807789397,-0.0166051208077894,-1.0,stop
PERSISTENT,2026-08-13,1,0.5164971201233802,0.012422360248447204,0.008951406649616368,0.006951406649616368,0.7205882352941176,time
PERSISTENT,2026-08-14,-1,0.9814431281774856,0.013533284564740308,-0.013533284564740308,-0.015533284564740308,-1.0,stop
PERSISTENT,2026-08-21,-1,0.582113122948918,0.009481612760301284,-0.009481612760301284,-0.011481612760301284,-1.0,stop
PERSISTENT,2026-08-24,1,0.5556063829201293,0.0068403051828466194,-0.0068403051828466194,-0.00884030518284662,-1.0,stop
PERSISTENT,2026-08-28,1,1.3721580559420217,0.016165283540802215,0.015733056708160442,0.013733056708160442,0.9732620320855615,time
PERSISTENT,2026-08-31,-1,3.147396341709905,0.03684676705048716,0.008945969884853853,0.006945969884853853,0.24278846153846154,time
PERSISTENT,2026-09-02,-1,1.073361588042639,0.015229325305471933,-0.007614662652735966,-0.009614662652735965,-0.5,time
PERSISTENT,2026-09-11,1,0.6674585534815183,0.008977963181282307,0.0004534324839031468,-0.0015465675160968532,0.050505050505050504,time
PERSISTENT,2026-09-18,-1,1.3796957076714962,0.01695700518902891,-0.0037064492216456633,-0.005706449221645663,-0.2185792349726776,time
PERSISTENT,2026-09-23,-1,1.237609839199481,0.01692524682651622,0.01457451810061119,0.01257451810061119,0.8611111111111112,time
PERSISTENT,2026-09-24,1,1.0533604836795185,0.019134696955415212,-0.005184277500235649,-0.007184277500235649,-0.270935960591133,time
PERSISTENT,2026-09-29,-1,0.8179671130421914,0.012625783178279856,0.018938674767419783,0.01693867476741978,1.5,target
PERSISTENT,2026-09-30,1,1.663501469219909,0.020456038284695506,-0.009289668762315849,-0.011289668762315849,-0.4541284403669725,time
PERSISTENT,2026-10-05,1,1.506424431698638,0.02,0.005454545454545455,0.003454545454545455,0.2727272727272727,time
PERSISTENT,2026-10-07,-1,0.45399060487566945,0.007397935884555667,-0.007397935884555667,-0.009397935884555668,-1.0,stop
PERSISTENT,2026-10-08,1,1.5664091374871554,0.021630763752893002,-0.021630763752893002,-0.023630763752893004,-1.0,stop
LUPIN,2026-07-31,-1,0.6330327127091459,0.006951834812798925,0.001282834366867999,-0.0007171656331320011,0.18453176771493343,time
LUPIN,2026-08-04,-1,0.498678395819356,0.005591780041254993,-0.005591780041254993,-0.007591780041254993,-1.0,stop
LUPIN,2026-08-05,-1,0.7474311003425294,0.013809985667624158,-0.0116071766543407,-0.0136071766543407,-0.8404915786083922,time
LUPIN,2026-08-10,-1,1.8608950288612824,0.01855848079413034,0.02783772119119551,0.025837721191195512,1.5,target
LUPIN,2026-08-12,-1,0.8211319987921852,0.009406487257872846,-0.0073309037149613876,-0.009330903714961387,-0.7793455212333085,time
LUPIN,2026-08-14,-1,0.5743547642335532,0.006948818555122495,0.004454342984409799,0.0024543429844097993,0.6410216282199755,time
LUPIN,2026-08-19,-1,0.6271395927586976,0.006363323948423063,-0.004151977150077507,-0.006151977150077507,-0.652485585164407,time
LUPIN,2026-08-27,-1,1.6910831661409476,0.014002536354758937,-0.014002536354758937,-0.016002536354758935,-1.0,stop
LUPIN,2026-08-31,-1,0.5862346867425319,0.005844201139262523,-0.005844201139262523,-0.007844201139262524,-1.0,stop
LUPIN,2026-09-04,-1,0.6012483132916503,0.004886942280207482,0.007330413420311223,0.005330413420311223,1.5,target
LUPIN,2026-09-07,-1,0.9736308111632354,0.007486400771440417,0.002606017531390666,0.0006060175313906658,0.3481001900582536,time
LUPIN,2026-09-11,1,0.8644742065750989,0.0069283598057869695,0.010392539708680454,0.008392539708680454,1.5,target
LUPIN,2026-09-17,1,0.7132644530831033,0.0056851074693270165,0.008527661203990525,0.006527661203990525,1.5,target
LUPIN,2026-09-21,1,0.8055503704701483,0.008664993343204036,0.012997490014806053,0.010997490014806053,1.5,target
LUPIN,2026-09-23,-1,0.6565492897455466,0.005165585441115728,0.007748378161673591,0.005748378161673591,1.5,target
LUPIN,2026-09-25,-1,0.582684679210594,0.004273662590036014,-0.004273662590036014,-0.006273662590036014,-1.0,stop
LUPIN,2026-09-28,-1,1.31935991843078,0.008031525407449946,0.008320131016144185,0.006320131016144185,1.0359340964577577,time
LUPIN,2026-10-01,-1,2.070705680271311,0.013385553679438673,-0.006990221484605341,-0.008990221484605342,-0.5222213179976936,time
LUPIN,2026-10-05,-1,1.2087901543899284,0.00980542207036878,-0.0009457092415267195,-0.0029457092415267195,-0.09644758121984151,time
LUPIN,2026-10-07,-1,0.7029589935275736,0.005946481665014866,0.0025272426094833994,0.0005272426094833993,0.4249979654947917,time
LUPIN,2026-10-08,1,0.7098323177126491,0.004860833726742211,-0.004860833726742211,-0.006860833726742211,-1.0,stop
AUROPHARMA,2026-08-03,-1,1.1635152481739715,0.011595357750558925,-0.011595357750558925,-0.013595357750558925,-1.0,stop
AUROPHARMA,2026-08-07,1,0.48630715601584074,0.008783486909818308,0.013175230364727463,0.011175230364727463,1.5,target
AUROPHARMA,2026-08-10,1,0.6970007312156729,0.007132596643446919,-0.007132596643446919,-0.009132596643446919,-1.0,stop
AUROPHARMA,2026-08-11,1,0.5178784917574208,0.00478760349733189,-0.00478760349733189,-0.00678760349733189,-1.0,stop
AUROPHARMA,2026-08-18,1,0.7481250450712991,0.0073108321076598565,-0.0073108321076598565,-0.009310832107659857,-1.0,stop
AUROPHARMA,2026-08-25,-1,0.5660547296395187,0.004798450474535327,-0.004798450474535327,-0.006798450474535327,-1.0,stop
AUROPHARMA,2026-08-31,1,1.0937070193761391,0.009093631789182476,0.013640447683773713,0.011640447683773713,1.5,target
AUROPHARMA,2026-09-04,-1,1.1569435817918567,0.009971730570994678,-0.009971730570994678,-0.011971730570994678,-1.0,stop
AUROPHARMA,2026-09-08,1,1.5584312979587376,0.012352352690682229,0.009666995285746358,0.007666995285746358,0.7826035677428866,time
AUROPHARMA,2026-09-09,1,1.0146309434206837,0.010418549053992815,-0.010418549053992815,-0.012418549053992815,-1.0,stop
AUROPHARMA,2026-09-10,-1,1.2309789136467748,0.014098871677212943,-0.0009599085307577191,-0.0029599085307577193,-0.06808406748670212,time
AUROPHARMA,2026-09-11,-1,0.7895053622677145,0.006824451277078959,-0.006824451277078959,-0.00882445127707896,-1.0,stop
AUROPHARMA,2026-09-16,-1,0.6929037285044545,0.008220679820606735,-0.00048718113013831516,-0.0024871811301383153,-0.059262876157407406,time
AUROPHARMA,2026-09-17,1,2.313822319970385,0.016728877127984893,0.01696952120789812,0.01496952120789812,1.0143849511280507,time
AUROPHARMA,2026-09-18,-1,1.0010503277997036,0.008476112284429693,-0.008476112284429693,-0.010476112284429693,-1.0,stop
AUROPHARMA,2026-09-29,-1,1.0144633958446174,0.008917483700769793,-0.008917483700769793,-0.010917483700769793,-1.0,stop
AUROPHARMA,2026-10-05,-1,1.4013026154691608,0.014657493269518396,-0.0020341157128701765,-0.0040341157128701765,-0.13877650669642858,time
AUROPHARMA,2026-10-06,1,0.6979590275415168,0.009014857595613723,0.003973710538640601,0.001973710538640601,0.44079570825101594,time
AUROPHARMA,2026-10-07,-1,0.568338397351261,0.005687526184656603,0.008531289276984905,0.006531289276984905,1.5,target
AUROPHARMA,2026-10-08,-1,0.8211211379185805,0.006946093165232036,0.010419139747848053,0.008419139747848053,1.5,target
BIOCON,2026-07-31,-1,0.37996642797546615,0.004120070629782225,-0.004120070629782225,-0.006120070629782225,-1.0,stop
BIOCON,2026-08-05,1,0.4534366718818415,0.007704851475652975,-0.007704851475652975,-0.009704851475652976,-1.0,stop
BIOCON,2026-08-06,1,1.9429878810498002,0.02033701336432307,0.014758875313226321,0.012758875313226321,0.7257149832589286,time
BIOCON,2026-08-10,1,0.5368779607253085,0.005255167656370426,-0.005255167656370426,-0.007255167656370426,-1.0,stop
BIOCON,2026-08-11,-1,0.3402657271593455,0.005316635007324362,-0.005316635007324362,-0.007316635007324362,-1.0,stop
BIOCON,2026-08-12,-1,0.7047732999687637,0.007548979129763062,-0.007548979129763062,-0.009548979129763062,-1.0,stop
BIOCON,2026-08-18,1,0.9132610610698827,0.009134586040790128,0.003605769230769231,0.001605769230769231,0.3947381101527549,time
BIOCON,2026-08-25,1,0.6327619623025045,0.007434461408820702,0.011151692113230985,0.009151692113230985,1.4999999999999907,target
BIOCON,2026-08-31,-1,1.0090326318282012,0.009686150871187687,-0.009686150871187687,-0.011686150871187687,-1.0,stop
BIOCON,2026-09-03,1,0.41491723432693695,0.0033577306974889275,0.005036596046233391,0.003036596046233391,1.5,target
BIOCON,2026-09-04,-1,0.7546707231869284,0.006853582554517134,-0.006853582554517134,-0.008853582554517134,-1.0,stop
BIOCON,2026-09-07,-1,0.8496367338797594,0.008383128062272285,0.0125746920934085,0.0105746920934085,1.5000000000000087,target
BIOCON,2026-09-11,-1,1.450837848721752,0.011395995407740842,-0.011395995407740842,-0.013395995407740842,-1.0,stop
BIOCON,2026-09-15,-1,1.1557962702397506,0.008896370076403972,0.01334455511460603,0.01134455511460603,1.5000000000000082,target
BIOCON,2026-09-18,1,1.0667224906143367,0.009128847302342364,-0.009128847302342364,-0.011128847302342364,-1.0,stop
BIOCON,2026-09-21,1,0.7127905727146288,0.010582669797464913,0.007267642860828246,0.005267642860828246,0.6867494686992139,time
BIOCON,2026-09-25,-1,0.7995599930980698,0.0051719677705343355,0.007757951655801503,0.005757951655801503,1.5,target
BIOCON,2026-10-01,-1,1.02821591525708,0.011544207715497086,-0.011544207715497086,-0.013544207715497086,-1.0,stop
BIOCON,2026-10-05,-1,1.008031653221618,0.009887563204207852,-0.0017607853372109243,-0.003760785337210924,-0.17808081737081455,time
BIOCON,2026-10-08,-1,0.9527949222475767,0.007955355487831472,0.011933033231747209,0.009933033231747209,1.5,target
TATAPOWER,2026-08-06,-1,0.9165518001157732,0.00845669201545138,-0.0005285734943377553,-0.0025285734943377553,-0.06250357626504416,time
TATAPOWER,2026-08-07,1,0.6803975425242358,0.005140403784517504,0.007710605676776256,0.005710605676776256,1.5,target
TATAPOWER,2026-08-11,-1,0.8022151268704611,0.005527786620833264,-0.00026324323538387523,-0.0022632432353838754,-0.04762181564529958,time
TATAPOWER,2026-08-12,-1,0.702170065676944,0.005430431239652468,0.008145646859478778,0.0061456468594787775,1.5000000000000138,target
TATAPOWER,2026-08-14,1,0.5139923580362072,0.005873906987868336,0.008810860481802503,0.006810860481802503,1.5,target
TATAPOWER,2026-08-17,-1,0.7213227799444176,0.005394704718338966,-0.005394704718338966,-0.007394704718338966,-1.0,stop
TATAPOWER,2026-08-19,-1,0.8944834292734078,0.008081659671100869,-0.003974562862370977,-0.005974562862370977,-0.4918003261859168,time
TATAPOWER,2026-08-21,-1,0.7725055147271921,0.007223146857154554,-0.007223146857154554,-0.009223146857154554,-1.0,stop
TATAPOWER,2026-08-24,1,1.0716233264068369,0.007017992197166031,-0.007017992197166031,-0.00901799219716603,-1.0,stop
TATAPOWER,2026-08-26,-1,0.852439012751724,0.006995845947033176,0.010493768920549765,0.008493768920549765,1.5,target
TATAPOWER,2026-08-27,-1,3.801278074816299,0.023761862584050025,-0.005868933244171562,-0.007868933244171563,-0.2469896130159022,time
TATAPOWER,2026-08-28,-1,0.8532688856092898,0.006290242193084346,-0.006290242193084346,-0.008290242193084347,-1.0,stop
TATAPOWER,2026-08-31,-1,1.0905747183990473,0.008751758372937589,0.00430416068866571,0.00230416068866571,0.4918052470432851,time
TATAPOWER,2026-09-02,1,1.505903640392542,0.00884452525967368,0.013266787889510521,0.011266787889510521,1.5,target
TATAPOWER,2026-09-08,-1,0.6604108216578866,0.004127683063272917,-0.004127683063272917,-0.006127683063272917,-1.0,stop
TATAPOWER,2026-09-09,1,0.8335093599851557,0.01116407380126787,0.016746110701901806,0.014746110701901806,1.5,target
TATAPOWER,2026-09-10,-1,0.6140968645730437,0.004352573658731449,0.00652886048809725,0.00452886048809725,1.5000000000000178,target
TATAPOWER,2026-09-11,1,0.56103825643883,0.003976994467245206,0.005965491700867809,0.003965491700867809,1.5,target
TATAPOWER,2026-09-18,1,1.0764992703113794,0.007387174301042936,0.011080761451564326,0.009080761451564326,1.4999999999999896,target
TATAPOWER,2026-09-22,-1,0.3834520532234163,0.002588589119976313,-0.002588589119976313,-0.004588589119976312,-1.0,stop
TATAPOWER,2026-09-23,1,0.4515607085413257,0.0031233687559354692,-0.0031233687559354692,-0.005123368755935469,-1.0,stop
TATAPOWER,2026-09-25,1,0.7951231671567452,0.008332161985192646,0.003961240965404139,0.001961240965404139,0.4754157411298278,time
TATAPOWER,2026-09-28,-1,1.0774689253805843,0.007570543702684102,0.0037164655292928426,0.0017164655292928425,0.4909113103693182,time
TATAPOWER,2026-09-30,1,1.241731639221327,0.009995852185271317,-0.003193097087251126,-0.005193097087251125,-0.3194422074344085,time
TATAPOWER,2026-10-07,-1,1.904903329378061,0.013140758968862815,0.0031769129343411553,0.0011769129343411552,0.24176023180007244,time
TATAPOWER,2026-10-08,-1,1.8924140744109361,0.015222428561307946,0.01741806821053805,0.01541806821053805,1.1442371458921434,time
PAGEIND,2026-07-31,-1,0.8256455332945614,0.0063686466625842006,0.009552969993876302,0.007552969993876302,1.5,target
PAGEIND,2026-08-11,-1,1.3970227615021846,0.007433489827856025,-0.007433489827856025,-0.009433489827856025,-1.0,stop
PAGEIND,2026-08-12,-1,1.8380184108699311,0.013043478260869565,-0.013043478260869565,-0.015043478260869565,-1.0,stop
PAGEIND,2026-08-13,-1,1.3799015549124087,0.008341056533827619,0.012511584800741427,0.010511584800741427,1.5,target
PAGEIND,2026-08-18,-1,1.7765467710374363,0.01451831750339213,0.011533242876526458,0.009533242876526458,0.794392523364486,time
PAGEIND,2026-08-19,-1,2.133640710559331,0.013788300835654596,0.01838440111420613,0.01638440111420613,1.3333333333333333,time
PAGEIND,2026-08-20,-1,1.2962820297659974,0.008745944420933842,-0.008745944420933842,-0.010745944420933842,-1.0,stop
PAGEIND,2026-08-21,-1,0.9680343972701151,0.00876944837340877,-0.00876944837340877,-0.01076944837340877,-1.0,stop
PAGEIND,2026-08-24,1,0.7297773404389646,0.004628980221629962,-0.004628980221629962,-0.006628980221629962,-1.0,stop
PAGEIND,2026-08-25,1,0.337740290857687,0.00338409475465313,-0.00338409475465313,-0.005384094754653131,-1.0,stop
PAGEIND,2026-09-03,1,1.0333905491809618,0.0062206248272048655,-0.0062206248272048655,-0.008220624827204866,-1.0,stop
PAGEIND,2026-09-15,-1,1.1481473869819714,0.007805847289242124,0.011708770933863185,0.009708770933863185,1.5,target
PAGEIND,2026-09-18,1,1.2582198741253758,0.008381872425060378,0.012572808637590567,0.010572808637590567,1.5,target
PAGEIND,2026-09-23,-1,0.8422465011952964,0.0064498790647675355,-0.0064498790647675355,-0.008449879064767536,-1.0,stop
PAGEIND,2026-09-29,-1,0.7272517186047152,0.0045674368619022035,0.006851155292853304,0.004851155292853304,1.5,target
PAGEIND,2026-10-01,1,1.204191900894664,0.00814442785394326,-0.00814442785394326,-0.01014442785394326,-1.0,stop
PAGEIND,2026-10-06,1,2.3359956519681173,0.01963350785340314,-0.006020942408376963,-0.008020942408376964,-0.30666666666666664,time
PAGEIND,2026-10-07,-1,0.6623106005625471,0.010036130068245684,-0.010036130068245684,-0.012036130068245684,-1.0,stop
MRF,2026-07-31,-1,0.8896181433188408,0.00819672131147541,0.012295081967213115,0.010295081967213114,1.5,target
MRF,2026-08-03,1,0.8122122552491913,0.004372524104940579,-0.0005232080125569923,-0.002523208012556992,-0.11965811965811966,time
MRF,2026-08-05,1,0.5582063803325138,0.003692927484333035,0.005539391226499552,0.003539391226499552,1.5,target
MRF,2026-08-10,1,0.9128157873112014,0.0052044609665427505,-0.0052044609665427505,-0.0072044609665427506,-1.0,stop
MRF,2026-08-11,-1,0.5278725394728633,0.0035573862572551955,0.005336079385882793,0.003336079385882793,1.5,target
MRF,2026-08-12,-1,1.2372213660132436,0.009177469312836984,0.0003059156437612328,-0.0016940843562387672,0.03333333333333333,time
MRF,2026-08-18,1,0.6050484098688641,0.004652035265428625,0.0013130744700806604,-0.0006869255299193397,0.28225806451612906,time
MRF,2026-08-21,-1,0.7986878856471943,0.004682524817381532,0.007023787226072298,0.005023787226072298,1.5,target
MRF,2026-08-24,1,1.1733101519342464,0.008388948957906118,0.0020506319674881623,5.063196748816227e-05,0.24444444444444444,time
MRF,2026-08-26,1,0.634865634478617,0.0032572070385623363,-0.00037439161362785476,-0.0023743916136278547,-0.11494252873563218,time
MRF,2026-08-27,-1,0.666987672114935,0.003788873466631654,-0.002175788723412237,-0.004175788723412237,-0.5742574257425742,time
MRF,2026-08-28,-1,1.5839412391385352,0.008428657435279952,0.006283865141481036,0.004283865141481036,0.7455357142857143,time
MRF,2026-09-01,-1,0.7139178013822601,0.003340715438609662,0.005011073157914493,0.0030110731579144926,1.5,target
MRF,2026-09-02,-1,0.8093284725642281,0.003545828885160897,-0.003545828885160897,-0.005545828885160897,-1.0,stop
MRF,2026-09-03,-1,2.0525974306319283,0.012737396079627794,0.004233086721073908,0.0022330867210739076,0.3323353293413174,time
MRF,2026-09-07,-1,1.5599004006659007,0.007734251131134228,0.003519084264666074,0.0015190842646660738,0.455,time
MRF,2026-09-08,-1,0.6434040238344739,0.0037802026500389713,-0.0037802026500389713,-0.005780202650038971,-1.0,stop
MRF,2026-09-09,-1,1.0698675848152785,0.004936723739372331,-0.004936723739372331,-0.006936723739372331,-1.0,stop
MRF,2026-09-15,-1,2.210697233833289,0.010605528911763558,0.015908293367645338,0.013908293367645338,1.5,target
MRF,2026-09-18,-1,0.9536635275642878,0.0046618173049873405,-0.0046618173049873405,-0.0066618173049873405,-1.0,stop
MRF,2026-09-21,-1,1.0233782465218442,0.0056772749080441385,0.0015992323684631377,-0.0004007676315368623,0.28169014084507044,time
MRF,2026-09-23,-1,0.7361455095740128,0.004130739923801885,0.0012432324042510527,-0.0007567675957489473,0.30097087378640774,time
MRF,2026-09-29,-1,1.4262267163161297,0.0076509848608171905,-0.0076509848608171905,-0.00965098486081719,-1.0,stop
MRF,2026-09-30,1,0.943150962124709,0.00573528817803627,0.008602932267054405,0.006602932267054405,1.5,target
MRF,2026-10-01,-1,0.8913392360000264,0.005837359098228663,0.008756038647342996,0.006756038647342996,1.5,target
MRF,2026-10-05,-1,0.7249770406662669,0.006271748806344582,-0.006271748806344582,-0.008271748806344582,-1.0,stop
MRF,2026-10-08,-1,0.8961391635407967,0.005905110975361434,0.0026063938098147017,0.0006063938098147016,0.4413793103448276,time
COFORGE,2026-07-31,1,1.00920294029169,0.019486941117884588,0.0002326940955985738,-0.0017673059044014262,0.01194102728544776,time
COFORGE,2026-08-03,-1,0.5869934124938023,0.012056601795053478,-0.012056601795053478,-0.014056601795053478,-1.0,stop
COFORGE,2026-08-05,1,0.45644643758046344,0.008683342127199206,0.013025013190798808,0.011025013190798807,1.5,target
COFORGE,2026-08-06,-1,0.5754251258412333,0.017233585240431882,-0.001695106744960513,-0.003695106744960513,-0.09836065573770492,time
COFORGE,2026-08-07,1,0.7556724201987078,0.013521744526143907,-0.013521744526143907,-0.015521744526143907,-1.0,stop
COFORGE,2026-08-10,1,1.1079342848814284,0.01689967608965349,-0.0036331474593400653,-0.005633147459340066,-0.21498326003800702,time
COFORGE,2026-08-12,-1,0.4487411148217834,0.0069367369589345175,0.010405105438401776,0.008405105438401776,1.5,target
COFORGE,2026-08-13,1,0.3825729851254412,0.00791807797792082,0.01187711696688123,0.00987711696688123,1.5,target
COFORGE,2026-08-14,-1,0.8654480751148315,0.015991603140162833,-0.002656069587104857,-0.004656069587104857,-0.1660915146420906,time
COFORGE,2026-08-17,-1,0.49578175753210807,0.009599938439874995,-0.002164155411408109,-0.004164155411408109,-0.22543430095540173,time
COFORGE,2026-08-19,1,0.6782889734718892,0.010743801652892562,-0.001046845407197095,-0.003046845407197095,-0.09743714943911422,time
COFORGE,2026-08-21,-1,0.8060677132447652,0.01452940821748708,-0.01452940821748708,-0.01652940821748708,-1.0,stop
COFORGE,2026-08-26,1,0.5888927168621603,0.017580144777662874,-0.017580144777662874,-0.019580144777662872,-1.0,stop
COFORGE,2026-08-27,1,0.6470731411905726,0.008780205663446372,-0.008780205663446372,-0.010780205663446372,-1.0,stop
COFORGE,2026-08-28,1,1.5401402131289177,0.021745776205174833,0.028381815000478445,0.026381815000478447,1.3051644941386105,time
COFORGE,2026-08-31,-1,1.6552150201992206,0.020916435771454384,-0.0030313746536571816,-0.005031374653657182,-0.1449278780945192,time
COFORGE,2026-09-03,-1,0.710562430979306,0.008073749120420262,-0.008073749120420262,-0.010073749120420262,-1.0,stop
COFORGE,2026-09-10,1,1.0395482888375691,0.01338517280578158,-0.01338517280578158,-0.01538517280578158,-1.0,stop
COFORGE,2026-09-15,-1,1.492727463655874,0.02172859508819578,0.032592892632293605,0.030592892632293603,1.4999999999999971,target
COFORGE,2026-09-16,-1,0.6316724864404801,0.011680639527732685,0.01752095929159903,0.015520959291599029,1.5,target
COFORGE,2026-09-23,-1,0.8275521770630363,0.011071561223857078,0.008345387668996987,0.006345387668996987,0.7537679194704977,time
COFORGE,2026-09-25,-1,0.957663380108105,0.012443438914027148,-0.012443438914027148,-0.014443438914027149,-1.0,stop
COFORGE,2026-09-30,1,1.3965327443457745,0.01835576766254438,-0.01835576766254438,-0.020355767662544377,-1.0,stop
COFORGE,2026-10-05,1,1.3317230004290075,0.018150976772737335,0.027226465159106063,0.025226465159106065,1.5000000000000033,target
COFORGE,2026-10-06,-1,0.5584933202215218,0.013345616521616702,-0.0034719807813267988,-0.005471980781326799,-0.2601588900522521,time
COFORGE,2026-10-07,-1,0.6046390171334316,0.008988886587195054,-0.008988886587195054,-0.010988886587195055,-1.0,stop
MPHASIS,2026-07-31,1,1.7336739629452198,0.01790496761416202,0.02685745142124303,0.02485745142124303,1.5,target
MPHASIS,2026-08-05,1,0.3891317463780843,0.005118622067467749,0.007677933101201623,0.005677933101201623,1.5,target
MPHASIS,2026-08-06,-1,0.5081317497424844,0.006964358869315854,0.010446538303973782,0.008446538303973782,1.5,target
MPHASIS,2026-08-07,1,0.9262630744889986,0.016193585303922006,0.009544746863944287,0.007544746863944287,0.5894152953041596,time
MPHASIS,2026-08-10,1,0.5840668414240836,0.008303412705838323,0.0011976047904191617,-0.0008023952095808384,0.1442304306489665,time
MPHASIS,2026-08-12,-1,1.2545554811755368,0.013994402239104359,-0.013994402239104359,-0.01599440223910436,-1.0,stop
MPHASIS,2026-08-14,-1,0.7995385557244034,0.010218668458001987,-0.010218668458001987,-0.012218668458001987,-1.0,stop
MPHASIS,2026-08-17,-1,0.8390754666048378,0.010451873114405926,0.002503695388417219,0.0005036953884172191,0.23954513808308192,time
MPHASIS,2026-08-18,-1,0.6251503263706786,0.007017504474188345,0.010526256711282517,0.008526256711282517,1.5,target
MPHASIS,2026-08-21,-1,1.1131950473265864,0.01317868582539598,-0.01317868582539598,-0.01517868582539598,-1.0,stop
MPHASIS,2026-08-26,1,0.724800519585359,0.013222930187619521,-0.013222930187619521,-0.015222930187619521,-1.0,stop
MPHASIS,2026-09-03,-1,0.8220902600360633,0.00911620034063117,-0.00911620034063117,-0.01111620034063117,-1.0,stop
MPHASIS,2026-09-07,-1,1.1924171877784906,0.01343474813186523,-0.0008872402434516266,-0.0028872402434516266,-0.06604070539642082,time
MPHASIS,2026-09-10,1,1.0753338664283174,0.01072254881892686,-0.01072254881892686,-0.01272254881892686,-1.0,stop
MPHASIS,2026-09-15,1,1.377855697515897,0.01805465858266502,-0.01805465858266502,-0.020054658582665023,-1.0,stop
MPHASIS,2026-09-16,-1,0.8081209844729859,0.007590772837412725,0.011386159256119088,0.009386159256119088,1.5,target
MPHASIS,2026-09-17,-1,1.020407084929982,0.010830753520552414,-0.009134406263592866,-0.011134406263592866,-0.8433768016472203,time
MPHASIS,2026-09-21,-1,1.4479286551544939,0.017789162891965454,-0.017789162891965454,-0.019789162891965452,-1.0,stop
MPHASIS,2026-09-23,-1,1.1454578663933443,0.010746977773132665,-0.007357859531772575,-0.009357859531772575,-0.6846445286382884,time
MPHASIS,2026-09-24,1,1.4005730449227078,0.016103414112503735,-0.00811795009777042,-0.01011795009777042,-0.5041136023116438,time
MPHASIS,2026-09-29,-1,0.7619976737241779,0.008974541066472006,0.01346181159970801,0.01146181159970801,1.5,target
MPHASIS,2026-09-30,1,2.0372480549797216,0.02013457437135252,-0.02013457437135252,-0.022134574371352522,-1.0,stop
MPHASIS,2026-10-05,1,1.6231775022877035,0.019779429431851677,0.0052074858824815206,0.0032074858824815205,0.2632778614986578,time
MPHASIS,2026-10-07,-1,0.5239719102165923,0.005082294720280247,0.00762344208042037,0.00562344208042037,1.5,target
ASHOKLEY,2026-07-31,1,1.4254021506779477,0.01160622625284587,0.017409339379268807,0.015409339379268807,1.5,target
ASHOKLEY,2026-08-03,1,1.4565806406865647,0.011807124212033011,0.017710686318049517,0.01571068631804952,1.5,target
ASHOKLEY,2026-08-05,1,1.5906355431785448,0.013586489340533383,0.00619632945937689,0.00419632945937689,0.4560655298121062,time
ASHOKLEY,2026-08-10,-1,0.7280299365705151,0.005831391897318019,-0.005831391897318019,-0.007831391897318019,-1.0,stop
ASHOKLEY,2026-08-12,1,1.0291384061555913,0.010936748009405509,-0.010936748009405509,-0.012936748009405509,-1.0,stop
ASHOKLEY,2026-08-13,1,1.8847074626825329,0.019043414819693467,-0.019043414819693467,-0.02104341481969347,-1.0,stop
ASHOKLEY,2026-08-17,-1,1.5173117534476974,0.013646543111504962,-0.013646543111504962,-0.015646543111504964,-1.0,stop
ASHOKLEY,2026-08-21,1,0.7176274635128984,0.0064530717500695415,-0.0032265358750347708,-0.005226535875034771,-0.5,time
ASHOKLEY,2026-08-24,-1,0.7278378612024902,0.006672433163673193,-0.006672433163673193,-0.008672433163673193,-1.0,stop
ASHOKLEY,2026-08-27,-1,1.339625533904934,0.013165300299807264,0.006162499179359244,0.004162499179359244,0.4680864878904024,time
ASHOKLEY,2026-08-28,-1,1.0251785892151826,0.010617129764072255,0.0020439482221730914,4.394822217309137e-05,0.19251419805470332,time
ASHOKLEY,2026-09-02,-1,1.9282243579392297,0.017815268267246196,-0.010532651605694877,-0.012532651605694877,-0.5912148752235975,time
ASHOKLEY,2026-09-03,-1,0.5967775021984988,0.011067940000412621,-0.011067940000412621,-0.013067940000412621,-1.0,stop
ASHOKLEY,2026-09-04,1,1.0308496767388902,0.009765786828122456,0.014648680242183685,0.012648680242183685,1.5,target
ASHOKLEY,2026-09-08,-1,0.41471013219398356,0.005032599965850666,-0.005032599965850666,-0.007032599965850666,-1.0,stop
ASHOKLEY,2026-09-15,-1,0.9945053625954186,0.012063693716397143,0.018095540574595715,0.016095540574595717,1.5,target
ASHOKLEY,2026-09-16,-1,0.8017276026608129,0.007139183339674951,0.010708775009512428,0.008708775009512428,1.5,target
ASHOKLEY,2026-09-17,1,1.0941777528912027,0.009754819368871645,0.004750744430208363,0.002750744430208363,0.4870151102303691,time
ASHOKLEY,2026-09-18,-1,0.6811093436103717,0.01027292431854028,-0.01027292431854028,-0.01227292431854028,-1.0,stop
ASHOKLEY,2026-09-22,1,0.7168676521585143,0.005919333920828234,-0.005919333920828234,-0.007919333920828234,-1.0,stop
ASHOKLEY,2026-09-24,-1,0.4380070416292476,0.004446435035282129,0.006669652552923193,0.004669652552923193,1.5,target
ASHOKLEY,2026-09-25,1,1.1151767012298002,0.008750268366396299,0.008686798927559988,0.006686798927559988,0.9927465723131358,time
ASHOKLEY,2026-09-29,-1,1.0042311073959078,0.009840402708735914,-0.009840402708735914,-0.011840402708735914,-1.0,stop
ASHOKLEY,2026-09-30,1,1.0771461356839171,0.013851504606208959,-0.013851504606208959,-0.01585150460620896,-1.0,stop
ASHOKLEY,2026-10-07,-1,1.4358761099950665,0.017376277612407325,0.010478855576643183,0.008478855576643183,0.6030552578856637,time
ASHOKLEY,2026-10-08,-1,0.8313598967869613,0.008302927856127768,0.012454391784191651,0.010454391784191651,1.5,target
CUMMINSIND,2026-07-31,1,1.20231516291395,0.011010830324909748,-0.0034296028880866428,-0.005429602888086643,-0.3114754098360656,time
CUMMINSIND,2026-08-03,-1,0.7603674759698433,0.006815703380588877,-0.006815703380588877,-0.008815703380588878,-1.0,stop
CUMMINSIND,2026-08-10,-1,0.6179516264361824,0.004884792626728111,-0.004884792626728111,-0.006884792626728111,-1.0,stop
CUMMINSIND,2026-08-12,-1,0.6848244594999198,0.0047636839155613675,-0.0047636839155613675,-0.0067636839155613675,-1.0,stop
CUMMINSIND,2026-08-18,-1,0.7372290266794885,0.004949587534372136,0.007424381301558204,0.005424381301558204,1.5,target
CUMMINSIND,2026-08-24,1,0.6340547045449572,0.006430868167202572,0.00964630225080386,0.007646302250803859,1.5,target
CUMMINSIND,2026-08-25,-1,1.3626822623595505,0.008830664725861232,-0.008830664725861232,-0.010830664725861232,-1.0,stop
CUMMINSIND,2026-08-31,-1,0.9031057304873734,0.007714090420857338,0.0030270481398300946,0.0010270481398300946,0.3924050632911392,time
CUMMINSIND,2026-09-01,-1,1.0266120456989762,0.00720489538097118,-0.00720489538097118,-0.00920489538097118,-1.0,stop
CUMMINSIND,2026-09-02,-1,0.9993861914191834,0.006644847763562432,-0.006644847763562432,-0.008644847763562433,-1.0,stop
CUMMINSIND,2026-09-04,-1,1.0742830339226253,0.007648753352537996,-0.0002980033773716102,-0.0022980033773716104,-0.03896103896103896,time
CUMMINSIND,2026-09-09,1,1.0154209922640902,0.006225911651348948,0.009338867477023421,0.007338867477023421,1.5,target
CUMMINSIND,2026-09-10,-1,1.327476661594877,0.009294589570492125,-0.009294589570492125,-0.011294589570492125,-1.0,stop
CUMMINSIND,2026-09-15,-1,2.0948568954454134,0.014358360753813939,0.02153754113072091,0.019537541130720912,1.5,target
CUMMINSIND,2026-09-18,1,3.0586500781215857,0.018928991761475087,0.00029423303256178896,-0.0017057669674382112,0.015544041450777202,time
CUMMINSIND,2026-09-29,-1,0.839708840646732,0.008125,-0.008125,-0.010125,-1.0,stop
CUMMINSIND,2026-10-05,-1,1.3077119277042903,0.011972932342062837,0.0007444524760541858,-0.0012555475239458143,0.062177957311159646,time
GODREJPROP,2026-08-03,-1,1.5213844138535173,0.014271347883186332,0.0025775124016346736,0.0005775124016346735,0.1806074957132359,time
GODREJPROP,2026-08-05,1,2.500422064139696,0.029872604449327513,-0.009438414346389807,-0.011438414346389807,-0.3159555224721051,time
GODREJPROP,2026-08-06,1,0.46840795545556363,0.008687716262775253,-0.008687716262775253,-0.010687716262775253,-1.0,stop
GODREJPROP,2026-08-10,1,0.748090065193309,0.007395976709673267,-0.007395976709673267,-0.009395976709673267,-1.0,stop
GODREJPROP,2026-08-11,-1,0.6938847896731706,0.00716674629718108,0.01075011944577162,0.00875011944577162,1.5,target
GODREJPROP,2026-08-12,-1,1.6588888085404492,0.01588646634166459,-0.0034860557768924302,-0.005486055776892431,-0.21943556873624798,time
GODREJPROP,2026-08-14,-1,0.830035921779419,0.0086018542403229,0.01054094654264601,0.00854094654264601,1.2254272448878791,time
GODREJPROP,2026-08-24,1,0.6744875559891689,0.008107436183608058,-0.008107436183608058,-0.010107436183608058,-1.0,stop
GODREJPROP,2026-08-27,-1,0.42654230021817097,0.003454401853367557,-0.003454401853367557,-0.0054544018533675565,-1.0,stop
GODREJPROP,2026-08-31,-1,0.8418032935361818,0.008544433702457815,0.01281665055368672,0.01081665055368672,1.5,target
GODREJPROP,2026-09-01,-1,1.27151911923888,0.011285722386481931,0.003426062404694073,0.001426062404694073,0.303574931880109,time
GODREJPROP,2026-09-08,-1,1.7401708278131185,0.01713652364246395,-0.01713652364246395,-0.019136523642463953,-1.0,stop
GODREJPROP,2026-09-09,-1,0.8143508661154382,0.008937083243819408,0.013405624865729111,0.011405624865729111,1.5,target
GODREJPROP,2026-09-15,-1,2.0860697157480437,0.022653171162458872,0.03371762403337897,0.031717624033378966,1.488428432009389,time
GODREJPROP,2026-09-16,1,1.1255074795861608,0.011655551778363981,-0.009693105967210154,-0.011693105967210154,-0.831629952106027,time
GODREJPROP,2026-09-17,1,0.9850918615363783,0.010328387360074626,0.0019104186100746268,-8.958138992537328e-05,0.1849677537714681,time
GODREJPROP,2026-09-18,1,0.8614726754958181,0.009674582233948988,-0.008443286082710348,-0.010443286082710349,-0.8727287523674242,time
GODREJPROP,2026-09-23,1,0.5802245299454786,0.008395046932984375,-0.004489053240246865,-0.006489053240246865,-0.5347264018988683,time
GODREJPROP,2026-09-24,1,0.5379004401257317,0.00807304135054508,-0.00807304135054508,-0.01007304135054508,-1.0,stop
GODREJPROP,2026-09-28,-1,0.8171588982012954,0.0074091637608249585,0.011113745641237438,0.009113745641237438,1.5,target
GODREJPROP,2026-09-29,-1,0.5573020789820499,0.008514992075639804,0.012772488113459705,0.010772488113459705,1.5,target
GODREJPROP,2026-09-30,1,0.6189944299485975,0.009612492986362678,-0.009612492986362678,-0.011612492986362678,-1.0,stop
GODREJPROP,2026-10-05,1,2.0216581303267733,0.018457492773909255,-0.005717451563893618,-0.007717451563893618,-0.30976317498417605,time
GODREJPROP,2026-10-08,-1,1.0037853608318998,0.011698129965726474,0.014012114760213207,0.012012114760213207,1.197808094222437,time
VOLTAS,2026-07-31,1,1.443228568774973,0.01362964771412037,-0.01362964771412037,-0.01562964771412037,-1.0,stop
VOLTAS,2026-08-12,-1,0.8589053832636876,0.010805229835220004,-0.010805229835220004,-0.012805229835220004,-1.0,stop
VOLTAS,2026-08-13,-1,1.186841100195676,0.011171040622494714,-0.007343195526396168,-0.009343195526396168,-0.657342120089461,time
VOLTAS,2026-08-14,1,0.9818705931186288,0.01504157586189734,0.02256236379284601,0.02056236379284601,1.5,target
VOLTAS,2026-08-17,-1,4.378038137899793,0.04192596875983644,0.014467933991255868,0.012467933991255868,0.34508287868390597,time
VOLTAS,2026-08-19,-1,0.561878991244702,0.00905558758870281,0.013583381383054217,0.011583381383054217,1.5,target
VOLTAS,2026-08-20,-1,0.5925370095467436,0.007136957483080394,-0.007136957483080394,-0.009136957483080393,-1.0,stop
VOLTAS,2026-08-24,-1,0.645478718581401,0.0062693971244995985,-0.0062693971244995985,-0.0082693971244996,-1.0,stop
VOLTAS,2026-08-31,-1,0.779303066450265,0.009863491589785282,-0.009863491589785282,-0.011863491589785282,-1.0,stop
VOLTAS,2026-09-02,-1,0.9350907185446243,0.015114247742315852,0.021737264708607776,0.019737264708607774,1.4381969304201128,time
VOLTAS,2026-09-04,1,0.4325430086286129,0.006454331707802548,0.009681497561703821,0.007681497561703821,1.5,target
VOLTAS,2026-09-08,-1,0.3799315070073881,0.0036928260629127563,0.0055392390943691345,0.0035392390943691345,1.5,target
VOLTAS,2026-09-10,1,0.41266220359782724,0.004643463040791312,0.006965194561186968,0.004965194561186968,1.5,target
VOLTAS,2026-09-11,1,0.9533041247813234,0.009301984515334294,0.01395297677300144,0.01195297677300144,1.5,target
VOLTAS,2026-09-21,1,0.4661515509788625,0.004768233478200883,0.0071523502173013245,0.0051523502173013245,1.5,target
VOLTAS,2026-09-22,-1,0.8330947998429366,0.007678116167718214,0.011517174251577321,0.009517174251577321,1.5,target
VOLTAS,2026-09-23,1,1.0043134466797512,0.008601955622954833,0.012902933434432249,0.010902933434432249,1.5,target
VOLTAS,2026-09-29,-1,1.5050900810716046,0.012112553432939283,0.018168830149408923,0.016168830149408925,1.5,target
VOLTAS,2026-09-30,1,1.1769213410084312,0.008298354722354597,-0.008298354722354597,-0.010298354722354597,-1.0,stop
VOLTAS,2026-10-08,-1,0.9317815974961743,0.008962530421554581,0.01344379563233187,0.01144379563233187,1.5,target
ADANIPOWER,2026-08-03,1,0.7250593651356313,0.01510351216033409,-0.01510351216033409,-0.017103512160334088,-1.0,stop
ADANIPOWER,2026-08-05,-1,0.42056914722670163,0.003757829810098731,0.005636744715148096,0.003636744715148096,1.5,target
ADANIPOWER,2026-08-07,1,0.8118561469303999,0.011332382450525418,-0.009008980329401875,-0.011008980329401875,-0.794976728744641,time
ADANIPOWER,2026-08-10,-1,0.7116177434676016,0.006053374021483574,-0.006053374021483574,-0.008053374021483574,-1.0,stop
ADANIPOWER,2026-08-11,-1,1.767253070949952,0.01588205558450993,0.006181659690408389,0.004181659690408389,0.38922289734569876,time
ADANIPOWER,2026-08-12,-1,0.6725462190513266,0.00580728887657262,0.008710933314858999,0.006710933314858999,1.5000000000000118,target
ADANIPOWER,2026-08-14,1,0.5854176203302774,0.0068605575333692955,-0.0068605575333692955,-0.008860557533369295,-1.0,stop
ADANIPOWER,2026-08-17,-1,0.6193949950657461,0.005325888392390637,0.007988832588585886,0.005988832588585886,1.499999999999987,target
ADANIPOWER,2026-08-18,1,0.6798506638827675,0.008027605090885712,0.012041407636328568,0.010041407636328568,1.5,target
ADANIPOWER,2026-08-20,-1,0.808845054008513,0.00627081525532098,-0.00627081525532098,-0.00827081525532098,-1.0,stop
ADANIPOWER,2026-08-24,-1,0.5357949657233227,0.00523435737111424,0.00785153605667143,0.005851536056671431,1.5000000000000133,target
ADANIPOWER,2026-08-26,1,2.0501217185998195,0.019784590237777788,-0.016937928793718665,-0.018937928793718667,-0.8561172402436948,time
ADANIPOWER,2026-08-28,-1,1.9460603842238955,0.018410341432461,-0.0011771352964133584,-0.0031771352964133585,-0.06393880856211828,time
ADANIPOWER,2026-08-31,-1,1.8762475115455557,0.014764258664078357,0.022146387996117536,0.020146387996117537,1.5,target
ADANIPOWER,2026-09-01,-1,1.3583068944680352,0.01194964175739386,-0.01194964175739386,-0.01394964175739386,-1.0,stop
ADANIPOWER,2026-09-03,1,0.9817613628529013,0.011005727185161122,-0.011005727185161122,-0.013005727185161122,-1.0,stop
ADANIPOWER,2026-09-07,-1,1.5988575532519815,0.013413733666936151,0.0061721862732149425,0.0041721862732149425,0.4601393188854584,time
ADANIPOWER,2026-09-09,1,1.2341979889244865,0.012329757854502688,0.01849463678175403,0.01649463678175403,1.5,target
ADANIPOWER,2026-09-10,-1,0.9227983533182561,0.009472026280091453,-0.0011254126387794726,-0.0031254126387794726,-0.11881434927444127,time
ADANIPOWER,2026-09-11,-1,1.002993463990923,0.011249347852034026,-0.0008580387069501426,-0.0028580387069501428,-0.07627452882035275,time
ADANIPOWER,2026-09-15,-1,2.0006124614115772,0.0205634692895274,0.027209217734439142,0.02520921773443914,1.3231822583700068,time
ADANIPOWER,2026-09-16,1,0.5197324325110019,0.004917387868797524,0.007376081803196286,0.005376081803196286,1.5,target
ADANIPOWER,2026-09-17,1,0.9964781044299619,0.009735764646758552,0.007436420341728066,0.005436420341728066,0.7638249907986389,time
ADANIPOWER,2026-09-18,1,1.0099040757161863,0.009954277931270655,-0.006491901248080314,-0.008491901248080313,-0.6521719900633343,time
ADANIPOWER,2026-09-24,-1,0.4872172978774146,0.005546727056972368,-0.005546727056972368,-0.007546727056972368,-1.0,stop
ADANIPOWER,2026-09-25,-1,1.3679746828315427,0.014353833325671724,-0.014353833325671724,-0.016353833325671724,-1.0,stop
ADANIPOWER,2026-09-28,-1,1.084247645828241,0.01289204417803126,0.01933806626704689,0.01733806626704689,1.5,target
ADANIPOWER,2026-09-30,1,0.8777805159800567,0.01624324715627169,0.01025111374882459,0.00825111374882459,0.6311000288428492,time
ADANIPOWER,2026-10-01,-1,0.7639816800478455,0.009768286934901964,-0.009768286934901964,-0.011768286934901964,-1.0,stop
ADANIPOWER,2026-10-06,1,1.3589656877660987,0.014044581797187367,-0.014044581797187367,-0.016044581797187367,-1.0,stop
ADANIPOWER,2026-10-07,1,1.2359791623895626,0.011656626158700736,-0.011656626158700736,-0.013656626158700736,-1.0,stop
BAJAJHLDNG,2026-07-31,1,0.9717106488652573,0.01492671522345113,0.022390072835176692,0.020390072835176694,1.5,target
BAJAJHLDNG,2026-08-03,1,1.1829460539644499,0.008624482971046378,0.012936724456569569,0.010936724456569569,1.5,target
BAJAJHLDNG,2026-08-12,-1,1.1119047821881496,0.00817889149917341,-0.0074828156269033325,-0.009482815626903333,-0.9148936170212766,time
BAJAJHLDNG,2026-08-13,-1,1.5413653604158122,0.012181228639032513,-0.00779949171851722,-0.00979949171851722,-0.6402877697841727,time
BAJAJHLDNG,2026-08-14,-1,1.3109099422438042,0.010331844847211278,-0.010331844847211278,-0.012331844847211278,-1.0,stop
BAJAJHLDNG,2026-08-24,1,0.8066683610550047,0.010483657827504185,-0.010483657827504185,-0.012483657827504185,-1.0,stop
BAJAJHLDNG,2026-08-26,1,1.354975115328068,0.01060194515026724,-0.01060194515026724,-0.01260194515026724,-1.0,stop
BAJAJHLDNG,2026-09-04,1,0.6926919869174817,0.005534725941796108,0.008302088912694162,0.006302088912694162,1.5,target
BAJAJHLDNG,2026-09-08,-1,0.6457271086978054,0.005820827648931332,-0.005820827648931332,-0.007820827648931331,-1.0,stop
BAJAJHLDNG,2026-09-17,1,0.5140894234405096,0.00728000728000728,0.001911001911001911,-8.899808899808914e-05,0.2625,time
BAJAJHLDNG,2026-09-18,1,1.9048311520050643,0.012917594654788419,0.005077951002227171,0.0030779510022271713,0.3931034482758621,time
BAJAJHLDNG,2026-09-21,1,1.2399211080681758,0.008565877781702579,0.007506181561285765,0.005506181561285765,0.8762886597938144,time
BAJAJHLDNG,2026-09-23,-1,0.2670748172847642,0.003032735706003033,-0.003032735706003033,-0.005032735706003033,-1.0,stop
BAJAJHLDNG,2026-09-24,-1,0.588191352405883,0.0054236685338312435,0.008135502800746866,0.006135502800746866,1.5,target
BAJAJHLDNG,2026-09-28,-1,1.5434781753116482,0.010362694300518135,0.0007401924500370096,-0.0012598075499629905,0.07142857142857142,time
BAJAJHLDNG,2026-09-29,-1,0.9725725068016037,0.007598925030117691,0.011398387545176535,0.009398387545176535,1.5,target
BAJAJHLDNG,2026-10-05,1,2.5625699515413887,0.017565055762081783,-0.0026022304832713753,-0.004602230483271375,-0.14814814814814814,time
BAJAJHLDNG,2026-10-06,-1,1.211186612333983,0.010399100618324901,0.006932733745549934,0.004932733745549934,0.6666666666666666,time
