,adx|fill=False|K=10|cap=1000000,adx|fill=False|K=15|cap=1000000,adx|fill=False|K=20|cap=1000000,adx|fill=True|K=10|cap=1000000,adx|fill=True|K=15|cap=1000000,adx|fill=True|K=20|cap=1000000
2008-01-02,,,,,,
2008-01-03,,,,,,
2008-01-04,,,,,,
2008-01-07,,,,,,
2008-01-08,,,,,,
2008-01-09,,,,,,
2008-01-10,,,,,,
2008-01-11,,,,,,
2008-01-14,,,,,,
2008-01-15,,,,,,
2008-01-16,,,,,,
2008-01-17,,,,,,
2008-01-18,,,,,,
2008-01-21,,,,,,
2008-01-22,,,,,,
2008-01-23,,,,,,
2008-01-24,,,,,,
2008-01-25,,,,,,
2008-01-28,,,,,,
2008-01-29,,,,,,
2008-01-30,,,,,,
2008-01-31,,,,,,
2008-02-01,,,,,,
2008-02-04,,,,,,
2008-02-05,,,,,,
2008-02-06,,,,,,
2008-02-07,,,,,,
2008-02-08,,,,,,
2008-02-11,,,,,,
2008-02-12,,,,,,
2008-02-13,,,,,,
2008-02-14,,,,,,
2008-02-15,,,,,,
2008-02-18,,,,,,
2008-02-19,,,,,,
2008-02-20,,,,,,
2008-02-21,,,,,,
2008-02-22,,,,,,
2008-02-25,,,,,,
2008-02-26,,,,,,
2008-02-27,,,,,,
2008-02-28,,,,,,
2008-02-29,,,,,,
2008-03-03,,,,,,
2008-03-04,,,,,,
2008-03-05,,,,,,
2008-03-07,,,,,,
2008-03-10,,,,,,
2008-03-11,,,,,,
2008-03-12,,,,,,
2008-03-13,,,,,,
2008-03-14,,,,,,
2008-03-17,,,,,,
2008-03-18,,,,,,
2008-03-19,,,,,,
2008-03-24,,,,,,
2008-03-25,,,,,,
2008-03-26,,,,,,
2008-03-27,,,,,,
2008-03-28,,,,,,
2008-03-31,,,,,,
2008-04-01,,,,,,
2008-04-02,,,,,,
2008-04-03,,,,,,
2008-04-04,,,,,,
2008-04-07,,,,,,
2008-04-08,,,,,,
2008-04-09,,,,,,
2008-04-10,,,,,,
2008-04-11,,,,,,
2008-04-15,,,,,,
2008-04-16,,,,,,
2008-04-17,,,,,,
2008-04-21,,,,,,
2008-04-22,,,,,,
2008-04-23,,,,,,
2008-04-24,,,,,,
2008-04-25,,,,,,
2008-04-28,,,,,,
2008-04-29,,,,,,
2008-04-30,,,,,,
2008-05-02,,,,,,
2008-05-05,,,,,,
2008-05-06,,,,,,
2008-05-07,,,,,,
2008-05-08,,,,,,
2008-05-09,,,,,,
2008-05-12,,,,,,
2008-05-13,,,,,,
2008-05-14,,,,,,
2008-05-15,,,,,,
2008-05-16,,,,,,
2008-05-20,,,,,,
2008-05-21,,,,,,
2008-05-22,,,,,,
2008-05-23,,,,,,
2008-05-26,,,,,,
2008-05-27,,,,,,
2008-05-28,,,,,,
2008-05-29,,,,,,
2008-05-30,,,,,,
2008-06-02,,,,,,
2008-06-03,,,,,,
2008-06-04,,,,,,
2008-06-05,,,,,,
2008-06-06,,,,,,
2008-06-09,,,,,,
2008-06-10,,,,,,
2008-06-11,,,,,,
2008-06-12,,,,,,
2008-06-13,,,,,,
2008-06-16,,,,,,
2008-06-17,,,,,,
2008-06-18,,,,,,
2008-06-19,,,,,,
2008-06-20,,,,,,
2008-06-23,,,,,,
2008-06-24,,,,,,
2008-06-25,,,,,,
2008-06-26,,,,,,
2008-06-27,,,,,,
2008-06-30,,,,,,
2008-07-01,,,,,,
2008-07-02,,,,,,
2008-07-03,,,,,,
2008-07-04,,,,,,
2008-07-07,,,,,,
2008-07-08,,,,,,
2008-07-09,,,,,,
2008-07-10,,,,,,
2008-07-11,,,,,,
2008-07-14,,,,,,
2008-07-15,,,,,,
2008-07-16,,,,,,
2008-07-17,,,,,,
2008-07-18,,,,,,
2008-07-21,,,,,,
2008-07-22,,,,,,
2008-07-23,,,,,,
2008-07-24,,,,,,
2008-07-25,,,,,,
2008-07-28,,,,,,
2008-07-29,,,,,,
2008-07-30,,,,,,
2008-07-31,,,,,,
2008-08-01,,,,,,
2008-08-04,,,,,,
2008-08-05,,,,,,
2008-08-06,,,,,,
2008-08-07,,,,,,
2008-08-08,,,,,,
2008-08-11,,,,,,
2008-08-12,,,,,,
2008-08-13,,,,,,
2008-08-14,,,,,,
2008-08-18,,,,,,
2008-08-19,,,,,,
2008-08-20,,,,,,
2008-08-21,,,,,,
2008-08-22,,,,,,
2008-08-25,,,,,,
2008-08-26,,,,,,
2008-08-27,,,,,,
2008-08-28,,,,,,
2008-08-29,,,,,,
2008-09-01,,,,,,
2008-09-02,,,,,,
2008-09-04,,,,,,
2008-09-05,,,,,,
2008-09-08,,,,,,
2008-09-09,,,,,,
2008-09-10,,,,,,
2008-09-11,,,,,,
2008-09-12,,,,,,
2008-09-15,,,,,,
2008-09-16,,,,,,
2008-09-17,,,,,,
2008-09-18,,,,,,
2008-09-19,,,,,,
2008-09-22,,,,,,
2008-09-23,,,,,,
2008-09-24,,,,,,
2008-09-25,,,,,,
2008-09-26,,,,,,
2008-09-29,,,,,,
2008-09-30,,,,,,
2008-10-01,,,,,,
2008-10-03,,,,,,
2008-10-06,,,,,,
2008-10-07,,,,,,
2008-10-08,,,,,,
2008-10-10,,,,,,
2008-10-13,,,,,,
2008-10-14,,,,,,
2008-10-15,,,,,,
2008-10-16,,,,,,
2008-10-17,,,,,,
2008-10-20,,,,,,
2008-10-21,,,,,,
2008-10-22,,,,,,
2008-10-23,,,,,,
2008-10-24,,,,,,
2008-10-27,,,,,,
2008-10-29,,,,,,
2008-10-31,,,,,,
2008-11-03,,,,,,
2008-11-04,,,,,,
2008-11-05,,,,,,
2008-11-06,,,,,,
2008-11-07,,,,,,
2008-11-10,,,,,,
2008-11-11,,,,,,
2008-11-12,,,,,,
2008-11-14,,,,,,
2008-11-17,,,,,,
2008-11-18,,,,,,
2008-11-19,,,,,,
2008-11-20,,,,,,
2008-11-21,,,,,,
2008-11-24,,,,,,
2008-11-25,,,,,,
2008-11-26,,,,,,
2008-11-28,,,,,,
2008-12-01,,,,,,
2008-12-02,,,,,,
2008-12-03,,,,,,
2008-12-04,,,,,,
2008-12-05,,,,,,
2008-12-08,,,,,,
2008-12-10,,,,,,
2008-12-11,,,,,,
2008-12-12,,,,,,
2008-12-15,,,,,,
2008-12-16,,,,,,
2008-12-17,,,,,,
2008-12-18,,,,,,
2008-12-19,,,,,,
2008-12-22,,,,,,
2008-12-23,,,,,,
2008-12-24,,,,,,
2008-12-26,,,,,,
2008-12-29,,,,,,
2008-12-30,,,,,,
2008-12-31,,,,,,
2009-01-02,,,,,,
2009-01-05,,,,,,
2009-01-06,,,,,,
2009-01-07,,,,,,
2009-01-09,,,,,,
2009-01-12,,,,,,
2009-01-13,,,,,,
2009-01-14,,,,,,
2009-01-15,,,,,,
2009-01-16,,,,,,
2009-01-19,,,,,,
2009-01-20,,,,,,
2009-01-21,,,,,,
2009-01-22,,,,,,
2009-01-23,,,,,,
2009-01-27,,,,,,
2009-01-28,,,,,,
2009-01-29,,,,,,
2009-01-30,,,,,,
2009-02-02,,,,,,
2009-02-03,,,,,,
2009-02-04,,,,,,
2009-02-05,,,,,,
2009-02-06,,,,,,
2009-02-09,,,,,,
2009-02-10,,,,,,
2009-02-11,,,,,,
2009-02-12,,,,,,
2009-02-13,,,,,,
2009-02-16,,,,,,
2009-02-17,,,,,,
2009-02-18,,,,,,
2009-02-19,,,,,,
2009-02-20,,,,,,
2009-02-24,,,,,,
2009-02-25,,,,,,
2009-02-26,,,,,,
2009-02-27,,,,,,
2009-03-02,,,,,,
2009-03-03,,,,,,
2009-03-04,,,,,,
2009-03-05,,,,,,
2009-03-06,,,,,,
2009-03-09,,,,,,
2009-03-12,,,,,,
2009-03-13,,,,,,
2009-03-16,,,,,,
2009-03-17,,,,,,
2009-03-18,,,,,,
2009-03-19,,,,,,
2009-03-20,,,,,,
2009-03-23,,,,,,
2009-03-24,,,,,,
2009-03-25,,,,,,
2009-03-26,,,,,,
2009-03-27,,,,,,
2009-03-30,,,,,,
2009-03-31,,,,,,
2009-04-01,,,,,,
2009-04-02,,,,,,
2009-04-06,,,,,,
2009-04-08,,,,,,
2009-04-09,,,,,,
2009-04-13,,,,,,
2009-04-15,,,,,,
2009-04-16,,,,,,
2009-04-17,,,,,,
2009-04-20,,,,,,
2009-04-21,,,,,,
2009-04-22,,,,,,
2009-04-23,,,,,,
2009-04-24,,,,,,
2009-04-27,,,,,,
2009-04-28,,,,,,
2009-04-29,,,,,,
2009-05-04,,,,,,
2009-05-05,,,,,,
2009-05-06,,,,,,
2009-05-07,,,,,,
2009-05-08,,,,,,
2009-05-11,,,,,,
2009-05-12,,,,,,
2009-05-13,,,,,,
2009-05-14,,,,,,
2009-05-15,,,,,,
2009-05-18,,,,,,
2009-05-19,,,,,,
2009-05-20,,,,,,
2009-05-21,,,,,,
2009-05-22,,,,,,
2009-05-25,,,,,,
2009-05-26,,,,,,
2009-05-27,,,,,,
2009-05-28,,,,,,
2009-05-29,,,,,,
2009-06-01,,,,,,
2009-06-02,,,,,,
2009-06-03,,,,,,
2009-06-04,,,,,,
2009-06-05,,,,,,
2009-06-08,,,,,,
2009-06-09,,,,,,
2009-06-10,,,,,,
2009-06-11,,,,,,
2009-06-12,,,,,,
2009-06-15,,,,,,
2009-06-16,,,,,,
2009-06-17,,,,,,
2009-06-18,,,,,,
2009-06-19,,,,,,
2009-06-22,,,,,,
2009-06-23,,,,,,
2009-06-24,,,,,,
2009-06-25,,,,,,
2009-06-26,,,,,,
2009-06-29,,,,,,
2009-06-30,,,,,,
2009-07-01,,,,,,
2009-07-02,,,,,,
2009-07-03,,,,,,
2009-07-06,,,,,,
2009-07-07,,,,,,
2009-07-08,,,,,,
2009-07-09,,,,,,
2009-07-10,,,,,,
2009-07-13,,,,,,
2009-07-14,,,,,,
2009-07-15,,,,,,
2009-07-16,,,,,,
2009-07-17,,,,,,
2009-07-20,,,,,,
2009-07-21,,,,,,
2009-07-22,,,,,,
2009-07-23,,,,,,
2009-07-24,,,,,,
2009-07-27,,,,,,
2009-07-28,,,,,,
2009-07-29,,,,,,
2009-07-30,,,,,,
2009-07-31,,,,,,
2009-08-03,,,,,,
2009-08-04,,,,,,
2009-08-05,,,,,,
2009-08-06,,,,,,
2009-08-07,,,,,,
2009-08-10,,,,,,
2009-08-11,,,,,,
2009-08-12,,,,,,
2009-08-13,,,,,,
2009-08-14,,,,,,
2009-08-17,,,,,,
2009-08-18,,,,,,
2009-08-19,,,,,,
2009-08-20,,,,,,
2009-08-21,,,,,,
2009-08-24,,,,,,
2009-08-25,,,,,,
2009-08-26,,,,,,
2009-08-27,,,,,,
2009-08-28,,,,,,
2009-08-31,,,,,,
2009-09-01,,,,,,
2009-09-02,,,,,,
2009-09-03,,,,,,
2009-09-04,,,,,,
2009-09-07,,,,,,
2009-09-08,,,,,,
2009-09-09,,,,,,
2009-09-10,,,,,,
2009-09-11,,,,,,
2009-09-14,,,,,,
2009-09-15,,,,,,
2009-09-16,,,,,,
2009-09-17,,,,,,
2009-09-18,,,,,,
2009-09-22,,,,,,
2009-09-23,,,,,,
2009-09-24,,,,,,
2009-09-25,,,,,,
2009-09-29,,,,,,
2009-09-30,,,,,,
2009-10-01,,,,,,
2009-10-05,,,,,,
2009-10-06,,,,,,
2009-10-07,,,,,,
2009-10-08,,,,,,
2009-10-09,,,,,,
2009-10-12,,,,,,
2009-10-14,,,,,,
2009-10-15,,,,,,
2009-10-16,,,,,,
2009-10-20,,,,,,
2009-10-21,,,,,,
2009-10-22,,,,,,
2009-10-23,,,,,,
2009-10-26,,,,,,
2009-10-27,,,,,,
2009-10-28,,,,,,
2009-10-29,,,,,,
2009-10-30,,,,,,
2009-11-03,,,,,,
2009-11-04,,,,,,
2009-11-05,,,,,,
2009-11-06,,,,,,
2009-11-09,,,,,,
2009-11-10,,,,,,
2009-11-11,,,,,,
2009-11-12,,,,,,
2009-11-13,,,,,,
2009-11-16,,,,,,
2009-11-17,,,,,,
2009-11-18,,,,,,
2009-11-19,,,,,,
2009-11-20,,,,,,
2009-11-23,,,,,,
2009-11-24,,,,,,
2009-11-25,,,,,,
2009-11-26,,,,,,
2009-11-27,,,,,,
2009-11-30,,,,,,
2009-12-01,,,,,,
2009-12-02,,,,,,
2009-12-03,,,,,,
2009-12-04,,,,,,
2009-12-07,,,,,,
2009-12-08,,,,,,
2009-12-09,,,,,,
2009-12-10,,,,,,
2009-12-11,,,,,,
2009-12-14,,,,,,
2009-12-15,,,,,,
2009-12-16,,,,,,
2009-12-17,,,,,,
2009-12-18,,,,,,
2009-12-21,,,,,,
2009-12-22,,,,,,
2009-12-23,,,,,,
2009-12-24,,,,,,
2009-12-29,,,,,,
2009-12-30,,,,,,
2009-12-31,,,,,,
2010-01-04,,,,,,
2010-01-05,0.00023809523809514843,0.00023809523809514843,0.00023809523809514843,0.018144539528366144,0.019634982220811725,0.019675866710238354
2010-01-06,0.002219854447214953,0.0015592745133707897,0.0012283957264080936,-0.003085455776413948,-0.00313232917248385,-0.002690500250499217
2010-01-07,-0.005250923213252712,-0.003423655837418327,-0.002507569822127076,-0.00023900218166017506,-0.0007659306644427488,0.000380675437153144
2010-01-08,-0.002597067898429617,-0.0016493151164816977,-0.0011757320329384147,-0.0013384287540082473,-0.00325528111274509,-0.00169366669247073
2010-01-11,0.004010770433770405,0.0027506359881472875,0.002115855440864456,0.0022561449679667778,0.008196425364032311,0.01155845320613591
2010-01-12,0.001709079480814113,0.0012226223541802472,0.0009748480491154066,0.008829351919212192,0.0053340982552070315,0.00834251738735059
2010-01-13,-0.0041068350937121245,-0.002658759906268071,-0.0019332585342513031,-0.01439127604326107,-0.01690615056743383,-0.021402376461655548
2010-01-14,0.004140923652629747,0.002840753885648306,0.002189555670180088,0.016973505734287908,0.01488506739887896,0.019287704926573168
2010-01-15,-0.0026425240604330824,-0.0016815515784468493,-0.001201845857031314,-0.0004993269143793722,-0.002767298686735753,0.0002603480217377996
2010-01-18,0.0003654669554402634,0.000323646031462399,0.00030085569500681864,-0.00959348791010195,-0.004333979044876424,-0.004832364517611709
2010-01-19,-0.00015686673720227695,-2.8640908538601906e-05,3.927529705727295e-05,0.006326166837818725,0.006233474820945606,0.004458985993814224
2010-01-20,-0.004499149080727238,-0.002919911702464306,-0.00213021549153225,-0.005210210364804957,-0.007318004670710865,-0.008106860466005505
2010-01-21,-0.005512688342255712,-0.003597302464709018,-0.0026368278790351862,0.006688604599644599,0.0018531902039584658,-0.0029578561822177774
2010-01-22,-0.006406862140536984,-0.004175667013887496,-0.00306221754598357,-0.029012538874381488,-0.028021157952982878,-0.03294679138949885
2010-01-25,0.003102410499256303,0.0021355404625762464,0.0016548781004488422,0.004741943764371648,0.0015068577046206677,0.008399600763715931
2010-01-27,0.0019018028534105724,0.0013391208346633654,0.001061071600459984,-0.0075770355576452175,-0.012153543019141733,-0.01788787306871864
2010-01-28,-0.005233578902590907,-0.0033944558416149073,-0.0024771058243819866,-0.015435456199182962,-0.01155968500082738,-0.016311637364173848
2010-01-29,0.0003652900408472881,0.0003226787325862901,0.0002977487888746744,-0.020515956517858758,-0.016092192558183505,-0.013870415903765365
2010-02-01,0.0009479405838848098,0.000702425521557748,0.0005844380028832141,0.00922151114641756,0.006336780512790519,0.005703179877276421
2010-02-02,0.004778346146418366,0.003250177582617697,0.002488455548002255,0.030419682983680474,0.03943045059990036,0.03403552420996259
2010-02-03,-0.00263503914069374,-0.0016731043291818848,-0.0011910465433538908,-0.013826460082239866,-0.02235837243987615,-0.017652092033523248
2010-02-04,0.005176108807833701,0.0035143188329509467,0.0026863492909681153,0.0006601641919659063,-0.0030989956211451286,-0.0005344987040216687
2010-02-05,-0.00630594345983293,-0.004110887005376207,-0.0030144943200071106,-0.03059788757641424,-0.02978650984098674,-0.0324113753007782
2010-02-08,0.0020780358100380703,0.00145245991725651,0.0011448546589405417,0.015206323275889444,0.014794207000917492,0.010357513498997939
2010-02-09,0.0010492858067370214,0.0007735275238569539,0.0006379989189808644,-0.004298596747330352,-0.0014641246784238282,-0.0043114540933287815
2010-02-10,0.00720609959389229,0.004865233684983261,0.0036966393391946184,0.014137389991820237,0.01564384177867084,0.012280267305140313
2010-02-11,0.0005518887304669651,0.00045032126138466744,0.00039717969010610865,0.0031265071260861976,-0.0015429149091205074,-0.000581631510265801
2010-02-15,-0.0007080250994181414,-0.0003914177397783547,-0.00023298217877210092,-0.0014526332518761675,0.00012652901008758377,0.003350752965860293
2010-02-16,0.0008096376295390062,0.0006164990557420147,0.0005210754927176264,-0.006819036487073271,-0.005107555880616732,-0.004098994336899642
2010-02-17,0.002197598076989271,0.0015428197134248478,0.0012144750239098112,0.003611221415139809,0.0036842693068179777,0.006273827478825433
2010-02-18,-0.0004752386532489439,-0.00023553214446891957,-0.00011632258148774888,-0.002900733761528773,-0.0008582269082766381,0.0018608674219273702
2010-02-19,-0.005336470047637043,-0.0034750367872820043,-0.0025434940378983306,0.000559221664023779,-0.0021731690024865413,-0.005991036369670244
2010-02-22,0.002099044310675424,0.0014824289118928746,0.0011717384781653184,0.0005977861183221744,0.005622926535455042,0.007287934038297861
2010-02-23,-0.006149694746314882,-0.004018648142079528,-0.002950762186678668,-0.021066955764329043,-0.01738410536455315,-0.013463163795626065
2010-02-24,0.005157952600374882,0.0035060642377406914,0.002683951242867577,-0.005456328998797999,-0.005091907566892373,-0.00208637560321856
2010-02-25,0.00386290309708448,0.0026524754172474463,0.002047337220164591,0.006765239734038975,0.0026433004194268417,-0.002556302656599563
2010-02-26,-0.0018266676034857099,-0.0011414414179756749,-0.0007973101791942661,-0.0073941488233792985,-0.0063096373945261686,-0.0068310981632251355
2010-03-02,0.014211535214731175,0.00956111245205804,0.007227753096218148,0.03088242910829142,0.029553240795875624,0.025158568085935862
2010-03-03,0.01101551531104561,0.007452746989740522,0.005657795077040895,0.024588022693730505,0.01864495969652169,0.021105478177032122
2010-03-04,0.0056806004058778115,0.0038760373028190465,0.0029709414652068222,-0.004801656178678115,-0.0006563493371408713,0.004910837928567613
2010-03-05,0.008862424890854648,0.006025962673125385,0.004592556944645665,0.010883600068275268,0.0056387202986596385,0.004584106966099011
2010-03-08,0.006577725449201655,0.004783742815486658,0.0036671164849222393,0.020167909251780136,0.012238708878689053,0.01083718892609653
2010-03-09,0.0029222295673729803,-0.0003696907437559238,-0.00018598848749273866,0.00171089300236682,-0.0009005395589041232,-0.0017940984492637035
2010-03-10,-0.024094956584408966,-0.019756142841462543,-0.015057177066243432,-0.008121468414018507,-0.005185713676612913,-0.005672215426983929
2010-03-11,0.007157668836551556,0.005522548992330956,0.0021505896099418553,0.00393301706518101,-0.0011006752963927946,-0.007115871408005625
2010-03-12,0.0027658625900759404,-0.002855751689340269,0.0011593217671761469,0.00161299259932135,0.005288148500811607,0.012880804984855443
2010-03-15,-0.00935925737937382,-0.005746025408390643,-0.004859021861269186,-0.009686657018685985,-0.010029174071705449,-0.008273444291221899
2010-03-16,-0.0063305416633233635,-0.007067110716312053,-0.008468427789083965,-0.004279189845298292,-0.0026424973445626776,-0.002151450283943257
2010-03-17,0.04297206990800362,0.02351682040715608,0.018875691757303414,0.022413649019357385,0.019172555503772504,0.018538302380808114
2010-03-18,-0.0028305029257049696,0.010179379356823448,0.011962444966494123,-0.004540177391469613,-0.002996736873307815,-0.001745652811664944
2010-03-19,0.002584503993590781,0.0023816388955988366,0.0008523695626074801,0.004678788338185358,0.006747517856949825,0.0029060344174907105
2010-03-22,-0.017977885332449706,-0.016412379822776657,-0.015682090571253027,-0.0009950296924364777,-0.0036966498233375056,-0.004245011873480475
2010-03-23,0.004007661566444831,0.0065566384822142165,0.005258233635652809,0.004276866067407514,0.004859537375684786,0.005194601893616868
2010-03-25,-2.87999385880644e-05,-0.002555231431435878,-0.003537727451245254,-0.004558054190452854,-0.004443985572926024,-0.0044810553476976045
2010-03-26,0.02670212514435555,0.025695420076387476,0.024718265059206157,0.018553145748912092,0.016959017389841513,0.015009491689123688
2010-03-29,-0.018183720085125143,-0.011168572280283007,-0.00705250921273104,0.0006510038548837027,-0.0018197056819155843,-0.0005638917756803918
2010-03-30,0.01087258136009539,0.009633878860219713,0.012621887727831904,-0.006092529351060971,-0.0027465069695313815,-0.0018232375386441069
2010-03-31,-0.0011754794821088321,-0.001432839381272033,-0.0028167266776844,-0.0017507375749763465,-0.006885361373395682,-0.006124720424361851
2010-04-01,0.012534471084914012,0.0055793607505043585,0.0023002900258639603,0.018402155641443096,0.014612859029165426,0.011869487415587576
2010-04-05,0.0075083955073482755,0.010754855016288367,0.009579426291520532,0.014450677872624995,0.009388301212945649,0.007664687116564872
2010-04-06,0.024617552543179544,0.023775645477979834,0.020084921605176165,0.00834500063451582,0.0070003463146657285,0.011537371420942799
2010-04-07,0.002585706064433424,0.004697713747580323,0.006462475002930956,0.0023325240648708334,-0.0024265843911920326,-0.003817842038989383
2010-04-08,-0.00973054252792338,-0.007913372173841915,-0.006413362541070278,-0.01802252619001088,-0.011269308878907425,-0.01141671758808338
2010-04-09,-0.013772769198386214,-0.013521611941910927,-0.01303066727589286,-0.0009824261829162184,-0.0013240435024747255,-0.000837050924136995
2010-04-12,0.018601403883671264,0.017806569386896953,0.011008493793668528,0.022481866747031454,0.015624216012751102,0.010313005882044424
2010-04-13,-0.0050968580951601394,0.0003385717127843968,0.004223335571111875,-0.010521922647219406,-0.010315517885830183,-0.006918013347613772
2010-04-15,0.004613027752021104,0.0034237823954690327,0.0011322532679753916,0.0040431653761763275,0.005023166699570147,0.0069311648702907735
2010-04-16,-0.01319172111053002,-0.014425055520295604,-0.014539057809754174,-0.0013587562049215407,-0.0026014045761596494,-0.0020138847700708062
2010-04-19,-0.009295133476111883,-0.006254977899215142,-0.006655420096523534,-0.007931820973160031,-0.006656923371296308,-0.007191264720848967
2010-04-20,0.006432562718280632,0.004064895869649865,0.002758398531776729,9.845376532324757e-05,0.0030566691022462233,0.0011409782580285022
2010-04-21,0.011025215768923013,0.011645809037124755,0.011787261765979551,0.016325714119540313,0.012454496508989221,0.010786550734975808
2010-04-22,0.00849153773805833,0.005517035150091498,0.004499133042147552,-0.0029881594311653714,-0.002014767379363458,-0.0026838112047493645
2010-04-23,-0.004447440315566542,0.00014436881808532753,0.0002845300156935071,-0.01635088543619101,-0.009482778815360193,-0.006362576337939463
2010-04-26,-0.0029469239913570977,-0.0026447833532804443,-0.0018382150026260424,0.018064166090468348,0.01393865045678111,0.013020043337895526
2010-04-27,0.004379588482559482,0.004783140666224428,0.005216776318054617,-0.009724206253986956,-0.006499015917634132,-0.007236563514815275
2010-04-28,-0.012741676174729988,-0.011118195666858122,-0.013040109142910317,-0.00978056940230465,-0.008689134501423057,-0.009904890343740758
2010-04-29,0.01617233994258016,0.007608983608720754,0.006056069428511002,0.02292451239230786,0.020794315823850607,0.01660710387438047
2010-04-30,0.04064731456126669,0.030654096434340694,0.02416512569628404,0.037337825246672285,0.025148198703458302,0.01952893362220043
2010-05-03,0.006122204908088236,0.007480877040092482,0.006511851538226532,0.007278089273323518,0.0005926555283168877,-0.0007559812796756882
2010-05-04,-0.0040963687184869535,-0.0012305504274103818,0.001592114553758739,-0.0001780844219398947,0.004297119478191114,0.003698282105503603
2010-05-05,-0.04699102422601875,-0.040828671509648196,-0.035675308739637535,-0.03155506205843872,-0.0332530473605297,-0.03396083980373277
2010-05-06,0.024589752834094813,0.026019643341523846,0.02119756461783817,0.019600142151678712,0.018116459252275785,0.017908403117297134
2010-05-07,-0.011547464439218502,-0.016326075501296944,-0.014091009512916974,-0.01748449479853109,-0.01591345442088965,-0.01661095759626996
2010-05-10,0.008380300661404716,0.007379952219926933,0.005185884625996451,-0.004771411990429075,-0.0026122010493285774,0.003951729565386808
2010-05-11,0.022699201623955112,0.022365055466643025,0.01854351991801173,0.0219457779803518,0.019171796197874347,0.01569378585536363
2010-05-12,0.007611058611215249,0.0019043218615601987,0.0012016218085100228,0.009039738131108255,0.00469567886463107,0.005109874719915419
2010-05-13,0.015471825763965441,0.013750332437659996,0.012981443706247653,0.011275902302121832,0.010147181361247037,0.006663622709306871
2010-05-14,0.010953515886860554,0.015921918977619853,0.012403689256353712,0.01759586611634245,0.012680065294686127,0.013175915976109565
2010-05-17,-0.021269099191456697,-0.016575170224083058,-0.013493929313568853,-0.02334120327643663,-0.02391591108196678,-0.02042514496557657
2010-05-18,-0.0007598378836692898,0.0035381303082511195,0.0023710273973200913,0.012330978772714829,0.005954443222156325,0.006477819220421122
2010-05-19,-0.011573062124662359,-0.014000911206036748,-0.01206075628533343,-0.0016170525067953356,0.002817351373966215,0.0022648782756540253
2010-05-20,-0.00954980504458236,-0.009586126203275036,-0.01230091375372866,-0.014167846790689831,-0.011396742027335982,-0.012155813070671706
2010-05-21,-0.03120298717287817,-0.028196885451541864,-0.02093119837590851,-0.02080833412023697,-0.02027509290180607,-0.023692744176157077
2010-05-24,0.03186970278074441,0.030074747552420122,0.0312229549407399,0.024762355614819542,0.022457847222478344,0.021802817618421955
2010-05-25,-0.014586679666720448,-0.020195782872423296,-0.01872674140072106,-0.0076693370619302925,-0.014883908979784644,-0.017104440520053443
2010-05-26,-0.014049204306986085,-0.012905936659635131,-0.011898801326992614,-0.018598943242944532,-0.010848890685695944,-0.008438727821092562
2010-05-27,0.006999260597214008,0.008335242274787102,0.008067820617955412,0.003311552406385143,0.0020863412302565276,0.0024625781893534704
2010-05-28,0.023924723604529463,0.02479314374226793,0.022287471324802244,0.026764862567752568,0.025284365540762854,0.02063118160827826
2010-05-31,-0.0015407881081013208,-0.00020306006304815494,0.0041081181677675715,-0.0006893248554601383,-0.0004196390142626738,-0.0021402986134474444
2010-06-01,-0.0007331482304097081,0.003249949610413916,0.00402696347951248,0.00938885339668638,0.006127555805134799,0.003219973884625693
2010-06-02,-0.003504444971954901,-0.00371923375484684,-0.003968815549042826,-0.011644304449001885,-0.005057650409224568,-0.0026583775047009928
2010-06-03,0.008811089140401185,0.01409327442692443,0.012036150521752331,0.008931899789226705,0.011182806437723736,0.01209694993650734
2010-06-04,0.006331743625639152,0.0035699383655620753,0.0035214662512115247,-0.004082557779913842,-0.001992094518024956,-0.0024785910779943077
2010-06-07,-0.02034530615389707,-0.014071201667071431,-0.014669871986204619,-0.0075768411875155595,-0.004820679172499065,-0.006177458185636753
2010-06-08,-0.00522987458744828,-0.008697521406828779,-0.003941642402604084,0.005758956792233372,-0.0004176322811509925,0.004047888556715451
2010-06-09,-0.0019559038400382978,-0.0022561720005476182,0.0016687845401208712,0.0047864220898636844,0.006985811362840488,0.007772603521152721
2010-06-10,0.003837557239685818,0.005309160212436881,0.005858673552279425,0.009171154018130734,0.0031733339556472284,0.003571260237654972
2010-06-11,0.010349578484426525,0.013959242919223236,0.011068667854249759,0.015119939103886093,0.012757440215673599,0.012327732371392619
2010-06-14,0.0025927064869883942,0.0007104030177547127,0.0018130358283485748,-0.007218170137720303,-0.004231912455356923,-0.004787501397751415
2010-06-15,0.02589896361513344,0.015533721901247022,0.01175121805847934,0.003973393300794825,0.007478491676627064,0.0024391337177933625
2010-06-16,0.0014633493434981215,0.0030735943582616,0.004536773062359778,0.0004946748856218264,0.005208914838413126,0.005874595854910014
2010-06-17,-0.008922465499465071,-0.00748517786820091,-0.0063377090688928606,-0.002693841601967728,0.0009333869302248221,0.0010694966206505896
2010-06-18,-0.000751823812525032,-0.0017224307433683084,0.00034390304261000537,0.00869828690785357,0.0027232122195157693,0.0034107995047822914
2010-06-21,-0.010700141799514062,-0.006075078716665017,-0.00758872284434009,-0.004040845032918905,-0.012014432370337835,-0.009407268072159636
2010-06-22,0.0020094370832650643,0.001643362227933709,0.006964007285916951,-0.008173030777243628,-0.007600930229322067,-0.0031668767290439215
2010-06-23,0.018920823340115023,0.011708966404085919,0.010652050956946768,0.023817991978015707,0.017927055445468687,0.013821519493379286
2010-06-24,-0.004100367416839723,-0.0012920402977381062,0.001620804738551307,0.001049811801469902,0.004558919013906815,0.0047467760093233835
2010-06-25,0.00834869812693273,0.003445282462616772,0.0017696587502227246,-0.005020914731924675,-0.0025517463507661597,-0.0002353261724853395
2010-06-28,0.012323794009358124,0.007029789946400911,0.003038126932442875,0.0029424911902742323,0.004580534171102046,0.0028369138607424738
2010-06-29,0.010365057869533567,0.010125637093471251,0.007957887702677136,0.022023004302982985,0.01502299520361583,0.011313197340685699
2010-06-30,-0.008323185504618302,-0.008133816542977401,-0.009546067602630992,-0.0034277143589115378,0.002496654907628626,-0.0006099966334301987
2010-07-01,0.02105683361575683,0.01830098990687201,0.01798444218133599,0.01917120556333196,0.01498653139530215,0.012778043665120142
2010-07-02,-0.0018939879240067459,-0.0034240382694525895,-0.0010330578600540319,-0.0010775373434545044,0.000325477508082761,0.00035920799950561744
2010-07-05,-0.005453226243266718,-0.004791894386570239,-0.007453115371587993,-6.0146795365478845e-05,-0.0016019647353306965,-0.0014961497441242644
2010-07-06,0.014616600028017013,0.016293105653385265,0.016703186628862943,0.0075829817088555185,0.007405960399298417,0.005392630167477597
2010-07-07,-0.003683862555429407,0.0011138653634212847,-0.002547892797705842,0.00287565860813066,0.003463558244496401,0.0024311539200545518
2010-07-08,0.021547999296337883,0.01688323809393877,0.01776326240558257,0.017904081046964393,0.01596635696143678,0.014819543151729508
2010-07-09,0.00857294032095024,0.006069000631914401,0.0017276638112078135,0.004348839888592693,0.0011648444171181715,0.0009745109198606716
2010-07-12,0.006567953089574141,0.0070411439127218145,0.006799720636728734,0.012005428631351789,0.009031061533202989,0.006827016312256795
2010-07-13,-5.9100180882731834e-05,-0.0010917143345469116,-0.001381026778880412,-0.006568389565101196,-0.003759408451455837,-0.005195557305336829
2010-07-14,0.007264169608336424,0.010092099800712795,0.009404108772758102,0.019548069016603442,0.012340247800966875,0.012780581793797374
2010-07-15,-0.00557202839812676,-0.00483653318043864,-0.002722951611941804,-0.007057667485126262,-0.006001560756238256,-0.006123200609355783
2010-07-16,-0.005148089279142454,-0.00503041303322227,-0.005195064184420062,-0.004032669616226392,-0.0031396826094943764,0.0013338385836063615
2010-07-19,0.00029710754515943627,-0.0032064825716854317,-0.001373689825455937,0.0015844551402983686,0.0011715771749005732,0.0007947880745233782
2010-07-20,0.011193423752049458,0.01949637428104234,0.015707711220683596,0.010664476302434167,0.01072208401018826,0.010726008443564305
2010-07-21,-0.007387209628914926,-0.009015726362354926,-0.009541213516308766,0.00010760745640991942,0.003689060185059878,0.0017187627707064834
2010-07-22,0.003299990360233096,0.004858356666070041,-0.0005114596860177345,0.002276908317863091,0.0007744696531253314,-0.0003879703461331374
2010-07-23,0.011310710430078252,0.00899516376172893,0.014521912404727999,0.017888340196991592,0.017766698971958483,0.014883313523649688
2010-07-26,-0.01493875414828183,-0.023194871914644866,-0.014747009640247555,-0.018853407412686596,-0.014879098227479903,-0.012794739364110908
2010-07-27,-0.00497771462944141,0.000896277837158399,-0.0009238948151002457,0.007623006893004769,0.004198892781678287,0.0030531923383976256
2010-07-28,0.0032321262774328563,0.006869324156244083,0.008036877883620619,0.0031400210185124067,0.0017802489933373966,0.0001562751403261231
2010-07-29,-0.0029981102313980657,-0.0024473037273506915,-0.0014064027542411983,-0.0009944247662284633,-0.0006752658919391141,-0.0010575935254560909
2010-07-30,0.0057555822763935005,0.0057841566558767266,0.004121985083310964,0.0009740861302431902,0.004038065693508841,0.005482884177277603
2010-08-02,-0.00046061874973757355,0.0033476700810166626,0.005621837242614447,0.022524011254064336,0.020812123566474883,0.014654558558834685
2010-08-03,0.0021989452704218593,0.0030102851861544266,0.010822772994893537,0.011049809719649417,0.006358911930393729,0.005939182952484856
2010-08-04,0.011660813707087936,0.005380497781472204,0.003817844925573244,-0.00493346032023223,0.0012860470572422233,0.0009190698055125957
2010-08-05,6.622662107247379e-05,0.0030885785894969597,0.0029817195005938935,0.002853804235841695,0.0036048090856382053,0.0016820188200350472
2010-08-06,0.0011128857104032441,-0.005685567287272986,-0.001307442798396341,-0.004272597319224136,-0.00013920790786214887,-0.0006910115041219855
2010-08-09,0.0018525822926573898,0.007350726366152305,0.009690834974808826,-0.006399645733585424,-0.0036977714793705596,-0.0014263179129700987
2010-08-10,0.008534979020045741,0.012237632051210978,0.005687645032149913,0.013072489641520413,0.009378878263023749,0.008702741757110832
2010-08-11,1.5794429781168517e-05,-0.003418394299243177,-0.005291797954416033,-0.006378745643549455,-0.008036127167540319,-0.008704651832567745
2010-08-12,-0.0074584400309805066,-0.009398784262831028,-0.007646486498835037,-0.009292512615936777,-0.006815526849581199,-0.007766071930395024
2010-08-13,0.03402098897204486,0.029098790578758083,0.027956603786468026,0.022658767948557257,0.027095657321043465,0.02211179464814883
2010-08-16,0.013993811960888003,0.008007555647113973,0.004249006445893322,0.017260556257208126,0.010324915039022553,0.009493375326857345
2010-08-17,-0.006028638760707361,-0.005717139772020152,-0.004107808306734961,0.0062201117886138135,0.002321210753552183,0.006315762989448359
2010-08-18,0.006268430135119685,0.006193755404535262,0.004451140444645008,0.012056642424191244,0.01269029455898485,0.011389245520528446
2010-08-19,0.004984527866666477,0.0037763974298496983,0.0034264494169009563,-0.00046680450420577557,0.002564419918037464,0.003139251442454638
2010-08-20,-0.0047837299995943106,-0.0007299424823081768,-0.0003713297071418209,-0.00843261903747572,-0.00909667186356733,-0.003704170279120289
2010-08-23,0.015864698645092545,0.01553966195959755,0.015160909825611357,0.01658637199037294,0.015453206508395656,0.015832015613764128
2010-08-24,0.011892746828397804,0.011428298273085336,0.01004329322919606,0.0017340221271697764,0.0030870116279602122,0.004711366589587707
2010-08-25,-0.022703496815785096,-0.0228454310625138,-0.01573033103847077,0.0033626460497040433,-0.0037668231058577417,-0.005540662884215841
2010-08-26,0.001751203870627771,0.0027062055262367934,-0.0016196865970433683,-0.008721643361109366,-0.00514601054676056,-0.0027129015100735288
2010-08-27,0.015027568181251727,0.014657070055588584,0.01013123401032745,-0.0022669970979161125,0.009242679531562992,0.0028024313947843105
2010-08-30,0.015996990242055142,0.0064849143881955396,0.005161711374046085,0.005418546125999235,0.0033366688688230006,0.0013130147572373296
2010-08-31,-0.012329776274383364,-0.011657730578308656,-0.011347388522758961,-0.007144624063286753,-0.004790972532451865,-0.007343277736210685
2010-09-01,0.008753195373385259,0.012459868619975056,0.011338520187438972,0.003270331786131564,0.006572855159691304,0.009833701978554377
2010-09-02,0.02107306293879474,0.018557822241713318,0.01689816608702177,0.0300507562295087,0.022784740469408593,0.020323171217525582
2010-09-03,0.008436998241489135,0.0074604480306852405,0.0066400871083629465,0.00030330892188668024,0.003021434872157336,0.0028058070157204185
2010-09-06,0.008265633096115943,0.008579681197283362,0.006559649957214031,0.004186274211038121,0.009546723561598913,0.0139447712761116
2010-09-07,0.007452649218485652,0.010642984787289533,0.010275500144499183,0.01688353912447349,0.009377623299474891,0.00910620310252619
2010-09-08,-0.008544475452103573,0.004009635317257176,0.004616376714195125,-0.007629289222488511,-0.0043961740237055125,-0.006276818580187249
2010-09-09,0.009569755208624686,0.009904658113989218,0.015166939570459226,0.014375078262054197,0.012914564859750843,0.011351516317547938
2010-09-13,-0.0015510830727595293,0.0010137682357742595,0.0005081605849628357,0.004760143312849241,0.002158245772562184,0.0021905876441585814
2010-09-14,-0.0036019897376387,0.0008469713816858793,0.0031637807546154306,-0.002285435382215928,-0.0018440360216243068,3.9623209619144006e-05
2010-09-15,0.004428372827746552,0.00259090534251305,0.0003135695847495956,0.002984843510702495,0.0023662117542289085,0.00041423535788798205
2010-09-16,0.0004646091634370464,0.00019723588656117563,-0.00033215819228160637,-0.0006780217594278826,-0.0019095299320261994,-0.0018785723190767323
2010-09-17,0.0010380452479394897,0.006061820784573735,0.0023472352297884136,0.0033068142102736786,0.0026187345305039855,0.003835038045661099
2010-09-20,0.012741383427604669,0.012233571886015815,0.008808557811806894,0.005496909108289927,0.003991733423867272,0.00940482871518733
2010-09-21,0.010761694439513247,0.009756091839758119,0.013125333518231308,0.004073125888315765,0.006025444417591785,0.0013692427669682594
2010-09-22,-0.011003912644482416,-0.011838222925318664,-0.014898809926431666,-0.014462404648190375,-0.012795308942964101,-0.013888748948335916
2010-09-23,-0.007063858858430194,-0.007653822442999836,-0.005909164476384232,-0.009018436938057373,-0.008793785029254764,-0.010148547039648625
2010-09-24,-0.007792161202418546,-0.004704460408160527,-0.005201306494871827,0.001357469616901641,-0.0014900497795478085,-0.002384466079389469
2010-09-27,0.025366741175273155,0.01878710745961243,0.018938773400875686,0.01015853772777442,0.013763863915458696,0.013616391018627994
2010-09-28,-0.0017552998660875785,-0.0015334637152715214,-0.002328949691509319,0.0125440424861325,0.009311458632166536,0.008198246233003026
2010-09-29,0.002832878788308957,0.004051474611507899,0.0035176858495133967,-0.004598990512301837,-0.0007881969565383118,-0.002919747499517955
2010-09-30,-0.012012185549500565,-0.009145949966515299,-0.00852879891618974,-0.009712716083344675,-0.008356932913034743,-0.00766742722202951
2010-10-01,0.0074741539652405375,0.0001176413070878013,0.0031369475691092052,-0.003172939465350244,-0.002121349619469859,-0.0017168315991553662
2010-10-04,0.009439979606693072,0.0154887880617669,0.016829290207018177,0.01876439346453762,0.01602294278269345,0.015155199169353706
2010-10-05,0.006814481234759695,0.003450695213950139,0.0025215727485021766,-0.006619759503051159,0.0013696723847502756,-0.0016912266784367969
2010-10-06,0.006589814756903234,0.010802071955688275,0.011097274578619976,0.02079876904954303,0.014083707241693277,0.020038741416214423
2010-10-07,0.011862230833715737,0.0073214022279370905,0.00530477226690973,0.015492618679449288,0.00829407580309005,0.002795116365825523
2010-10-08,-0.012892822281414973,-0.01110722919045437,-0.004935504752883846,-0.0006391087601884671,-0.0060372243598185715,-0.002437325985014893
2010-10-11,0.00021208931328398073,-0.0012981068047851485,0.00028605035089368513,-0.0042114408985451934,-0.0011650822824066376,-0.0038279728373342703
2010-10-12,-0.003180631240392473,-0.0027094067827966306,-0.00020310099266396264,0.0033307420050845415,0.0019135338567199955,0.0011843959023065675
2010-10-13,-0.006852117095380583,-0.001647661379557963,-0.004483471544250883,0.005012277223729988,-0.0019373333018366523,-0.002273305492674682
2010-10-14,0.006635837240301479,0.010046837476151538,0.009740855770430823,0.009159071641127392,0.011585432992326394,0.009996271120387146
2010-10-15,-0.019303046173251737,-0.015826874099756028,-0.013698201951140465,-0.009214496792853133,-0.007492242508133851,-0.004944419890424712
2010-10-18,-0.014134757805334908,-0.012183505748617485,-0.016799508559870557,-0.01929593251741657,-0.018774389400787683,-0.018084246809552895
2010-10-19,-0.00029449358326860686,-0.00449270356399456,-0.0013778491351821298,-0.0062835135921799345,0.0015372546468255255,0.0004481138734253598
2010-10-20,-0.015080672692749042,-0.0130914845591531,-0.011377548485632882,-0.008215617348437676,-0.009363760704508728,-0.009308904079887492
2010-10-21,-0.0010777511953724561,0.0007989831470278652,-0.0009314771348148954,-0.0020574305584946107,-0.001908902942741375,-0.0007940467429943254
2010-10-22,0.017057909403510596,0.016748783017324964,0.017003592087973862,0.014532224361514245,0.010300787086633623,0.010340078262713881
2010-10-25,-0.002607528643891799,-0.004055734538986444,-0.002505246737970146,0.012215974268053653,0.006184418079380194,0.0029692898183579786
2010-10-26,0.0010629815336635762,0.006930365528075688,0.0032918102095123025,0.01304880423525967,0.010105432858966257,0.012711584110520091
2010-10-27,0.00864574690510067,0.003993503767693474,0.0037597352665870165,0.009756576630948643,0.009161276279994635,0.007097534880619705
2010-10-28,-0.006629853572330924,-0.0061384511201409975,-0.004729678192235132,0.003701096679237681,1.0310020297943367e-05,0.0007630850496207486
2010-10-29,0.003097986095922378,0.0012330897952670394,0.003632247188083193,-0.0013620502797497824,-0.002190929064816105,-0.0038172773119417025
2010-11-01,-0.005008739251228467,0.00013411404877206046,0.004286588389232682,-0.002059642213105284,0.0020585391636340766,0.005513554856611869
2010-11-02,0.01580863876869154,0.01586525309353859,0.011062839966264004,0.03340707704282808,0.026583010287166253,0.02207554517293331
2010-11-03,0.004996152349511229,0.006827167392087885,0.0046795313267202765,0.005610492070698969,0.004536424294204311,0.005350416497558852
2010-11-04,-0.0007587249426205256,-0.002715941412026024,0.0015454354775195078,-0.008045923959872692,-0.003273394798188334,-0.0037459444994513147
2010-11-08,0.019849971461399107,0.021234569336554765,0.017354008780574803,0.01316742720067654,0.012774179994845758,0.011371308653311596
2010-11-09,-0.01175701729975065,-0.003633708840759975,-0.003943263791860163,-0.007076012512606367,-0.006723445695789088,-0.006405169297982627
2010-11-10,-0.0008840512926617805,-0.0005953320801225237,-0.0006213156783451135,0.014790177329833343,0.007449064379624559,0.005919707068147373
2010-11-11,0.00860775504349065,0.005462377431212806,0.004868784370858137,0.016542225073493677,0.012081555700717672,0.011983215584575824
2010-11-12,-0.01317332388511172,-0.013127592983147807,-0.015013184256583267,-0.017092129936769895,-0.01902988883811163,-0.015704427399906407
2010-11-15,-0.01878842219537402,-0.020579001759463256,-0.017349198895717066,-0.014314567797984568,-0.013153309214960607,-0.018091270801922965
2010-11-16,-0.0019605415159148487,0.0015490628542260687,0.0016222266229934945,-0.009825877448800036,-0.007923447219697621,-0.003698296594434103
2010-11-18,0.001802460610803136,0.00032553493121123545,-0.0018021155058208782,-0.012217350819364925,-0.0041667661144103585,-0.006700107275513512
2010-11-19,-0.00462977510278717,-0.006770306141401061,-0.007654758426644981,-0.003354036800441884,-0.0030961057114903268,-0.006250686073727474
2010-11-22,-0.012995834862615463,-0.014792502093521898,-0.012464295994299435,-0.00677590860035393,-0.012436362926907307,-0.011700814645352886
2010-11-23,0.0022239852218930434,0.003098550120487653,0.00660691752424758,0.009039658570175302,0.004105169281316545,0.004262146429059754
2010-11-24,-0.004293839715081349,-0.004519814571236402,-0.006597500410653989,-0.0020884183093995423,-0.0015342320680703514,-0.0008592857793843223
2010-11-25,-0.006885478988291505,-0.003328672438211222,-0.002314056489715166,-0.0012038818990508515,0.00012992740294315297,-0.0010488609298464624
2010-11-26,-0.020265924316030803,-0.023667099297805083,-0.026875590691271656,-0.021969920880598237,-0.021917668190892137,-0.02060850590450014
2010-11-29,-0.004514112554737215,-0.003933141924897132,-0.0038974572974135313,-0.021878982676513115,-0.019737943467956653,-0.019054026197504403
2010-11-30,-0.003153908957944207,-0.00531227789042632,-0.004566214077905806,-0.006933093575493987,-0.006180102066952853,-0.004270786539580351
2010-12-01,0.019068410746127862,0.013190816884218304,0.0143821681512728,0.03869150304874913,0.033146035225779746,0.026730202437732276
2010-12-02,0.013560564589433444,0.013489661255291274,0.012189531683845178,0.017941740785780258,0.015453102675475172,0.017644169198844928
2010-12-03,-0.002741862214938884,0.0005686969997580338,0.0022901282619678387,0.002214535706619225,0.0035905546867922578,0.004171472723972114
2010-12-06,-0.0004248497234686788,-0.0012300377384573125,0.0013739587336780712,-0.010830401514998034,-0.007500137502158943,-0.008356627223997881
2010-12-07,0.004427601932485814,0.0015083604992263133,-0.002852362795874974,-0.0022182641500971823,-0.00610158292858709,-0.00345707377915927
2010-12-08,-0.012846407897028067,-0.0077699911867529226,-0.009569571079891204,-0.018765412377034663,-0.01750325031810418,-0.017011658050468004
2010-12-09,-0.004522309518334322,-0.002759565165540656,-0.005040189619521573,-0.017123351329563996,-0.012293283048348425,-0.008602845743222232
2010-12-10,-0.03530778024772929,-0.029564253530928952,-0.026162804741928003,-0.05165459425898744,-0.04604719133515922,-0.04403648833330809
2010-12-13,0.024820699411297165,0.018002745324094738,0.014987824436391683,0.036108570574197474,0.030524813352065916,0.0270368737138027
2010-12-14,9.982975899136548e-05,-0.0006561187515501388,-0.0009225795850223983,0.012768516213424563,0.013565314416427388,0.010641852516470207
2010-12-15,0.003854009003184,0.0019241000433347644,0.001757014331085438,0.005108911706805053,0.005901622386807137,0.005384922104851864
2010-12-16,-0.0011815174063596334,-0.001725191005507054,-0.0017473194709082263,-0.02011609958474503,-0.017625176870490367,-0.017687677229587306
2010-12-20,-0.006731343258304379,-0.006254409876804479,-0.005116634029784017,-0.009300476575341388,-0.007475037530370154,-0.008069338225505596
2010-12-21,0.01169097339448899,0.0066249218113525465,0.004078701773325921,-0.0002647836959157601,0.003118532729071699,0.005588907055451786
2010-12-22,0.007234293654933888,0.0032303704689484736,0.0018226921863047085,-0.0031923250356757915,0.0002972113801933407,0.0011370371132550794
2010-12-23,-0.005130409580574313,-0.0015023623911957218,-0.0006744646821542633,-0.004267551726098606,-0.0063828212942242946,-0.005015736464552667
2010-12-24,-0.004357375758637594,-0.0035898815918495863,-0.0026894812545001923,-0.006203831004060967,-0.006109059841183373,-0.004620329725982142
2010-12-27,0.008618847717496658,0.00624404474556961,0.00472630731283652,0.028518286747138077,0.02321358423595732,0.018383151047005164
2010-12-28,0.008464914540636581,0.0060707506324875204,0.004811512309882637,0.00946968316616359,0.006529177319066326,0.004750238797356809
2010-12-29,-0.0024533127938137778,-0.002639143447263681,-0.001989454392700707,0.0003807640423176828,-0.0009602941972799428,-0.0009046594178818701
2010-12-30,-0.0007773420769849881,0.00037258247007998513,0.0004322977226822733,0.006050043658827775,0.0045950211488210435,0.00493288995611163
2010-12-31,-0.0006010509499047023,-0.0017224965097017986,-0.001303431575390035,-0.003922602677584597,-0.0019264138221535276,-0.0005529313198676666
2011-01-03,0.015058336001622097,0.013051250510932588,0.00972303437259403,0.023277730702654598,0.017833633897700762,0.016481854522519157
2011-01-04,-0.0012360304936719357,0.004465996954734486,0.003982677708757043,-0.0067024434700811986,-0.0020809519974136492,-0.0012197276381925581
2011-01-05,-0.006805151138953525,-0.008066482371034023,-0.009612000408434906,-0.0011186352646136433,-0.0016510764130337474,-0.0017983949820445932
2011-01-06,-0.0033551422140255527,-0.0016092270892499316,-0.0025467015894118372,-0.0018425966631387958,0.001043721103393347,0.0034531859095017214
2011-01-07,-0.008186493990593235,-0.006776676459031128,-0.011591473413280595,-0.004866021452348823,-0.003887058193541182,-0.005158253816909819
2011-01-10,-0.019834889971390046,-0.02237646138387117,-0.018298563493275077,-0.020708625572190664,-0.020503891452334555,-0.020530315360447582
2011-01-11,-0.007367728711265231,-0.008913896886904582,-0.009159755465070973,-0.005812195681996202,-0.010804674692183602,-0.010939786620890346
2011-01-12,0.012451616316877079,0.010508535873175573,0.00814637320147149,0.004561072812621525,0.009292247970338341,0.005150490959916709
2011-01-13,0.00577660182787354,0.0046603829709026545,0.004018910677077159,0.009094430516783714,0.004604298792176831,0.007364804866356822
2011-01-14,-0.013126829974131837,-0.011751656250363007,-0.011655649745233143,-0.012048598528917931,-0.015680600692696278,-0.011806859292919025
2011-01-17,0.004560524965307344,0.0016290918991908043,1.042960213526456e-06,-0.003472353479921586,-0.0034213762642980594,-0.004855767899185959
2011-01-18,-0.002235251377575853,-0.00011485272128353152,-0.00211942984819824,0.0023670310582541987,0.0039038416036663026,0.00393988554638236
2011-01-19,0.013296304405917558,0.010999083897214046,0.00856353723142611,0.01217178153396481,0.010126603683243474,0.009093818281266763
2011-01-20,0.0019734951849321725,-0.00034206059794461563,-0.00140394688558787,-0.0034560233824394437,-0.006033558450324161,-0.0047256370511057355
2011-01-21,-0.006065920400524338,-0.00469162905832321,-0.002774131968883542,0.0001019096257803831,-0.00016661064016598726,0.002965330128127608
2011-01-24,0.00963019003846699,0.007712034579971494,0.007367147991879541,0.001338502307544287,-0.0009174487349895566,0.0023198971658631162
2011-01-25,-6.231865702599482e-05,0.0010238828035937786,-0.00047705721155766323,0.006102215943612599,0.0017491358484968966,0.002237546135902768
2011-01-27,-0.01032283419280644,-0.008466113359928529,-0.007396044352001696,0.004119406227132805,-0.00323126437261001,-0.006059610000497151
2011-01-28,-0.031622491168989075,-0.02465813564682051,-0.0192286477471858,-0.032447398111285275,-0.02644220204899883,-0.025426023471783132
2011-01-31,-0.033038914400504216,-0.027859583644426866,-0.02291656828342359,-0.045862774456246425,-0.037017398745580965,-0.03964611665612572
2011-02-01,0.02265306015346691,0.014816408257461777,0.012458440162231854,0.01079896948027681,0.012431394368419113,0.011491579017640863
2011-02-02,-0.01008492469723099,-0.006688978021510361,-0.005511072072479251,-0.01476223080233241,-0.01136865887417482,-0.008695294145403043
2011-02-03,0.0026473598634080275,0.0018471757525559962,-0.00027352445291739524,0.0030393658771941112,-0.00051980095539228,5.694808836032017e-05
2011-02-04,-0.004660861367217772,-0.003015574674102406,-0.0010553968173027117,-0.0048010331759656966,0.0015954270174018959,0.0013896927156511474
2011-02-07,-0.007080303486435846,-0.004634414117132835,-0.004091126328444994,-0.014970958589099581,-0.013470115501062474,-0.010384042180805464
2011-02-08,-0.0006601814755088364,-0.00035473162421606474,0.0003812690116073991,-0.013930222048411767,-0.008811970460363527,-0.00838422994264354
2011-02-09,-0.010077497368408794,-0.006633682147326403,-0.00586613312508244,-0.021609779671900253,-0.014617116530582286,-0.00984116978784022
2011-02-10,-0.0050689624693527335,-0.0032702013386808337,-0.0025083959838216874,-0.015677009286626298,-0.010103169326856065,-0.008173237918774001
2011-02-11,0.003853329122173177,0.002615163699223544,0.0020393091838690758,0.002422617409539196,0.0019750121964368095,5.8103009113352755e-05
2011-02-14,0.0030134322731274477,0.002089526212027737,0.001635340673705743,0.006493978567148728,0.0043982607537103036,0.003517486165966588
2011-02-15,0.00357172423125518,0.002451516219562855,0.001918355732934529,0.008096498808124464,0.004974366472973113,0.005441067567822033
2011-02-16,0.0019074203628648423,0.0013471649653884477,0.0010811373729124885,-0.002167881059548793,-0.0010051735430661735,-0.0015401179936811449
2011-02-17,-0.006339250830761811,-0.004137953100783687,-0.0030528570603614025,-0.004791457532605681,-0.003248502164096445,-0.0025794012928144205
2011-02-18,0.010981308610346519,0.007347424670767433,0.005550226993999319,0.011051770699623154,0.007240356437934192,0.0054162815747322846
2011-02-21,-0.00891304501088519,-0.005848502145376577,-0.004368928480663059,-0.009865718505470245,-0.006229810906839939,-0.0051475843006485444
2011-02-22,0.007512274460623303,0.005058853849157607,0.003864793142945633,0.008295150557884323,0.005026713206676359,0.004425719259018912
2011-02-23,-0.0007684908205639607,-0.0004251050103025733,-0.00028915018346376,0.0006912172306814401,0.00041507541436991424,0.00038227299313486895
2011-02-24,-0.001961885151382181,-0.0012206534059689966,-0.0008622548277975595,-0.003443798848578594,-0.002006281484289607,-0.0015688702251943631
2011-02-25,-0.018191911933302274,-0.011986312615640538,-0.0089874697544019,-0.019309749931331277,-0.01257703647429631,-0.009760708445355704
2011-02-28,-0.02158347769560176,-0.014098682599776868,-0.01059621573268088,-0.024269012303527515,-0.015560691656135162,-0.011448876463357571
2011-03-01,6.765793820995292e-05,0.0001154121831883348,0.0001416474073645535,-0.0013956109959644136,-0.0010851149497268509,-0.0005957837631362928
2011-03-03,0.0033868540242285583,0.0023095839339439816,0.0018050615750919707,0.0032410848500790124,0.002243654079721935,0.002084265578139899
2011-03-04,2.5472118569958013e-07,7.902883454713461e-05,0.00012557202978480397,0.004055102860467175,0.0019007860357398432,0.0022540825163168687
2011-03-07,0.0011560337122944464,0.0008095038882474093,0.0006211227034937927,-0.002422933943129979,-0.0007974807688672092,-0.0013527599223297493
2011-03-08,0.0020717219173005397,0.0014993122319184593,0.0012043068685132496,0.0005442978960152889,0.000788947546954244,0.00027956004873908036
2011-03-09,0.010994811822106598,0.007348257232371758,0.005548079614492218,0.012250547961445646,0.007948627885179471,0.006416667735373638
2011-03-10,-0.003435898983485619,-0.0021711245903388576,-0.00153042090291311,-0.004123465084435618,-0.002252390301568985,-0.0015630173672013248
2011-03-11,-0.005070665241593719,-0.003317033703782335,-0.0024637596301790854,-0.005913245966286063,-0.004070261016125953,-0.003589192422538412
2011-03-14,-0.002444303078712795,-0.0014655665955525254,-0.0010436171014860385,-0.006202449698401558,-0.0026820728077253664,-0.0024760945845079263
2011-03-15,-0.015745502930094246,-0.010435631594502448,-0.007704666492746259,-0.015771857540063605,-0.010588085596841657,-0.007835471326187893
2011-03-16,0.002944303753793731,0.0019292366499319424,0.0014771314182449036,0.002634692978660924,0.0019861090002399884,0.001513553940350798
2011-03-17,-0.003017167111487362,-0.0025370216980681315,-0.001801026652214932,-0.0026232021068850475,-0.0025533103036775584,-0.0017968957192652235
2011-03-18,-0.004484600328137578,-0.007904545701227894,-0.005958274753623538,-0.0029776303600178577,-0.007785978496092305,-0.00595447030407148
2011-03-21,0.0019085200392041646,-0.004836832330827767,-0.0052494240860223584,-0.0006479162924278858,-0.004886354413276783,-0.005250549264408821
2011-03-22,-0.004453011279001773,-0.005786130981283666,-0.004734693208432228,-0.004512254740500876,-0.005657965533323095,-0.004731533404454091
2011-03-23,0.014090517116411627,0.00948929091557682,0.006494431588338845,0.014826436440075419,0.009600138929766189,0.006533242701969977
2011-03-24,0.0054086236982893166,0.005860794299716421,0.006147299866944955,0.004007635951515542,0.008024935348509565,0.006144733140586167
2011-03-25,0.01352294957512079,0.012413251064927078,0.013430746018802564,0.00907561063361273,0.008564711857089957,0.013388270261059487
2011-03-28,0.0059825002189577425,0.006856467068963701,0.004896731471331295,0.004097807152898314,0.006056943761951095,0.004885115360477421
2011-03-29,0.005840425565797336,0.006795235221602747,0.0016990108826164807,0.0023832932960163866,0.0036335928179682675,0.0016859942566667119
2011-03-30,0.007321463868639411,0.008683522465645632,0.008692188547789748,0.008807808233658898,0.008474787288159202,0.008625733896991283
2011-03-31,-0.002729148899601852,0.006662269408778565,0.008262557877650956,-0.006660754839678873,0.005733014523979563,0.00823210650030859
2011-04-01,0.009545713696025082,0.008974744984868721,0.003300630651432268,0.014858656553597971,0.008755565474345195,0.0033202523726016953
2011-04-04,-0.00042722377232906616,-0.0006111338794673182,0.001653839778763988,-0.0004406286013479699,0.0008816703442569018,0.0016827398488998835
2011-04-05,0.0069136245916681105,0.0056332731659218815,0.006807992585759148,0.005285881275294946,0.005346431728586509,0.0068084152805067966
2011-04-06,0.008449691866296849,0.00721848483546661,0.004678421619972228,0.009837320220977386,0.006478600168111415,0.004695041042538151
2011-04-07,0.007058212141260345,0.005211414741100429,0.0037717825387753035,0.006561086120244308,0.005787778539954047,0.003768323242099525
2011-04-08,0.008643694822256576,0.005570506724011048,0.005480288872058869,0.00899251385172195,0.005792763964468373,0.005494963258070529
2011-04-11,-0.008536008354804947,-0.013070926721848175,-0.010791398733450475,-0.007090449194212312,-0.011458250803660919,-0.010774055150589268
2011-04-13,-0.003465775481732214,-0.006569482747497912,-0.0055600342284345405,-0.0035518856377406705,-0.006053267203022794,-0.005617103770223064
2011-04-15,0.0067412849049854895,0.011199854908294782,0.010720444448481636,0.0041819902339759185,0.011710691587715871,0.010743270064943244
2011-04-18,0.0014321119292415307,0.0009524446268416309,0.0016615587694626122,0.001824221252561875,0.0022380942464881315,0.001635958388717773
2011-04-19,-0.011977831187366172,-0.012670527024628675,-0.014069637198086737,-0.011285370016333784,-0.012414182308175814,-0.01412058004168526
2011-04-20,0.0053168480007781405,0.005307576245504153,0.001228335595215846,0.0022282319135709105,0.005534928535995354,0.0012384532076656907
2011-04-21,0.013935266137431235,0.014302053179829688,0.013794385872959891,0.012390891165501072,0.013737240043330212,0.013823930869873768
2011-04-25,-0.005094459794882655,-0.005510719427640809,-0.0062329182758119606,-0.003067368947386795,-0.004484256046821233,-0.006246125522851753
2011-04-26,-0.005177326139234939,-4.625790189793921e-05,0.00030044315166088964,-0.007113325672793658,-0.0026798109855812324,0.00026193083900372116
2011-04-27,0.013527116789089577,0.010870712430206764,0.010917745747177188,0.016435538940597905,0.009877481243625308,0.010958312818040383
2011-04-28,0.002463840718300858,3.47933108015841e-05,0.0006984146102952948,0.004242367158968197,0.00045461752746622786,0.0006958254229074701
2011-04-29,-0.0073154761345637365,-0.005166826629491972,-0.006103583164774884,-0.00854202738443044,-0.006165105680208893,-0.006127787241609117
2011-05-02,-0.01751334589904474,-0.0021842198896446785,-0.0029035327989701543,-0.015027665658549627,-0.0032288154915907086,-0.0029094455753599924
2011-05-03,-0.01033134856081519,-0.026062141038386,-0.022160424727463823,-0.00874352602254369,-0.024502632575017946,-0.022102949196948884
2011-05-04,-0.013986310446952643,-0.01672385370347318,-0.017113327792824595,-0.012979268374909592,-0.01639266888697999,-0.017079882939318947
2011-05-05,-0.0027824757150678447,-0.004920426689511648,-0.00692623587884289,0.0001869990779828079,-0.0039526213445866265,-0.009243983314715543
2011-05-06,-0.006609262509052027,-0.008820601072915268,-0.005295294081220536,-0.012767673818286362,-0.010133988486508372,-0.007172254327084793
2011-05-09,-0.000724852947121879,0.005959379802157327,0.006213846648751353,0.002996394073286446,0.00694054540782596,0.006994923310232881
2011-05-10,0.0081272010707234,0.004126517568429522,0.007396265970207594,0.007863770762249755,0.002593879045008407,0.00818263255142715
2011-05-11,0.0028121568695618215,0.001895808255667486,-0.0003288709513246113,0.0031900190005555995,-0.0003004193151470158,-3.9802610892869517e-05
2011-05-12,0.0015383458188373833,0.0021258240069137457,0.003357569634164115,0.0010622211002975224,0.0014765872358981635,0.003286233594318233
2011-05-13,-0.000599995607029502,-0.0009543233647920646,-0.0014332341081264577,-0.0004469454332324263,6.615799624198893e-05,-0.0025633324577816197
2011-05-16,-0.002537607628610772,0.0015864469820643379,0.0010827785267686352,0.0005248603165968202,0.003957563571832301,0.005810416281065267
2011-05-17,0.006825543648044885,0.002766383169080733,0.002894123249871816,0.008386352055789636,0.006270412780429391,0.00567147077904262
2011-05-18,-0.003242574645467511,-0.0012454765283510527,-0.001100648051225117,-0.0008136810346529577,-0.0008406401167327937,-0.0010478223980173729
2011-05-19,-0.008248201454161497,-0.00480425987984523,-0.004093845774745364,-0.004588203183906514,-0.003690049227862202,-0.0008230505015390799
2011-05-20,0.0018325728682848652,0.003308572403098564,0.003487083872171226,1.2950124745891856e-05,0.001148220830892388,0.00018094602130203086
2011-05-23,-0.006761042460387667,-0.0035024248171768857,-0.001977935533683195,-0.008158790273026573,-0.007322898033466307,-0.004855151595349327
2011-05-24,0.001243635622339756,0.0018430695009763465,0.0006488638103974154,0.005801005562531936,0.004933025725531337,0.0012389370450343051
2011-05-25,0.0026850844408448094,0.003477697160486626,0.004901111774741729,0.00287561155888727,0.003735186061930351,0.007100581314776644
2011-05-26,-0.0010594058958790509,0.0005350038004432456,-0.00012138355768032127,0.0011837834498995559,0.0018559236299169335,0.0009148529579283693
2011-05-27,-0.0013647341003129032,-0.0026604845049188475,-0.001712938764387495,-0.0035153220890087322,-0.004176786513362174,-0.0033795271638722424
2011-05-30,0.002980422355136847,0.0012741024056281969,0.0007181973917900208,0.003794617145281176,0.0012408096734870533,0.0017189851397090283
2011-06-01,0.02581233208645406,0.02684353010081808,0.021061260814810412,0.020750015339591643,0.025928970249557093,0.029258158958050506
2011-06-02,0.002490374309986443,-0.0031603628560322727,-0.002005384852688641,-0.0009483988768315132,-0.004071491603834798,-0.005892384293680442
2011-06-03,-0.0017378319513500218,-0.001405586483084753,-0.0022605136858552255,-0.002225235027380923,0.001675347347012579,0.00256751151822443
2011-06-06,-0.0038443921560532557,-0.001264048768758519,-0.001670931774112705,-0.004097100027963596,-0.006109823573272943,-0.00704690003612829
2011-06-07,0.0022520654090274483,0.0024978773091128836,0.002012685427290384,0.003185755290738168,0.00646674057880281,0.010749304248162783
2011-06-08,-0.0027206437066968903,-0.0024667218863609897,-0.0015802838208306413,-0.0002953050387710654,0.00019454378139593942,-0.0019816166975381577
2011-06-09,0.0020506433330755858,0.002033207489203326,-0.0015510132332288151,0.005755356814896695,0.003551521995083018,0.003238702997631293
2011-06-10,-0.0035326837341517203,-0.00023970992818211911,-0.0014569214465707248,-0.008957857865884322,-0.003996747260819444,-0.0031922593864273097
2011-06-13,-0.0033299592660113175,-0.0030585926996711255,-0.005064525240735862,-0.0031487371268263953,-0.0006748114280928919,-0.0011923896910115417
2011-06-14,0.003154878364294955,0.006460231618982126,0.007368731903302672,0.0076847148949084065,0.006484944023125383,0.005041223229100389
2011-06-15,0.0071902692068179785,0.0024806349049411036,0.002562843040055496,0.006551821522202461,0.0029221702629760316,0.006157072611271186
2011-06-16,-0.00877162177601154,-0.01002036800352768,-0.011557390522490163,-0.005397132001462301,-0.004598495876026676,-0.008489927367820505
2011-06-17,-0.0005480026721431663,-0.0010208413471880506,-0.0015485245589244023,0.0043025292514384805,0.0006044532841307237,0.0018605058818323972
2011-06-20,0.00034733537383591084,0.0033944207980758367,0.0003221406848552544,-4.697726729607776e-05,0.001102473666564574,0.00018469276684851543
2011-06-21,-0.013752825698610027,-0.011877562874814673,-0.015022750898282866,-0.0151114074782992,-0.01011091093937655,-0.011275135222108768
2011-06-22,-0.004556304789816168,-0.0023060699096978388,0.0020804257880278065,-0.0020196048699211433,0.0015082170509628234,-0.00024691200448723194
2011-06-23,-0.001759246346415555,-0.011615064133940867,-0.010516930529220203,-0.00476570837235768,-0.015680693048915284,-0.01414849128856932
2011-06-24,0.0050635950386104245,0.014244863024499121,0.011880544531974957,0.0030971867969855627,0.011603798082878924,0.007861914210896215
2011-06-27,0.016376314674516612,0.008512624984517547,0.007259864709697972,0.01597353094735343,0.004350483534187655,0.0030908734067565113
2011-06-28,-0.001933881936277304,0.0033251358338628467,0.006664376670424188,0.006354769447323605,0.009177921391592792,0.015100603020484327
2011-06-29,0.005977333611656643,0.009703522826429722,0.0078667100673675,0.004374760230315244,0.008303612626408885,0.00718958343061904
2011-06-30,0.01960690998475889,0.018949848201464725,0.01743105702871528,0.02382338300086828,0.02164981001940669,0.01818709312424649
2011-07-01,0.004465102333747417,0.005787666533243696,0.006929997032663726,0.0007690280509358161,0.0008856907338101738,0.0006603781705509792
2011-07-04,0.005815404239980504,0.0032995071314174673,1.6763674186570654e-06,0.008104862265400525,0.0074937474586607156,0.009915685765434334
2011-07-05,0.004510203952506231,0.002856604066506563,0.0007403198895479246,0.003122240198992321,0.004744928264750259,0.0006730274516966173
2011-07-06,-0.007569312212895696,-0.005727673540270262,-0.004320872423472233,-0.0067676549195447855,-0.003437817281877642,-0.0008172410413656017
2011-07-07,0.009177917607000596,0.009549449177463254,0.008714322782795714,0.011644382766166972,0.008900575644089637,0.005696482492123733
2011-07-08,-0.005606974807470411,0.004188497267011204,0.004870617318376569,-0.01158252633799517,-0.0014685998456730465,0.002555288284556978
2011-07-11,-0.027516786455111797,-0.019702716106773432,-0.015856762068384378,-0.02191922405435709,-0.01639126092867771,-0.015411901403282635
2011-07-12,0.010453113444859552,0.0037822116247159254,0.002579175325530425,0.014745357000766512,0.00903387517724541,0.004324649487717602
2011-07-13,0.006283067319133417,0.003774540867018672,0.0028177490005636407,0.0055932293469469485,0.005092900090369001,0.004557454058355059
2011-07-15,0.010558784291722967,0.00734266668907857,0.009113838442133426,0.008028569897177817,0.005986544970636443,0.008309092062704915
2011-07-18,-0.008425012831830725,-0.007076548604331823,-0.007697293406311978,-0.0038299509607415683,-0.003124776207213853,-0.004447726581250477
2011-07-19,0.003572033669298591,0.0005159125110798524,0.0016678503083806806,0.005488247756873177,0.005305247828274906,0.005337788111658082
2011-07-20,0.01320117467607096,0.01610971006351658,0.015065151627887907,-0.0009450434949206388,0.008123423420127729,0.004936830170780615
2011-07-21,-0.0015500186122192616,-0.00612036055454912,-0.008848991435343234,0.009077771252482325,0.0014166348023982867,-0.0011008090569971651
2011-07-22,0.013862887536429724,0.00876518292573314,0.008040542538562567,0.01356200195558066,0.007655693340175684,0.00616524737674351
2011-07-25,0.01573509732723255,0.011799730789687546,0.009975827728177178,0.008514279087867838,0.006068199541466424,0.0060638488554007886
2011-07-26,-0.0018768153875868832,-0.0012716450246378352,0.0021591483823348856,-0.0031673420488644854,-0.002724022716952379,-0.0027794886880654346
2011-07-27,-0.008413780122430992,-0.013295069619853273,-0.012530351839522225,-0.01173076240435722,-0.015636421549673707,-0.010141384896626526
2011-07-28,0.0009492235850609987,0.00401049956749322,0.0009855409176449115,-0.01705855747733287,-0.0051718859270100115,-0.0044925942360334314
2011-07-29,-0.00041448303941094,0.00045875814957474503,-0.0005254478786884675,0.018589950534551924,0.013364194643812777,0.007064083739518168
2011-08-01,-0.0014084156140083959,0.00296990039879641,-0.002277163650237224,0.0024423409849940736,0.003235273956714968,0.006923871401023796
2011-08-02,-0.007249204093619066,-0.007733323254794144,-0.004009548702794796,-0.010688332358327335,-0.011126542571181952,-0.011050864868600963
2011-08-03,-0.009702673832413078,-0.010886784014612516,-0.008731398763681453,-0.014291257251840883,-0.010535860446384548,-0.01217734077866195
2011-08-04,0.0047476353672648575,0.0011057771037714659,0.00047527128074209557,0.004445101114942007,0.001289236747713307,0.0031665966415843627
2011-08-05,-0.027839268813736773,-0.030108362720671522,-0.03141321366651828,-0.030487883042526698,-0.029840622834905406,-0.031127807623498427
2011-08-08,-0.017758755985915586,-0.01987986703060407,-0.01750047191425108,-0.01275326278934752,-0.01461865155072739,-0.012668409720847817
2011-08-09,-0.023979744160134375,-0.01678330116682103,-0.01803543240938954,-0.023565054373148264,-0.017564342078486783,-0.021151162074686813
2011-08-10,0.03631050996510643,0.039843098432823965,0.03583277122951367,0.03243716436861788,0.03695207966381808,0.03669753987456037
2011-08-11,0.024005034079303655,0.014504410372612853,0.009127947396973646,0.024500632195305405,0.013639916045446343,0.012114497148126624
2011-08-12,0.012523113364947713,0.007652494641635865,0.006836236928936534,0.013355986489383298,0.011339653278226836,0.010603547871611108
2011-08-16,0.0027497674052556764,-0.0010847034947431,-0.0007930352859205625,0.0014453919883714583,-0.002955494787173163,0.0004216547212045896
2011-08-17,-0.004793359282692755,-0.006595838221993389,-0.007075903475016521,-0.0019017221674895168,0.0010780919957482649,0.00048803566513266894
2011-08-18,0.006348882136131051,0.004426504785514096,0.00808137281816923,0.0011172941895007948,-0.0012255581259356108,0.0012140193576692937
2011-08-19,-0.02220685689115598,-0.02258078335349356,-0.021245928919951695,-0.007868724661271309,-0.01708328179332863,-0.03022464557754312
2011-08-22,-0.006030984025147901,-0.004166819423199963,-0.004015072446897472,-0.005160848811690766,-0.005530751247877053,-0.002172298050400312
2011-08-23,0.00612630422374183,0.005011228632462172,0.004265689601647971,0.013757167826591532,0.012384664736551088,0.010497440024582305
2011-08-24,0.005151156881015639,0.0032320584862235435,0.003765822752471948,0.004749941145508529,0.0035484140778232476,-0.003408982078083711
2011-08-25,-0.001865754382883833,8.794232592501672e-05,-0.0016041856555052414,-0.001689228289260325,0.0005689742764891648,0.0016991941202648686
2011-08-26,-0.0021695703866811966,-0.0029448122982892455,-0.0010699472413105982,-0.0009993086766609816,-0.004575864762097814,-0.007121293836860443
2011-08-29,-0.01128300498398127,-0.009992509001931604,-0.008672368939372399,-0.01239381961484931,-0.009028523210465988,-0.008710587045082319
2011-08-30,0.01247165071410583,0.008759978431627902,0.005814125870438058,0.014630345776100562,0.012655323788483885,0.010942774193437588
2011-09-02,0.006893615180679991,0.0058226550059814475,0.006743185444537447,0.005601902137031711,0.008616775059493875,0.014463146178525843
2011-09-05,-0.007749961101569003,-0.0068950452565597065,-0.006675607277725093,-0.007640601419129256,-0.010704251305749923,-0.009424481091082182
2011-09-06,0.008174481176726145,0.008526310621481237,0.006744265718879872,0.007881637513861506,0.010986882298759326,0.009565798141998982
2011-09-07,0.006193299414260167,0.006402828385923209,0.007528057332222948,0.0007677695433279119,0.005014734902774043,0.007839628050337
2011-09-08,0.012603713929320914,0.00964659947431512,0.010934148082426987,0.0008154967762574739,0.003646785637997363,0.00775023622586235
2011-09-09,0.0028735877834484835,-0.0017459788273178622,-0.003664743571157314,-0.01597023704769951,-0.013193306122810555,-0.017917867537234122
2011-09-12,-0.015787932458217746,-0.019356824616069135,-0.01779937642978857,0.003630202057141707,0.0009846859515547646,-0.0005384921770634765
2011-09-13,0.012318199980343225,0.013969894734960464,0.012291400693753118,-0.00294795642014245,0.0004552716873400531,0.003916141635620374
2011-09-14,-0.003491079616532611,-0.0043047166792807845,-0.0041908142905559,-0.00396097766871506,-0.004613434709553221,-0.004825254605646423
2011-09-15,0.010417896849637787,0.004782614267912155,0.005096062079361419,0.00420602776068435,0.0010225008625606158,0.0013693171663837767
2011-09-16,0.00418352369187458,0.00028102552988151785,0.002210279216997124,-0.0009660370036451704,0.0009365910477598938,0.0007058951429028681
2011-09-19,-0.011794544691284936,-0.009346602445591046,-0.014189609420658278,-0.01135278184072297,-0.011122927204948119,-0.010424622778453352
2011-09-20,-0.0015974734128408885,-0.004940818823442217,-1.3951372659581907e-05,-0.002474422481207217,-0.0023375321330225685,0.0003881074355123193
2011-09-21,0.006814452781422231,0.0076781553820817194,0.008205504340671688,0.010033595545958951,0.01188012924773485,0.00939493981804107
2011-09-22,-0.010221926991508923,-0.011031458382838033,-0.004961607624236031,-0.011703132749713019,-0.01102718985415696,-0.010542989669405922
2011-09-23,-0.015123979799789411,-0.017943901613759028,-0.02240878728575335,-0.01100524777522871,-0.012597395172850745,-0.013577390642157905
2011-09-26,0.012963952203944418,0.010289681423824026,0.013175749639494194,0.006346958774585021,0.005748388249069647,0.005602874521724699
2011-09-27,-0.0012658942470330503,-0.0035633141721268524,-0.0004708145161147481,-0.004199540014530712,-0.005492566335035365,-0.003259307814732937
2011-09-28,0.0006400798669687902,0.001242103812503892,0.001236087108760886,0.004558414672699351,0.00545613752228391,0.006855735251693362
2011-09-29,-0.007623940201770596,-0.0068690907152400005,-0.007393845601279758,-0.013650118535753486,-0.013692489968987531,-0.01400432274533725
2011-09-30,0.004426860239422181,0.00540806770404223,0.00749898090319534,0.005982070827580399,0.007166824445510089,0.00960144373812244
2011-10-03,-0.006135765302594742,-0.004579300250952545,-0.006013363872679367,-0.009590225699755872,-0.005357170888844132,-0.006182694769358066
2011-10-04,-0.008703318344260857,-0.012780241481776922,-0.013562231331144092,-0.00043288452646583764,-0.0015084443394228764,-0.007208876709548284
2011-10-05,-0.00818041477644238,-0.0036949699224381183,0.002389835683066055,-0.0028535870978985134,-0.003028052923665814,-0.001765739720467896
2011-10-07,-0.003767386726408639,-0.0005254820527382797,-0.0034656881341339485,-0.006917115695758813,-0.0032897505883594524,-0.00011556049913874489
2011-10-10,-0.0007961038865543779,-0.005234797875070973,-0.004270970935793317,0.0006309410910745328,-0.007398841857071958,-0.007063100173343995
2011-10-11,0.002597445912714269,0.002912612916874169,0.006486582297721588,0.014126977216389447,0.01318865048602924,0.009422445764429854
2011-10-12,-0.0038872706592416595,-0.0037658248525210825,-0.0042460964757153885,-0.0031477086016058475,-0.0023848832823620825,-0.0031432545735574635
2011-10-13,0.017216515215050965,0.01567366096770839,0.011470603379818867,0.013189354615714244,0.011965185058492978,0.01139241688026571
2011-10-14,-0.013403085528074121,-0.01006570435954568,-0.00751745098304224,-0.01700861626049255,-0.014918086019791943,-0.011278154332345358
2011-10-17,0.01614043965113754,0.011978556174933042,0.012301711912402258,0.017417898815713873,0.017576392802848506,0.01472543114611291
2011-10-18,-0.008452637299248056,-0.006342697575825174,-0.00017758307986004418,-0.012762480569376233,-0.003515695102941807,-0.002600030085909144
2011-10-19,0.007698992635747581,0.00613811777409401,0.0020429719391510393,0.010792511095607749,0.006514290119034705,0.0050408063765368105
2011-10-20,-8.902354389417333e-05,0.0005869024044351523,-0.002821481405926196,-0.001361137430307191,-0.004766107637580785,-0.003167463510973967
2011-10-21,0.008702269085411718,0.0056980911437301,0.006793327205663946,0.004911373557531906,0.006436864726927949,0.006149691498492649
2011-10-24,-0.008854233441973003,-0.008760864519759104,-0.006465479967891263,-0.0018389781534745575,-0.003439179340977594,-0.00534283407014724
2011-10-25,-0.0019150717316351873,-0.0011477516226707785,-0.0019046768658058655,0.0013392392510598317,0.0033213439926866872,0.0001459175727744899
2011-10-28,0.032203611912177355,0.02738465041216065,0.026088068046095314,0.034806205844237104,0.036423749346492285,0.032799831685802694
2011-10-31,-0.0011252014951832479,0.002042814306668639,0.0016518917677541545,-0.0071532260841387085,-0.005147447189494003,-0.0005230306831442988
2011-11-01,-0.003758061369358856,-0.005656309660916348,-0.00400842801449286,0.004217969222284346,-0.00068928817396674,-0.005418549122099159
2011-11-02,0.0030743649318654143,0.0014462742448504429,0.00024113336763087467,0.0040996837152398324,-0.0029774159923441346,-0.002186331188354873
2011-11-03,0.009594100306409503,0.007549673637910148,0.0035100805014489644,0.00598202116422164,0.004342921425821933,0.004961237615122238
2011-11-04,0.00817602399677364,0.008238238600465797,0.011317757982077348,0.0059175185698272514,0.00998479074080394,0.011905161170522094
2011-11-08,-0.004122537326594622,-0.0010407391159705792,-0.000931883048649107,0.002490743630115144,0.0018337502404597306,0.0007946838951817803
2011-11-09,0.007171937472153278,0.006864976043869264,0.00577521406522119,0.005546409973983257,0.005877814678328708,0.00520428200125278
2011-11-11,-0.02014211293806134,-0.01779327920323004,-0.01746887237255723,-0.010817078335180086,-0.016352548774586695,-0.017198581234098453
2011-11-14,0.018737643513363045,0.013018347691793775,0.008331228252846934,0.0075154500223137966,0.009971689093053016,0.011114487669666717
2011-11-15,-0.014546703144788231,-0.014023378817716536,-0.014787449890355187,-0.012215479991654954,-0.014828513828419876,-0.017499396507323683
2011-11-16,-0.011574607991510888,-0.013202160761346393,-0.01629883542087618,-0.011990270924755797,-0.019331189463630882,-0.017391183221510564
2011-11-17,-0.009163306467331434,-0.0041161048380155,-0.008262366876600535,-0.012883025995600095,-0.013463306690884913,-0.01023091875425819
2011-11-18,-0.016397124924821704,-0.015925480918808965,-0.011881499488359593,-0.009753466339457284,-0.007761930846787224,-0.011624108695998725
2011-11-21,-0.004557943818538024,-0.001455653671985857,-0.0030387252569739065,0.0046928735634343965,-0.0016913106458057436,-0.003427975778765857
2011-11-22,-0.010068151801946534,-0.007219732680798008,-0.007459270051833222,-0.007218340484940078,-0.009933741849460831,-0.006140553967219242
2011-11-23,0.005423384886406701,0.0019659915568364106,0.0015688018718074126,0.0022145926564669516,0.0034526500986364894,0.0024258861616945904
2011-11-25,-0.013704819547857294,-0.00929004234641817,-0.007322999446741307,-0.017756687205605304,-0.003942854668862128,-0.0034362863980661462
2011-11-28,0.0010808742829515605,0.004129631552018065,0.00426176058094252,0.0060683005114878785,0.0036989601489196833,0.002789554899881086
2011-11-29,0.006235151584359722,0.008469553167574029,0.00762118226999009,-0.0015344708294142695,0.0012785578143199583,0.005399262240830094
2011-11-30,-0.008164059639697796,-0.006856309702275021,-0.007182131341287534,-0.0017548066028726383,-0.0027094050956636417,-0.005113484344985375
2011-12-01,0.026550344925958536,0.02120967536686047,0.017147632109920874,0.018273238495715827,0.016884168519808673,0.017933867262036163
2011-12-02,-0.010146184123172919,-0.006332834628717698,-0.006144355357735609,-0.004628684649592429,-0.004277489013112756,-0.004299500393545319
2011-12-05,0.013760754661154229,0.012264149066981922,0.008552091969605602,0.009531016162901196,0.011497368852836143,0.01380886313641616
2011-12-07,0.0041051570832704165,0.0020285857139814567,0.002263154267033718,-0.0011457676225359315,-0.0009787422209265317,0.002787035260270132
2011-12-08,0.0024917310495280454,0.002842326091993863,0.0026213151720300143,0.0059798296467648004,0.006312917286053432,0.0029683148472283705
2011-12-09,-0.009858220107291427,-0.012200401458373977,-0.012764190981723433,-0.009676775608609578,-0.01170288183627377,-0.01367359334993501
2011-12-12,0.008076880827970534,0.006665133164931447,0.005395322608149122,-0.0013748952805321402,0.0016221994049867572,0.0056981290885504965
2011-12-13,-0.020202742813697716,-0.021250549181045963,-0.018410413919603852,-0.017845683309622662,-0.023502419827353682,-0.025210448999946955
2011-12-14,0.007308228143489748,0.008146460481913032,0.005892200273618808,0.0011654285949080911,0.005174164683561688,0.005962910670468835
2011-12-15,-0.004620710523825067,-0.006418030377817074,-0.006238469911108324,-0.009960895010122095,-0.01089104204910385,-0.011026811786954194
2011-12-16,0.007811673569141586,0.00828824618466073,0.006331026492528036,-0.010223212220530131,-0.004986351104040221,-0.0005397517344706282
2011-12-19,-0.015121303770264216,-0.012691654140346342,-0.009714703334358865,-0.005605418861818534,-0.011845169804148403,-0.010684300857505713
2011-12-20,-0.0036331283314737783,-0.0009435694607093925,-0.000539759172242249,-0.005840682340430781,-0.0049569891813955325,-0.003958582868676674
2011-12-21,-0.00251521885272743,-0.0034706140279529007,-0.0028320465250759597,-0.005916633091935686,-0.006514457492315717,-0.005080510017056228
2011-12-22,-0.0017550931929201097,-0.0012928585124671876,-0.0009019723652932132,-0.008014468916513029,-0.007769520091308824,-0.005094448492420911
2011-12-23,0.009170117186919402,0.014255739287415858,0.011105003642427613,0.01976437598557501,0.020714426255284968,0.01643518474737382
2011-12-27,0.011943888344516651,0.007891788347864415,0.006245384497081341,0.012435647651135362,0.01455181882347123,0.013283465289151364
2011-12-28,-0.00027350135660630936,-0.0013024874486183835,-0.0008957372505021821,-0.0066242305014901914,-0.0027202362893867793,-0.002006263628707705
2011-12-29,-0.006701952549748147,-0.005438369201948401,-0.004215221743515296,-0.015369360235264251,-0.012275006523566834,-0.010045380700488438
2011-12-30,-0.0013246997114741976,-0.002425189336776601,-0.001955623429101716,4.0345541642228255e-05,-0.0028647561086846407,-0.0031034387634581995
2012-01-03,0.0017210333515012,0.001589077907493408,0.0010422883748848477,0.001089314464480351,0.004216809686134804,0.003452567262576478
2012-01-04,0.00608581040105638,0.007275976803625239,0.005807449078465643,0.025282134125813593,0.01964202448513519,0.016012550573482054
2012-01-05,-0.01437655171681318,-0.010843918401418295,-0.00829714686197991,-0.014075989564371727,-0.014304434314006631,-0.011094805272096497
2012-01-06,-0.001380824022862881,-0.0008685613659461522,-0.0006160819399539941,-0.0018156226146288645,-0.0022940736277474727,-0.0019297299306408888
2012-01-09,-0.0013211935574614087,-0.00013058638710217174,-3.681216786466379e-05,0.0011050326090338292,0.0015644170352473452,0.00022233578604979876
2012-01-10,0.004778253924854647,0.0033165101991528,0.002704756752798687,0.002361446000665568,0.0031615287986053175,0.0026624205345122665
2012-01-11,0.0038176195419432624,0.003971432702029043,0.003005781888361314,0.011356260553620823,0.006607754596721138,0.005552967493743122
2012-01-12,-0.015394144476683747,-0.012761941269503363,-0.009606338988289553,-0.012557126249774564,-0.011560873618054246,-0.009279768902487828
2012-01-13,-0.0017951294424827235,0.0015886846762995788,0.0014010334364380483,0.014724661894483182,0.008687029573791083,0.006698138740765414
2012-01-16,-0.015960854368208044,-0.01434637558158558,-0.01093677686076766,-0.012152337169104577,-0.015542510008829447,-0.013417374149391703
2012-01-17,0.024656203459033854,0.016477737444606788,0.01251722831868185,0.006054767021318019,0.018286346766958506,0.014307123208988637
2012-01-18,0.0034191348729208926,0.0070162443200809665,0.00553920972252131,0.010389686341514492,0.006867267300526336,0.0066844711864739725
2012-01-19,-0.007173841932636593,-0.00631577833552488,-0.004234248356982162,-0.0035501248578458933,-0.0022891154711054407,-0.004784170889535311
2012-01-20,0.002576683989652384,0.003193581872757756,0.0032903895115761195,-0.0021166114451218743,2.1373939218527482e-07,0.002733573391047628
2012-01-23,-0.005531281012310929,0.0001321824498285995,-0.0009093327901167347,-0.004040916218016277,-0.003619927186523042,-0.0052661687911482735
2012-01-24,0.00768207850835001,0.004573365433992338,0.0056894856977371955,0.015053731803316373,0.007635025717243948,0.004199819181930131
2012-01-25,0.011338521238180022,0.008108778566760622,0.011058322559060363,-0.0015419882412327501,0.00316301947558828,0.007674155533647031
2012-01-27,0.012708992519359752,0.009843814227451064,0.014199627058885333,0.006896662160112976,0.004615062813080328,0.01177655922971832
2012-01-30,-0.012642229112018066,-0.008539198864491948,-0.006701143117847308,-0.006525006572620118,-0.003653688671126698,-0.007834268899979513
2012-01-31,0.0004046968578339527,-0.001105856522214066,-0.0013784768667981506,0.00954255041852825,0.003152883114086791,0.003676793777988907
2012-02-01,0.028177715716226404,0.02248501878376774,0.01949793161360791,0.016226862429059796,0.02231932524921243,0.02064598415800689
2012-02-02,0.014648784769504486,0.010158636647150443,0.011517780693785173,0.012257318124645922,0.009207473245374409,0.009253163760162275
2012-02-03,0.004897498483705798,0.005119936631540867,0.005200780565819629,0.0014367122417335842,0.002289676689368969,0.006373004427333351
2012-02-06,0.012545401592116923,0.011303785720004234,0.014175493762940139,0.016313877656129128,0.018197195379801023,0.01587758692795127
2012-02-07,-0.0022435468956490956,0.010587054964270592,0.008354165840895655,0.0007284317939939555,0.005674119722291371,0.006031075611485193
2012-02-08,-0.01971495843841975,-0.016150667262652907,-0.015579333283633479,-0.008232514215834374,-0.013909837446206663,-0.01248253796759391
2012-02-09,0.007491041861410475,0.008598706816116852,0.007354254172542429,0.0026161355293676802,0.005433269488908099,0.006585583936211448
2012-02-10,0.01265660572605376,0.010880749712516957,0.014287673928847111,0.013087155165234066,0.011303639999795445,0.013812283863414043
2012-02-13,0.0011336495828246917,-0.0015683825035048837,0.001191010030772821,0.010148091573921825,-0.0014901894384929948,0.0004872542114644496
2012-02-14,0.0062220410890023725,-0.00483001685010942,-0.005020184157505714,-0.002073022430213012,-0.009423858552758735,-0.006987083389211279
2012-02-15,0.006458488955838559,0.014459646848472785,0.015146857590250695,0.004102646175771607,0.011196408075842212,0.011107236058397474
2012-02-16,0.008418943486781627,0.008394239182089258,0.009680534027856735,0.008886730344617622,0.009499691603666038,0.009538380549480419
2012-02-17,0.007232798081448166,0.0064894866870066625,0.0072223964713702404,0.006597533262910904,0.007641236164494858,0.0047557507181901215
2012-02-21,-0.007431299537233982,-0.003151637714705613,7.10082725663419e-05,-0.0010983645352621307,0.00016278326212204597,-0.0019616619775979505
2012-02-22,-0.0017622822353964285,0.0026928199298903444,0.0030908630536470305,0.004799611932365222,0.006175035825924491,0.0025185054779295335
2012-02-23,-0.030197088290549123,-0.02721969725576523,-0.027483773868009265,-0.02339504581660279,-0.025101807028934386,-0.026798142492845067
2012-02-24,0.007961349841964616,0.004588066253090384,0.006633085191487309,0.011001343775142614,0.0074251500003039705,0.007552414047307332
2012-02-27,-0.013344894832099885,-0.009232379060298945,-0.010835873693767373,-0.00989840220731486,-0.01265994053828512,-0.012062438560829003
2012-02-28,-0.02422305455617413,-0.019046319593378325,-0.015905524254076653,-0.014988287932352629,-0.013303311790743066,-0.017633332401802426
2012-02-29,0.02907749598533549,0.02518937200604343,0.023642713368294155,0.023405067882447783,0.026072081185966933,0.025114990118687786
2012-03-01,0.0033324476682121684,0.005555056775542022,0.0018666728824749956,0.016155252747039217,0.01251824545799085,0.010143171888863156
2012-03-02,0.0034602479102143757,0.004524903448863027,0.00399312380135064,0.0010203958015293502,4.7119060291311854e-05,-0.002210863186880463
2012-03-05,-0.0023557683358597092,-0.006257888888340335,-0.01160900607128601,-0.021957102135635398,-0.020797735481729585,-0.016467344818188234
2012-03-06,-0.020101425627160663,-0.01608104134561572,-0.017859794303827337,-0.006716368222186353,-0.012268265388427402,-0.017463876215639718
2012-03-07,-0.005317726398003986,-0.005320928758033361,-0.003595976867948769,-0.006085978598752928,-0.004089016118315358,-0.0021649797662480763
2012-03-09,0.019242494531206855,0.014618959018327216,0.01503282282646956,0.024116093727848176,0.01884646521734279,0.019294466822794565
2012-03-12,0.01950164795326459,0.02257854935602821,0.026139342881668304,0.01541887035423306,0.016790427991548507,0.022605512067483513
2012-03-13,-0.002915510249034803,-0.0004365513741801941,-5.063543527539238e-05,0.0044716596412237575,4.397266204492212e-06,0.001191845057110008
2012-03-14,0.012152117603307255,0.01148760593618614,0.012338255000853726,0.018450046435026124,0.016296045153652905,0.014717931539806939
2012-03-15,-0.008630292821437124,-0.004311497352013194,-0.004921257920616373,-0.013484370356873443,-0.005227763541206576,-0.0032763217330517014
2012-03-16,-0.007778748720334794,-0.0042515932953941515,-0.006906612703968085,0.008754683397043994,0.001128532519995451,-0.005519177715474832
2012-03-19,-0.010694711649899324,-0.012948611441987223,-0.009623463418179767,-0.012113338605903246,-0.010763893822897552,-0.011207678466499948
2012-03-20,-0.009801772751862892,-0.009313672004064633,-0.011813155750525328,-0.005413271907873662,-0.005696851794482538,-0.007889760098643284
2012-03-21,0.014615284683521024,0.008571828342339716,0.008674487498616434,0.008972041325745694,0.010650269658687428,0.011543153214099267
2012-03-22,0.036530059212518395,0.0327947099809176,0.028720479092555484,0.018387630939255217,0.024428412679232014,0.02829562852310996
2012-03-23,-0.014246945938851452,-0.013848032727278414,-0.019080979115478236,-0.023842783678572288,-0.028032405720451292,-0.025231037702786896
2012-03-26,-0.000739177644698108,-0.0010679562986652957,0.004438389201290471,-0.002029352908748172,0.00033499788835866795,0.0033110947115575495
2012-03-27,-0.0031669442334149034,-0.004623943102407768,-0.0007218821279573184,0.00637468914645245,-0.002402202870132375,-0.002562558690347494
2012-03-28,-0.007219805618304931,-0.0003055303467819348,-0.00417093580227923,-0.0049960983788781554,-0.005003122433975604,-0.008724989334690458
2012-03-29,-0.01285544078667089,-0.013106956585963503,-0.01306448592535947,-0.00022168728742355537,-0.005772031362296315,-0.00992696497594292
2012-03-30,0.023743395471964135,0.017180346089998633,0.014982012175976944,0.011735895415494468,0.010237417301910856,0.01586596250275285
2012-04-02,0.02092666266874832,0.0220520563451434,0.02121358249416261,0.026949788999011792,0.02406203304354415,0.02230000587694425
2012-04-03,0.018453442148412824,0.013893375419770093,0.011603009359353766,0.008169584440645972,0.010685019670260365,0.010911340220777666
2012-04-04,-0.009299830606889326,-0.009545096996389946,-0.007837049572052668,-0.011893014798823653,-0.007361814206582884,-0.006989267312694447
2012-04-09,-0.006312630923980933,-0.0062181802912465445,-0.007364721349581771,-0.006858650514872444,-0.0098989601284315,-0.010207037439711075
2012-04-10,0.006743363329255514,0.0014537483856598143,0.002214188082483748,0.005230113603937436,0.001386050867981714,0.0005788107978130785
2012-04-11,-0.013062953438730651,-0.010297761435273611,-0.013233603206397437,-0.015935050421120422,-0.015328447595542638,-0.013841173279411367
2012-04-12,0.007954212361302115,0.0031740516026261822,0.0031571975105539885,-0.00557665317133238,-0.002008662991608734,0.0020524774417391978
2012-04-13,0.012636906725106645,0.008938831616699616,0.00939998762825578,0.007487104416902035,0.005846127092945519,0.004975947861248775
2012-04-16,-0.012740496710614169,-0.011609186437409602,-0.01214620899888208,-0.013859640356014169,-0.013131441803957089,-0.012742568956559341
2012-04-17,0.0026335837212319024,3.530595395062619e-05,0.0015525432098177916,0.014491031069338023,0.005617221515094695,0.003964427073392507
2012-04-18,0.012253674556403027,0.015448521592963393,0.011428098668399,0.0007384556520009244,0.006843693222326808,0.011156925939850293
2012-04-19,0.01580772341379122,0.015214323877495994,0.01193363759652466,0.0023842491532264365,0.012929052787745476,0.010404584507758718
2012-04-20,0.007996941420999715,0.005222342759050758,0.004767366265463258,0.0018664549437064082,-0.004493603660446599,-0.004648610070076442
2012-04-23,-0.00944336338164653,-0.009545649057576377,-0.006765655704752627,-0.0060576619934407105,-0.006485957772933149,-0.0027703311381979123
2012-04-24,-0.0097085397845742,-0.010333516984578073,-0.010176990481534753,-0.009661670716079929,-0.014283654028391712,-0.01290842609677001
2012-04-25,-0.007022586983304935,-0.0023633137176329866,-0.00307853962469129,-0.003001387106184139,-0.00307017899438633,-0.005422475833431362
2012-04-26,0.000986243935420017,-0.002582745580694823,-0.004637201362259313,-0.003901713011437158,-0.001692260300877213,-0.003662877848077839
2012-04-27,-0.0005036016629815787,0.009601494198810068,0.00925832192908116,0.0032327947709740457,5.452420981266748e-05,0.00322680020451771
2012-04-30,0.0016047727736256956,-0.007778439851862773,-0.005889667830878742,-0.01256379131839358,-0.008906842299362783,-0.007883014307070946
2012-05-02,0.019760045153132344,0.017717759073875294,0.015352459999770529,0.028792413018456253,0.014571893291337235,0.01581331837257771
2012-05-03,-0.019631786499814785,-0.014762820272027577,-0.012199613031609546,-0.015429744297423054,-0.00704790715991388,-0.01166091976405137
2012-05-04,-0.020180759020363648,-0.014200017811359267,-0.01281537318872128,-0.0012149700900871974,-0.0060298371174697385,-0.0059777342332417716
2012-05-07,-0.014064838284652104,-0.017548667957677067,-0.02157950383952334,-0.028116782123000728,-0.02458825381488805,-0.02604074031375314
2012-05-08,0.014599186366826444,0.011673747520730915,0.009597514064947799,0.00980512802766742,0.015732807912705482,0.016073638644260813
2012-05-09,-0.027975237669465303,-0.020859370092234375,-0.022196473320690413,-0.012785865636275484,-0.012005890669112729,-0.012063722428716783
2012-05-10,0.004956243194166987,0.0018537548436174944,0.002900238282588674,0.005637480951970808,0.003243519933526562,0.0005002412907222364
2012-05-11,0.006226261270458222,-6.503925607626027e-05,-0.00035686511229948703,-0.00020751776046890047,0.00025334253327891076,8.71013081114036e-05
2012-05-14,-0.014495845902263937,-0.009401370223824146,-0.011253500703843344,0.002003424745689486,0.0007175005440867022,-0.0009112887996263197
2012-05-15,-0.012339702118485674,-0.010660685156736016,-0.010310187900030798,-0.019985892379842052,-0.015697621317714572,-0.012856711353545047
2012-05-16,-0.004596565771638916,-0.003023728977701756,-0.0017646263914138371,0.0057538358822661895,0.0020007589144686033,0.0021317491811865263
2012-05-17,0.0026919162313208123,0.0012496508044550492,0.0037991099559759878,0.011560338232188272,0.009809952328337701,0.007840479851695115
2012-05-18,-0.01015539796222309,-0.0069333620456311085,-0.011324605818580968,-0.009572542555541408,-0.014932733738465487,-0.012233216645769485
2012-05-22,0.01657393152221509,0.01213062869534065,0.009620545918250345,0.004217580378464092,0.007459515108879211,0.012394579345308632
2012-05-23,-0.009636690117696745,-0.007561192240254089,-0.006411163212281412,-0.01088617609516318,-0.011319776239871904,-0.0106436656946296
2012-05-24,0.002636639418999387,0.0017380219089848659,0.001050396414948418,0.006217396052067947,0.008360123261363483,0.005554381055649538
2012-05-25,0.00037946082867068576,0.0007270350733592501,0.0005916613955236905,0.0072916339383279904,0.0014109157608330758,0.0015043768337235086
2012-05-28,0.021219870182030087,0.014079752911401178,0.010689476796938324,0.006134101824532001,0.008553158662450766,0.008621302011105225
2012-05-29,-0.0016612485056937132,-0.00111476195857374,-0.0009074575197182133,-0.003875206587197866,-0.0005173240723813644,9.495908947831921e-05
2012-05-30,-0.0038565569309193526,-0.00325872712218489,-0.0023953043639358684,-0.004880890079442035,-0.010846450747650116,-0.010214927780867744
2012-05-31,-0.014328382602576184,-0.009443043399623874,-0.00713837762257008,-0.022343001452141298,-0.02109446272062543,-0.019433572529179655
2012-06-01,0.006328924132035008,0.005010445570784672,0.0038682320895140343,0.03513265638366203,0.025710464046347692,0.022907354680998582
2012-06-04,-0.015373749873484166,-0.011590002378138897,-0.008752587296153358,-0.025019872944155974,-0.02342411078790052,-0.024703376108198838
2012-06-05,0.010021710163412134,0.0065649114665251584,0.005028187421753705,0.011042661643053675,0.009492394640939095,0.008266707659152273
2012-06-06,0.0038066821866900025,0.002437682056236179,0.0018791567526170727,0.0029350697997885256,0.002513847431667271,0.0034844948122108033
2012-06-07,0.007850784687139623,0.006988492502866039,0.005418961692563062,0.012956826274705957,0.010188416623573282,0.011305627006790164
2012-06-08,0.0004512286838298518,0.0010813460252867557,0.0009438508753314423,-0.0035343238015961287,-0.0026053914504019504,-0.000693884802710043
2012-06-11,0.0036467558146693335,0.003247251342242574,0.002547452946138673,0.011996560761144748,0.010235307896654833,0.012604184623870252
2012-06-12,-0.015247323906891208,-0.010779566729449686,-0.008207824260780261,-0.022242737108853605,-0.01853915544663698,-0.01796355515893233
2012-06-13,0.009341433117841413,0.00645088107035674,0.004932938626801997,0.007415593750604632,0.010152056276029331,0.009276361511785458
2012-06-14,-0.00714199126856796,-0.004060635627859965,-0.0030280931593977822,-0.006695770089509279,-0.008720921267559856,-0.006951435221947078
2012-06-15,-0.007032168659037108,-0.004471842312635976,-0.0033399352123386628,-0.0008160659401592607,-2.954619719552909e-06,-0.0022250745974560227
2012-06-18,0.015644973725002842,0.010704739309051137,0.008123051577878737,0.003987251246241552,0.005996062133201363,0.007925217249686645
2012-06-19,-0.0266454462051402,-0.020072788474112202,-0.01505601630654474,-0.006023354304616202,-0.010269086589710152,-0.01303926415023271
2012-06-20,0.00907475614483988,0.011852791775201599,0.009125523429654558,0.005850659773356082,0.007211378232197196,0.00888230530071632
2012-06-21,-0.001006454216116115,0.0043887610100017405,0.0034324241402168276,0.011812162712411922,0.009504168839723715,0.005954132123594524
2012-06-22,0.003041142238372485,0.0014280872871650363,0.0006497038281487733,-0.006890832045101769,-0.004490425706866086,-0.0018027839757004394
2012-06-25,0.008641756631433406,0.008565940218301593,0.009016245814677415,0.004956550727292175,0.006633550616791162,0.008383843209874398
2012-06-26,-0.008740062672938254,-0.006291219650149005,-0.002037503554783271,-0.00738959724408772,-0.0077175677718747115,-0.007668374171800663
2012-06-27,0.009632584276613843,0.008913275920841013,0.003984556434958764,0.0038487192987641805,0.0065081080038884576,0.00510533791612966
2012-06-28,0.0052141271371282105,0.0017609764766741698,0.0017369460819287585,-0.004252239174792671,-0.0033910278535235205,-0.0035177356193073495
2012-06-29,0.011471766446564002,0.011864075698017285,0.010562038217966307,0.003342279840031548,0.006747202865947655,0.009869613089368068
2012-07-02,0.012807315587225254,0.013821838576846934,0.015353644640029307,0.011530203014848084,0.011296200070779028,0.011958844831558846
2012-07-03,0.005453016673041322,0.005938601917485853,0.006161077171841889,0.00319512933744881,0.004507560546494815,0.0015990710446363021
2012-07-04,-0.00032463662967130436,-0.002224892780402943,-0.002083644478890756,-0.0011371209964955442,3.179617387227829e-05,0.0013023331442747477
2012-07-05,0.0010353784900161145,0.0031413418376298186,0.001535636205914459,-0.00039371508193164484,-0.0016090397270807077,0.00028349564976748454
2012-07-06,0.0009607831904820952,0.004096663990985627,0.003044964632984426,-0.006081275458608704,-0.0011751937876257612,0.0011332309767992932
2012-07-09,-0.007231478369518318,-0.006913463325773583,-0.008087454499914437,-0.01520079012314024,-0.012306654514209314,-0.008989950966084237
2012-07-10,0.005376566010590889,-0.0018256752875976945,-0.003276262446203271,-0.0067504157321106595,-0.007196548603150665,-0.0054199460056861826
2012-07-11,0.00039430715430888164,0.0016103823849042964,0.002391247299370569,0.0024946015653157794,0.0057162595355251256,0.005271430809212774
2012-07-12,-0.004167719479845622,0.001436729168424522,-0.00181378536081378,0.00386802578638612,0.0010550284870300963,0.0010631657425070884
2012-07-13,0.0035850889936654973,0.0008785776236439613,0.00319093660798786,-0.003906338021371858,0.001647050488418289,-0.0009648748902242321
2012-07-16,-0.00156190208646112,-0.0020768649879228107,-0.0005720305661488512,-0.0018490022923969285,-0.0005548207929835236,0.000589800595617973
2012-07-17,0.0014164512964875975,0.0038230386152715568,0.004254723626235357,0.0028673968121815108,0.0023216707780804313,0.003345581889404148
2012-07-18,-0.0016631075015894892,-0.005233621535169708,-0.005293774004505258,-0.0005047143742437088,-0.005281678747512397,-0.00451202960098207
2012-07-19,0.005035194231820528,0.010219900765580991,0.008785920557115023,-0.0017024519490764778,0.0038930270455186378,0.008800075549687092
2012-07-20,-0.0031971270429727028,-0.0022996801819483714,-0.0033398527579886483,0.0022298170007948315,-0.002496450021248986,-0.004021812242625655
2012-07-23,-0.002287303092743942,-0.003573874801093835,-0.005508474046316714,0.0018705584709028944,5.6556233268167944e-05,-0.0009113055648399815
2012-07-24,-0.0030806867960976314,-0.005307824482662982,-0.00409124189776644,-0.010487608526872916,-0.009886326391046918,-0.007806909268247786
2012-07-25,0.002615505087696368,0.0008950663001860981,-0.0004905601090732237,0.008724176168115383,0.0063970341776302675,0.003099155162373135
2012-07-26,0.005381151215875679,0.006182586506361165,0.005936623566205279,0.006339562027980028,0.00437370007660931,0.003971403554394293
2012-07-27,-0.0018721315139222927,4.940851956525272e-05,0.0009271674654132145,0.006435605350472384,0.003994421462390818,0.0018770199718580738
2012-07-30,0.004113886847342929,0.0005140527160456543,-0.0030573124664684537,-0.008246149762090038,-0.002766908603484275,-0.0014762285603056036
2012-07-31,0.002164944980314276,0.0032676449846977818,0.007026470771101634,0.006270165815035478,0.006923767456456398,0.007062271121792474
2012-08-01,0.011257437829481853,0.010264467563627644,0.007924593348096032,0.003200057971930237,-0.00036350968458287447,0.00010568664254106963
2012-08-02,-0.003116980488444776,0.0006235770965934417,-0.0014909584659170694,0.006848796566297777,0.0013622900503011959,0.0021479687916106105
2012-08-03,-0.003866881919955656,-0.005557605622711459,-0.002389704166001927,-0.006505006220073883,-0.0052138817033391405,-0.0061159006369065905
2012-08-06,0.007853846254170849,0.01092405570567867,0.012648880206200364,0.019728878572628394,0.01662353421800189,0.01398734829153625
2012-08-07,-0.0034123501491786223,-0.0035245449769439885,-0.0014611053052058232,-0.009931638571902934,-0.006303093662126447,-0.007352906442623097
2012-08-08,0.0031952753609809648,0.0048465186011397154,0.004086434425474517,0.006975836579391048,0.0039870212658490445,0.004719829893152783
2012-08-09,0.004514698185556165,0.004047675228914249,0.004170862328913616,0.0034168557134328648,0.007400334895628413,0.004492822778043193
2012-08-10,0.00046117722356942004,0.004145711774749872,0.004153679482630679,0.005799304256296711,0.006615274207965038,0.008114236047218615
2012-08-13,0.007254133786560368,0.006293814536250331,0.00699914796488077,-0.001064243578756452,-0.0032584287364527675,-0.002187628263858765
2012-08-14,0.010259652383474371,0.008396127398872189,0.007987584192940655,-0.00020502111877307438,0.00233361067127702,0.0034329455493506966
2012-08-16,0.0065753885320622985,0.006100212489243972,0.005951089918450281,-0.0021929025742811747,0.0016760182780910515,0.002026091876780045
2012-08-17,0.002168642179684932,0.005210809885249024,0.005351324798665846,0.01318505688243321,0.01067591203411733,0.007667287653354338
2012-08-21,0.0030206746935532713,0.002796676583664004,0.002787082578654454,0.0014856681552133377,0.0014781364861744528,0.0021775270742656616
2012-08-22,0.0001977133863495517,0.0004323217725263895,0.0027541475318131337,0.000828306227568909,0.005411047284367587,0.0028659563453063974
2012-08-23,0.002441439165706827,0.001842031747820494,0.0019741924008918055,-0.0031932611500498087,6.532380818646821e-05,0.0007006453444691196
2012-08-24,0.006874447216194124,-0.002612950145233328,-0.0015025986502359423,-0.010543538095453497,-0.012214948179657181,-0.009826218129004971
2012-08-27,0.0043180400716194,0.0027832139186831917,0.0014083894916367967,0.0058802283038548175,0.004698068649550136,0.003173800260831916
2012-08-29,-0.006054425976315225,-0.007947768423384183,-0.007459233695653489,-0.009281611547230062,-0.004639982884698801,-0.004367447006657699
2012-08-30,-0.0013877024737500854,-0.000785266542495,-0.006440958456772172,-0.012111175139381203,-0.00889954751827593,-0.009760453837882599
2012-08-31,-0.0014829120045860567,-0.001930789612972439,-0.0031911329674364497,0.00024143834183143476,0.0031542001564914823,0.0032663773217127545
2012-09-03,-0.0013752299597685758,0.0005238072226745327,0.0005907349860436728,0.005444143218368502,0.004184013346939741,0.0033080128549973775
2012-09-04,-0.005923191466862043,-0.007642239109512894,-0.005047393827759095,-0.0030354030802508536,-0.0033591821078940987,-0.002824537795115045
2012-09-05,-0.00037469343201101957,-0.0009785287766370665,-0.0025020273351241684,-0.001878824843249416,-0.0030364551775735604,-0.0019224962155383052
2012-09-06,0.0134681123862328,0.0072277454567635235,0.00558295621121796,0.004304755099689972,0.0035705681649429444,0.0026224868281763403
2012-09-07,0.009634918297135586,0.015852314339998452,0.0156856645829877,0.014446622342689786,0.014920263288705549,0.012884329651802862
2012-09-10,0.006372777919098294,0.008578010848029782,0.00854786079181502,0.009889998957787638,0.007595629189737441,0.010294732761734204
2012-09-11,0.0020665901253327235,-0.002188584950129302,0.0016870489650777643,-0.0020088963557521877,-0.0006148304736057764,-0.0023501533104274275
2012-09-12,0.0027990096547407806,0.0037226279096376214,0.005181372855400657,0.009583871138724387,0.006822705107196958,0.00570279074471669
2012-09-13,0.007200883617491716,0.009352899068417742,0.007962668389696947,0.007566611055519479,0.004942141443942782,0.006570914896006919
2012-09-14,0.0023578896843927666,0.004844339116808927,0.006855605267389819,0.0009374788999141348,0.002597552154627536,0.006338941192826075
2012-09-17,0.0007968228068879757,0.008639032764825139,0.0077378369975100725,-0.00251758706750016,0.0035058340444127367,0.008270794897828893
2012-09-18,-0.0262409060164831,-0.0168973974389951,-0.013281916568818941,-0.013296778082557692,-0.011866849199279383,-0.01323713407691307
2012-09-20,0.002149961728096894,-0.005284453110504517,-0.00638628957321874,-0.01685087037103028,-0.013515571840142626,-0.012246089453024855
2012-09-21,0.005732794865216384,0.005708189138274866,0.008264529647574514,0.005901315737227852,0.008915473797701079,0.008681234620543599
2012-09-24,0.0005996326299249066,0.003534556656236365,0.004458569466167406,0.0055859416416943475,0.00985697868065416,0.009145604937057517
2012-09-25,-0.008510680448793218,-0.004163015992572405,-4.449219032154339e-05,-0.0026708544353192254,-0.00029546166499039295,-0.0023190468676377307
2012-09-26,0.0011018403726139603,0.0029453700733033106,-7.246304276709026e-05,0.00558642721779079,0.005520982742685643,0.005265250336573768
2012-09-27,0.006423958322546719,0.00869993207735198,0.01112204917229298,0.018615718142513726,0.01340741543705759,0.011469362266260053
2012-09-28,0.01304286789108744,0.01265037863648355,0.00883299721721742,0.007834283252682095,0.008781139810398075,0.009980879040963009
2012-10-01,0.01212874945363751,0.009078472372207713,0.009350894190212955,0.010392609265114539,0.009046067944461056,0.006868409974600365
2012-10-03,0.010178344844030685,0.014719260246000676,0.012460387121716376,0.015049976087695649,0.01446578865684911,0.014621892986541596
2012-10-04,0.009554525378866696,0.007810047218183458,0.005492708752995901,0.004335248864760555,0.004195475000686066,0.003610568196739772
2012-10-05,-0.0005134963431093764,0.0006140259406068882,-0.0015961992649481394,-0.0009462731051451678,-0.0010885682974495214,0.001623138869687013
2012-10-08,-0.008033362568765634,-0.008976227742189757,-0.009949594579884424,-0.021794406130427157,-0.017287122793216647,-0.016630159184658933
2012-10-09,-0.0023982701950641117,-0.003874389350406182,-0.0028800015758483344,0.007479021237436934,0.005261813190522879,0.003812402507292756
2012-10-10,0.0033983709342233492,0.0024825822276550724,0.0038402072562657708,-0.001656264582584721,-0.002797823335365046,0.00094067111804641
2012-10-11,-0.0011571775544169105,-0.0023943674409258042,-0.004005896373666884,0.0008874649121421996,-0.001155368767191467,-0.002097687403142423
2012-10-12,0.0015706000426474187,0.0038187838614571756,0.006202853790615359,0.0005710255953215171,0.0012206928448321719,0.00210719996508435
2012-10-15,0.016609364428173956,0.013596561309835886,0.007810068915017787,0.008703404583693786,0.007027307659192905,0.0033729205058832257
2012-10-16,-0.0018635314001549386,-0.00012667195335103187,-0.00036109359703961896,-0.001953975482967496,0.0006310229383985622,0.00021802361085798694
2012-10-17,-0.002110785474328414,-0.005236474042972672,-0.004297976920927593,-0.003552034352802602,-0.005101239518180645,-0.0011170517084919673
2012-10-18,-0.0038790989762388373,-0.00446140512463622,-0.003986864319496242,-0.002835935375005594,-0.002271637744185373,-0.001095959856707851
2012-10-19,0.010703520856131243,0.009663141293080546,0.0064266656638574116,0.010249214975517118,0.009130598311756444,0.009119560697897544
2012-10-22,-0.00375160151726317,-0.002238711721929909,-0.004284454187044928,-0.0020195819618142874,-0.006728642484430281,-0.005781405189985267
2012-10-23,0.008923435917328248,0.009605201097253158,0.008673157457150804,0.009991613943001632,0.011215213906639265,0.009008094314946202
2012-10-25,-0.003772716811748844,-0.002851625346962261,-0.0034897531177099372,-0.003415760054463979,-0.00509152423006165,-0.002597461005670043
2012-10-29,-0.002949083713942535,0.001058078499739823,0.00035790891025233584,-0.00019469505630187456,0.005026399938195203,0.0011257482032347443
2012-10-30,-0.003143716166355448,-0.004518135674892898,-0.0029789584262681634,-0.0005072278997176882,0.002102926024762475,5.866033509871471e-05
2012-10-31,-0.0024589280376958733,-0.005330091546784765,-0.005013230487567744,-0.00494401016115964,-0.008716390969547572,-0.01111282470246977
2012-11-01,0.007737011654844972,0.0064001876555457304,0.006919646374236477,0.008618980820358724,0.006666770382506737,0.0030330179855155848
2012-11-02,0.004422134503957675,0.007363575352442142,0.009058189199455446,0.009200729622053538,0.011324918542394702,0.010192231328038481
2012-11-05,-0.0015603651657674078,0.0004657468195852221,0.0010187791356337517,0.0022499539818765513,0.0019349026386097368,0.004153009129012952
2012-11-06,-0.002925309913458851,-0.0013847836551348358,0.0001111148824151087,-0.004062652587817572,-0.006102933272305822,-0.002223823830202254
2012-11-07,-0.00022593299693685065,0.0025221527589280868,0.0002728361277306579,0.0040505036656839355,0.0036301383262864473,0.0027671071149384385
2012-11-08,0.0005383033753454392,-0.002419400648713599,-0.0026703698984514856,0.0033292596073377645,0.004763598469588404,0.0008778784679719376
2012-11-09,0.0041013445748392385,0.006343737576157249,0.004534914757055031,0.011352313347336995,0.009143977165096517,0.009000648400066424
2012-11-12,-0.0003795088655369483,-0.002708178673067496,-0.0028253973830479895,-0.012920561207392156,-0.008131079383851159,-0.006284134981278
2012-11-15,-0.0061094967441081005,-0.007678951446011384,-0.008942231686846047,0.008049883075270658,0.0031414099623032765,0.00792981527243275
2012-11-16,-0.00906329208060952,-0.0063709694570498465,-0.006566976832702021,-0.006679008111823093,-0.008725052243622522,-0.008794493489712507
2012-11-19,-0.005996437515881414,-0.009733275157160604,-0.0092253557998897,-0.01081567740393119,-0.009736980309338117,-0.011507662778069805
2012-11-20,-0.006141601103476058,-0.0052371772257099325,-0.0029607886694416052,-0.008789274934788538,-0.004170228770822071,-0.004476067786254645
2012-11-21,-0.002913366142060503,-0.0010949684847330055,-0.0006183085920226095,-0.001511110365249091,0.0031021482423627678,0.0013052258311760934
2012-11-22,0.011033796964220466,0.013751764287973423,0.012479476789025501,0.007830843678627186,0.007818090418046486,0.010356034630649269
2012-11-23,0.005621350712248008,0.0036614658024454183,0.0033625620284825075,0.0007010362453656604,0.0013502534068507988,-0.00044320167192468674
2012-11-26,0.0019507416769486419,0.0007493115686878493,0.0007875332368736387,0.008309741993283382,0.004472382314240075,0.0013669968747511696
2012-11-27,0.00559554429868836,0.004737732469686007,0.002300522695821261,-0.00018619142344011852,-0.002516639212864158,0.0013207914767401352
2012-11-29,0.015230965838920474,0.01250205404450444,0.00941832133437237,0.0023669899470035727,0.005172430922855131,0.007416121857527047
2012-11-30,0.01226129719804625,0.011300460755389485,0.011250072133462519,0.00948227296048687,0.013037037418979214,0.01497197946521256
2012-12-03,0.005828497332685201,0.006710301158322718,0.005105584011586339,-0.001204859794540436,0.005613541986502435,0.008211019826256605
2012-12-04,-0.008498966808150543,-0.0008833199036981654,-0.0009411514565357271,0.00729080726181186,0.0032430299963261966,0.0021008947265863664
2012-12-05,-0.0018167993499075274,-0.005465350150660853,-0.002954441075728176,-0.0022358779956502817,-0.003337913691830008,-0.00014504005122728536
2012-12-06,-0.0036180179625425746,0.0022625062541585805,0.00019304949047116438,-0.00509220553745704,-0.00486233806122105,0.0003460606377498898
2012-12-07,-0.005449029939134542,-0.004042200625262393,-0.003836528258808647,-0.002825055245445296,-0.002052064449152069,-0.00032088505437033454
2012-12-10,-0.002950867882452468,-0.0026817504417009363,-0.0021932424377358872,-0.004477367301445656,-0.0038881294111039466,-0.0052839666964846765
2012-12-11,0.00019521082342599527,-0.0014306504608363468,-0.0010872357392649468,0.0027620665936685107,0.0011351592930297638,0.0008324931046463924
2012-12-12,-0.002292207045680894,-0.0020320351079996524,0.0015236758550141172,0.0011581018888473515,0.001094346329452156,-0.0022388456328651385
2012-12-13,-0.006892278622802839,-0.0057778443162417314,-0.0037376575691816516,-0.0075916638789869095,-0.004216034450183925,-0.002876890384796771
2012-12-14,-0.0022249886717291556,-0.005059159476027308,-0.004648623355055337,-0.01676452410791085,-0.012808427624942165,-0.012305969912092873
2012-12-17,0.004328976206294577,0.0019299310697471483,0.0008198358706230646,0.00841243864177521,0.0061675821469100445,0.004623024659737407
2012-12-18,-0.006914749093423933,-0.004531677691802405,-0.001557292317459158,-0.008737428292798333,-0.0035785318328100946,-0.00013053696559828243
2012-12-19,0.00790229890613392,0.010021211651787043,0.009522329816638253,0.016933050930359572,0.01292718371609336,0.01278215453489917
2012-12-20,0.008888245544849793,0.004080678390200099,0.005865813800434161,0.005282366679694395,0.003505872521216702,-0.00015928817576116305
2012-12-21,1.1900882338489183e-05,-0.0023546897883343076,-0.004044868848419925,-0.0029581990996565555,-0.0030904339189194996,-0.0015338421089533538
2012-12-24,-0.006115458551370079,-0.005577632254609277,-0.006572606408133952,-0.004461820879476774,-0.0055518646069537825,-0.00831989592168314
2012-12-26,0.00022070333319135216,0.00020920305306582065,0.0006896568841638917,0.004343053075701375,0.0020536317842287932,0.0021923209633532004
2012-12-27,0.008034004905071335,0.011837505604727738,0.012451261480273867,0.01302212072614517,0.014037150958389866,0.01800249070940163
2012-12-28,8.821104392997547e-05,-0.00378723730447017,-0.004692310625981855,-0.01710298373532504,-0.0173688799965529,-0.01783354962029171
2012-12-31,0.0043545881292492705,0.0054874911772699875,0.004946138732334182,0.0014947339325068754,-9.940785470607949e-05,0.0017596286960739338
2013-01-02,0.016922136563294332,0.015693509475661616,0.014295455157693482,0.01850057071521327,0.022216023905025972,0.019607665546379938
2013-01-03,-0.007532055226613599,-0.003779953270592107,-0.00026812805716036614,0.01105139337277472,0.008588504460648183,0.00762839474113397
2013-01-04,0.00016431284022178083,3.491763635787848e-05,-0.001284736875323822,0.009509691458844838,0.0032214747653380726,0.005055563102343452
2013-01-07,0.0037328098392681586,0.004776510720818861,0.0050430892156498874,0.00040984705951796485,0.0024368583585863135,0.0017531528812839703
2013-01-08,-0.005577897401880083,-0.006585241719274215,-0.004260280896515312,-0.004344858640749627,-0.003474058496368504,-0.007037036977249889
2013-01-09,0.004979016251988266,0.0012195873604288199,-0.0004103640826069732,-0.002842485001403272,-0.002486180609396871,-0.0009162403711328038
2013-01-10,-0.002900539637557764,-0.00430601150450316,-0.002461346530279296,-0.0037442494898668466,-0.0025169479694827634,-0.004893379348058113
2013-01-11,-0.004520899641831222,-0.004810376820477247,-0.0055533766289403985,0.001869174953917918,0.00017381677998606904,-0.002842540046150699
2013-01-14,-0.005072195013228864,-0.0034378364776431747,-0.00562621936675245,-0.010741169706650844,-0.013597844434918738,-0.013905345051631324
2013-01-15,0.005883789183192212,0.004508721607550115,0.0027407935776841974,0.0029424147358514396,0.001470538523804965,0.005418449091155075
2013-01-16,0.004540105244263737,0.0030785144983667134,0.002918477019053123,-0.004189093825248236,-0.0024623393197725774,-0.0002305900571110131
2013-01-17,0.0019981571780127716,0.001055316513498994,-0.0009780065626906476,-0.004741551557943202,-0.007278013531749172,-0.009338682544624999
2013-01-18,0.003965464527273088,-0.00044492888727032387,0.0020624043191546093,-0.004784014019250438,-0.0019041977407133759,0.001840893772226515
2013-01-21,-0.005767565689254184,-0.00703722867244172,-0.004342344312914581,0.00013351644894288306,-0.00470178312589864,0.0020172643718594507
2013-01-22,0.0014085043860692092,0.00041020574360461914,-0.00140211979030469,0.0012796262104792788,-0.0023945240182648986,-0.0016204796930061605
2013-01-23,-0.005792494455677533,-0.002940777659823479,-0.001145619002615672,0.0004935168200022044,-0.001827095722870764,-0.005871858894005544
2013-01-24,-0.002660819918549384,-0.008142951429743861,-0.006426483559967111,-0.008506842607536425,-0.005939734381964157,-0.009067535407651595
2013-01-25,-0.00508180829142757,-0.005471674100624213,-0.005916199042067416,-0.008904746686365872,-0.007986099109320688,-0.008534945273019345
2013-01-28,0.0029086089190768494,0.007126944677030123,0.0090505771706475,0.011151402784157716,0.010730363746227267,0.01145243161417464
2013-01-29,0.007487302292266573,-0.00018197534099473334,-0.002382236045020525,-0.012543459348794417,-0.008568198869374544,-0.004164501106627916
2013-01-30,-0.00801288308599768,-0.0035593972279297503,-0.005497275481630037,0.002786107670467608,-0.00022496852419273683,-0.0013861643005911306
2013-01-31,-0.004400240059134641,0.0029435391104910558,0.0028761443507547835,0.014098925226540437,0.012381510402325269,0.009776849444274038
2013-02-01,-0.0018971338929781867,-0.004705200010734156,-0.002650412033351923,-0.005890106823732699,-0.005905290890752313,0.0007871005374591178
2013-02-04,-0.002840585382974381,-0.0051150484278083,-0.0031416657085096,0.006293469315928668,0.006378541761897116,0.006349700509146405
2013-02-05,-0.009898866709209142,-0.005614274184644885,-0.004678074959608147,-0.0069838386060525615,-0.008711609950817767,-0.010971284465510212
2013-02-06,0.004098305871555574,-0.000488420141695034,0.001829667146740599,0.007111352494899137,0.008298963510431578,0.007718460907047309
2013-02-07,-0.007458120659493805,-0.003684576713926635,-0.0047609652438815875,-0.010272193014711495,-0.01401722738301947,-0.00966673538048135
2013-02-08,0.005342809488993794,0.004837967457289594,0.00343338321555664,-0.008050372634289205,-0.008726345694704207,-0.0101123457436042
2013-02-11,0.0008112155678969835,0.001944571993689026,0.0006944884673023566,-0.006530784486590058,-0.006839821316663719,-0.009125636302948381
2013-02-12,-0.010254573409206436,-0.005372646581565221,-0.0038590941971291537,-0.0047347774085775285,0.0017370492397081883,-0.0002059553722166818
2013-02-13,0.013179417870534227,0.01002724499221963,0.011207230415761993,0.013468768312205004,0.016387925588033037,0.012881124352120299
2013-02-14,0.0021374010143810906,0.0008747563997708596,-0.0009530232988689269,-0.006098461406151556,-0.006116324706902376,-0.0049439799372096305
2013-02-15,-0.01247043110344248,-0.008377261141841341,-0.009064369087511515,-0.012285040816208515,-0.01506698182503563,-0.020032424744849564
2013-02-18,0.00117901829031819,0.0015370438240338569,0.0012629549984179977,0.00936908040603135,0.011757607519371938,0.012364368972965778
2013-02-19,-0.00106391099611447,-0.0032982381302504304,-0.0026065968345825308,-0.0008135208010551231,0.0008078607793147174,-0.0010538880426609332
2013-02-20,0.003981741594622168,0.004033608994148619,0.005116982089274691,0.014638914143076276,0.014664623519052844,0.01579378798178266
2013-02-21,-0.003353630715894118,-0.0010310999676707011,-0.0006132664659598275,-0.004605994175664874,-0.0025623928426525833,-0.0026085343215261902
2013-02-22,-0.005951943535348225,-0.005382404645452699,-0.004636557476693337,-0.004534834877874094,-0.007492809603819595,-0.009852578215469254
2013-02-25,0.0019716768982609434,0.004888892148715573,0.005062097804703347,0.009310202606223283,0.011043088302132187,0.010569052481484764
2013-02-26,-0.0027017685165015015,-0.0017305559834113193,-0.0017014345129698905,-0.018124583652848858,-0.0161912970263981,-0.018139029093373282
2013-02-27,-0.005813764794385667,-0.0044281451642800285,-0.005621844712066171,-0.0032291937583893704,-0.002441286975681245,-0.006453176587590592
2013-02-28,0.004418118449852848,0.0012432371053230362,0.001319885378123331,0.003483453819404181,0.005085803172620418,0.009979841471494888
2013-03-01,-0.005813881347579208,-0.0051648829613009095,-0.005165999393568099,-0.015300014512769966,-0.01593727676064638,-0.017763019567094918
2013-03-04,-0.005112072661088707,-0.005750370802187543,-0.004732496668955144,0.0031973422730517953,-0.0009338569466840196,0.0010728731337703579
2013-03-05,0.007813673424614809,0.004990293181777128,0.003911434960544469,-0.007354363419891485,-0.0051255963607926835,-0.00407385469729149
2013-03-06,0.020225131901125737,0.015051808714852344,0.01120572907219497,0.015440079160299325,0.01866359957806374,0.018731656299449728
2013-03-07,-0.005161202814412014,0.00027705083621198945,0.00046985641353680663,0.009410748194349727,0.005732571460854929,0.0024894098926351305
2013-03-08,0.012998281436567005,0.008721956864053304,0.007374729271415914,0.008509759919440363,0.013396908457700807,0.013215299610772613
2013-03-11,0.0050047792959648785,0.005248359513312151,0.004746422468162814,0.013074685508809969,0.013827991457640687,0.013355580620411533
2013-03-12,0.0007792681582980965,0.00021362454971129985,0.0011605947911401682,0.001426363351165305,0.004642366878461424,-0.003368344332136841
2013-03-13,-0.006137350189337809,-0.006581885216617955,-0.0051320554496220305,-0.01549675692900776,-0.015160191603441509,-0.010733928114316726
2013-03-14,0.0025350823110723564,0.0008870962045195441,0.0008573138660841195,-0.00594469839841294,-0.00869087494871712,-0.009482759630354276
2013-03-15,0.0009475625915293939,0.0024761755351940806,0.0015913208897659903,0.006018751825534574,0.0093264844520764,0.01012778979198048
2013-03-18,-0.006197730885796782,-0.006257086809540735,-0.005217284876774864,-0.00797696815703497,-0.01236546329831334,-0.00968012273846719
2013-03-19,0.007465825108525115,0.006424204064457095,0.005269170597353545,0.009625360561600127,0.006757555778821311,0.004958591829848924
2013-03-20,0.002034920117401473,-0.0009470434479058598,-0.0005379826340419225,-0.013044980278575702,-0.01656176506787188,-0.016981207348919725
2013-03-21,-0.014568407995677157,-0.011469497441654708,-0.008985720669162922,-0.013861425459116838,-0.01163819439589675,-0.013625041072118038
2013-03-22,-0.0057244262996015705,-0.007599665243341436,-0.005886838956859375,-0.007139229220593624,-0.011023675084370299,-0.012877925444724547
2013-03-25,0.0008886906728355903,0.001962787541163191,0.00123005579103741,0.013437219680704215,0.00891589248198943,0.007655928638460763
2013-03-26,-0.005723710311353658,-0.0039334370942288865,-0.0035694693730468074,-0.007086359302689416,-0.0054426071667008635,-0.006781579534533844
2013-03-28,0.012168712658602754,0.010305807968062464,0.008501333645527298,0.0026538807827309885,0.004272326439446195,0.003078440163957863
2013-04-01,0.0006342769265907933,0.0024040658544213223,0.0008530962313368917,0.0025285571066282486,0.003719845550154588,0.0003719654017118046
2013-04-02,0.000523944222331707,0.0002501754034811565,-0.00014681484353851193,-0.005329715901173482,-0.004557517801201838,-0.0005473362787551395
2013-04-03,0.014379052174720686,0.010330022460935728,0.010854647536153061,0.012076600696866446,0.010922900759384735,0.011215567652940406
2013-04-04,-0.007202983058736678,-0.004391804350475481,-0.0022569731847136287,-0.005181368453452406,-0.011504741986183675,-0.010159191317561711
2013-04-05,-0.009897543881238868,-0.008854669127841941,-0.006434167252210687,-0.010411780772976331,-0.009674599349982826,-0.011386396046173641
2013-04-08,-0.0016328409252305276,-0.0012879077140479644,-0.001177102719317924,-0.0030874144396594305,-0.0030402006414842475,-0.002307647412154834
2013-04-09,-0.008397284936645155,-0.006010042447067709,-0.004778130911513023,0.0018942032591044988,0.0027552061997269117,-0.0018111130660068975
2013-04-10,-0.01054749838378466,-0.007667916112311102,-0.004308212064745853,-0.0021808097311779573,-0.004131443648967115,-0.0058632895962758
2013-04-11,0.006058536540803239,0.008010476354053386,0.004738485552132188,0.0037483596566563193,0.00657196469443555,0.007184274782677802
2013-04-12,-0.007970765007047187,-0.01469700920234196,-0.010388596124975114,-0.018334282510101496,-0.014567484397006059,-0.011973234700306756
2013-04-15,0.00042036578196391616,-0.006380881207314726,-0.005138286089241162,-0.003359950671335876,-0.0009129552566845556,-0.0008651787076446871
2013-04-16,-0.007982707291968927,-0.009761283959217049,-0.00802273538733611,-0.003156595838785803,-0.012215004297740362,-0.010858585911051044
2013-04-17,0.015764836434351004,0.014656363217907531,0.011877675432023338,0.008934892109780712,0.01571743896268507,0.01332798459316642
2013-04-18,-0.0037103972494630932,-0.004056822410605676,-0.000489590027495268,-0.0031652280133503963,-0.005652530420214075,-0.0008763463332487342
2013-04-22,-0.0065167308650313505,-0.003633759960209648,-0.0018936022105553452,-0.003240622866791054,-0.0016822978933879185,-0.0014356956162823176
2013-04-23,0.007796512719377313,0.006718846052586436,0.004986520917350301,0.005802911327392746,0.006859257896548732,0.0068411932596132985
2013-04-25,-0.0026392096174202573,-9.8390902278922e-06,-9.083072301763195e-05,0.010236899262194843,0.0075419472834599155,0.004349162344022828
2013-04-26,-0.0017350189375997527,-0.0036088137114079766,0.0008658657268922898,-0.006368954958457795,-0.0009548387458880869,0.00209541655674772
2013-04-29,-0.013809658305231176,-0.01052152434865139,-0.008944364290079387,-0.004797879439987662,-0.006639860192788283,-0.0071852812281838485
2013-04-30,0.028142337264553507,0.02209837931776737,0.01853607636299648,0.0005256601694487717,0.004689946466571504,0.005447688935193762
2013-05-02,0.012774163639314828,0.008318592527774449,0.005267777274849728,-0.010701562964308686,-0.004695755688117531,-0.0029621559320118784
2013-05-03,0.013025252575658453,0.012363548878135289,0.015814941881057587,0.014267426629995583,0.011822325390683952,0.012432992639134666
2013-05-06,0.009585586040981697,0.005359797140468636,0.0032682295308770204,0.002434094207334425,0.002139831001326309,0.002615405620352007
2013-05-07,0.00692294778053637,0.003961719381035733,0.00472411352293256,0.010929932216236837,0.007800731531030225,0.00654216887740966
2013-05-08,0.010022286683366577,0.008859894141303615,0.007658751879150882,0.00891202560330906,0.00877899453770925,0.010498422800207852
2013-05-09,0.006209472249162129,0.005627188814375295,0.0038485927314453328,0.0047593242658861,0.005588726891993634,0.004910454666407826
2013-05-10,0.0024631844463753882,-0.0011973154315511048,-0.004607627967162964,-0.0006115221856830555,0.0017520603131035983,-0.0023256771187304404
2013-05-13,0.010794256624253151,0.01141614488658571,0.01346628292049834,0.018509109474621477,0.019296400787818913,0.01876482388543166
2013-05-14,-0.009490361471591768,-0.00847858600137541,-0.010236078777263846,0.004197248648342589,-0.005992332474755946,-0.0060677997811406925
2013-05-15,-0.0006082850991134814,-0.0014116113089013282,0.0013298333139404317,0.006430299615024282,0.002146955804830597,0.001390943509192999
2013-05-16,0.005353003245033072,0.012510794467184283,0.012696788519016344,0.003484633756527522,0.011306250593162481,0.011220652629127414
2013-05-17,0.011077539631338063,0.014195998559661582,0.012779219875627135,0.006624140251861199,0.00914040647047032,0.0124332823504969
2013-05-20,0.0007354411800510885,0.003444184098352787,0.0001325525629518598,-0.002604931197464855,-0.0037681827517536126,-0.0009796681322788992
2013-05-21,-0.0065963869954459575,-0.008360647604525817,-0.011761896439409059,-0.006084204035179508,-0.010664379895790277,-0.011331024666632272
2013-05-22,-0.004057677049546848,-0.006817163372806356,-0.006665746570267972,-0.0016446836578927204,-0.0029734584973220013,0.00030961305902588165
2013-05-23,-0.0029498987024118017,-0.005746342350181566,-0.005434176935087853,-0.004632468292727121,-0.004002941923712866,-0.0032193190099898406
2013-05-24,-0.00020196623084089982,0.00027473206059647204,0.0009207767959447111,-0.002824833878121269,0.0002012438186418386,-0.0010303717343462804
2013-05-27,0.005301805771004142,0.006941596526269356,0.0032504514663056483,-0.00020942663449996513,0.00019326002555986044,0.0020292661472729456
2013-05-28,0.0077154171981472786,0.010375909329171318,0.01735449913395981,0.0054251351213376875,0.015559201973862402,0.00804139184693442
2013-05-29,0.004199177235900242,0.0032534128792380823,0.0019477087344204058,0.005364701489302126,0.008176684892855501,0.0036665012182248713
2013-05-30,-0.0035144880962018066,-0.005361035530501379,-0.004546556312357897,-0.0047285859597472335,-0.0025832858115635293,-0.00159193328192897
2013-05-31,0.01852816502707877,0.013740583787648086,0.010976193426494474,0.004309225359696578,0.007634384336226541,0.004222642839217583
2013-06-03,-0.0009962675597502413,-0.005445946159706616,-0.00969028918514725,-0.009816682279962907,-0.001375897540916493,-0.004785641287346931
2013-06-04,-0.0032049464654024806,-0.002652061991458843,-0.003419052172238035,-0.004278188061003663,-0.007825099770693233,-0.003853694644954886
2013-06-05,0.0022521235862127398,0.0014465856936674015,0.003629770734315807,-0.0046991962633525786,-0.0004525323361346256,0.0014375732329048319
2013-06-06,-0.00807565752445527,-0.007361641483360382,-0.0035844061837083663,-0.0007898229317856442,-0.005722630669414919,-0.005200970650545589
2013-06-07,0.00418066793614047,0.004164856284061269,0.0005438043736596399,-0.006842230259618609,-0.001516569156217562,-0.0022531899867466176
2013-06-10,-0.0007509296235633789,0.0010927819448602882,0.0007283439973080341,0.006751130001123373,0.005667226472668485,0.0030176156784404995
2013-06-11,-0.004130863477484259,-0.006472171328982812,-0.011095918688911799,-0.01931902302516475,-0.010726361157861852,-0.01290842389690905
2013-06-12,-0.007936229657231841,-0.010054098888298557,-0.011730895278364573,-0.016792568007166664,-0.01556268351266299,-0.012462602454706762
2013-06-13,-0.011715159660094732,-0.010400047836821247,-0.01113549375577838,-0.01204310955105381,-0.011761819983678867,-0.013274373962437691
2013-06-14,-0.0007819199004509558,0.0009186877951814498,-0.0005658954878463573,0.001763614893021792,-0.0004576971908151206,-0.0027525986647948253
2013-06-17,0.015785241453347476,0.015325578372823667,0.011856445385161507,0.005548065276655967,0.01043931925846775,0.010965394807727513
2013-06-18,0.008627546957240106,0.004614903563253003,0.004306954033289401,0.010683786744638546,0.005382615888838149,0.006978675159160064
2013-06-19,-0.002117199978055928,-0.0022153919767821106,-0.003291444195730686,-0.0016100129619133208,-0.0025007562938550443,-0.0024656380016155888
2013-06-20,-0.003870799347031939,-0.00779699244336185,-0.007199151251434666,0.0008322647770246938,-0.0050889903214969,-0.005912692752912507
2013-06-21,-0.01149570765910135,-0.009796290341894665,-0.009112501800169315,-0.007081172801287616,-0.006175807430557123,-0.00789207922873425
2013-06-24,-0.0013284213222206631,0.0019084496374832671,0.0017759795721634664,-0.0023825060835551692,-0.0012854184568704685,-0.0030415597960927743
2013-06-25,-0.011918710791648301,-0.008380979741850925,-0.007300748943085855,-0.011385332114290936,-0.0096608491410477,-0.009042519877457744
2013-06-26,-0.001679321670339795,-0.003472303393151188,-0.00017682451561662482,-0.011114714797416436,-0.008324910007408648,-0.0058747845444584446
2013-06-27,0.009117454653740698,0.007988701636931994,0.004053714393078334,0.0039673962306920885,0.007217797089348776,0.003998557121712709
2013-06-28,0.00383264258942706,0.006120379565582423,0.006849143199232799,0.006928031288664593,0.009609552082151973,0.006859308054922186
2013-07-01,0.010747821228647814,0.006715665825864026,0.007771279369562789,0.005943279421689374,0.010950762796227975,0.01046263900269806
2013-07-02,0.010188059258255944,0.008741393711440892,0.006938379520552651,0.0030522342265610902,0.0014986300298347466,0.007144750178528669
2013-07-03,-0.0095299481406943,-0.009810922547230705,-0.007286271234938524,0.0017017073256779813,-0.0020574991418219613,-0.002762412916598511
2013-07-04,0.007174615577442145,0.005143678348419334,0.005352964492243872,0.0059727256775816695,0.0010198614608760703,0.005886964784497906
2013-07-05,0.02376692122823232,0.019883359885761287,0.016357579952050783,0.016680082348275116,0.01949407881253662,0.01793209150499564
2013-07-08,-0.012844531806812776,-0.014216331848326713,-0.012057455101269987,-0.00895127171219734,-0.008941479836646282,-0.00991279421725988
2013-07-09,0.004069299021133732,0.007151262491036148,0.010744407605187245,0.016692590814150865,0.015237182729382237,0.012478921894612194
2013-07-10,0.00769066820554154,0.007417446876188727,0.009055641456463093,0.011278230782815202,0.010325764856112363,0.008944715277912962
2013-07-11,0.0021232916720332895,0.003416078670904099,0.002145595805081113,-0.0010128829986972843,0.0015676650441007745,0.0031645026764257622
2013-07-12,0.00557380689750242,0.005011469977822758,0.00605225736973769,0.006595378357637571,0.007182995194423558,0.006603958682128708
2013-07-15,0.004054662044645108,0.005182392061717556,0.0014216176504711076,-0.004436030325105866,-0.000643767594992517,0.0014265760220555368
2013-07-16,-0.006858948948224142,-0.007916541930343635,-0.007251869337730699,0.00352125937282155,-0.0024964524632328233,-0.0018006148443294734
2013-07-17,0.01825172910342099,0.014667236862675015,0.010469457226169432,0.016799008808997096,0.01536005393323836,0.012908557736643456
2013-07-18,0.024914854340984727,0.0219061460472465,0.013746187742067484,0.008912858759445808,0.01304948736224687,0.012300632453479565
2013-07-19,0.007759239659043571,0.008393416960735145,0.008612934933736272,0.00839754089131528,0.006054483455717241,0.007620049529020179
2013-07-22,-0.01164947872123645,-0.008581359541319444,-0.012286460812960809,-0.02354234715110226,-0.014293146773673437,-0.014016411969292486
2013-07-23,0.01071965636773875,0.006993630579750221,0.010923353702654515,0.009967671237132825,0.007731649587142231,0.007976292285630793
2013-07-24,0.001919406993590389,0.0007112034925920163,-0.0029237564969992746,-0.014619504622295332,-0.004508734225834532,-0.005653385456810822
2013-07-25,0.0049070284666627995,-0.0026653030655644505,-0.0019115255169990242,-0.011481887062453233,-0.006747928416388604,-0.002898398509092681
2013-07-26,-0.01444777520700391,-0.013865935262727724,-0.008276593146292033,-0.008161498540263601,-0.009821565397859722,-0.010853890575747371
2013-07-29,-0.013130324333169852,-0.008423194197672013,-0.004461651447912662,-0.007451646008346469,-0.00907493330478748,-0.008380418530951061
2013-07-30,-0.012488213613950583,-0.010686344147255222,-0.007986024674648262,-0.011707506933181233,-0.00930899561561982,-0.007319387666922306
2013-07-31,-0.010072750449418688,-0.014400293875944215,-0.014360767007466468,-0.01995994687777336,-0.01885898082295867,-0.01674220910958102
2013-08-01,-0.011674965037481777,-0.0004225890629553364,-0.0007113440750696753,-0.008276724426595994,-0.00011601092307067518,-0.0023349033078360337
2013-08-02,0.003537211831963205,0.0025265472297031355,0.0017173986430951693,0.006288150426451589,0.003056818992003718,0.0029393829204493738
2013-08-05,-0.011457043934049782,-0.012840833431336574,-0.012609100652024474,-0.0016693572877719554,-0.0036479109267607557,-0.004315733129270138
2013-08-06,0.00903015013422559,0.00700719534135219,0.0026879034792657297,0.0014572964324879312,0.004898369993904694,0.003663132725880258
2013-08-07,-0.005889165393965778,-0.005611853506311992,-0.007225207804558043,-0.012474893409984866,-0.008003007614917346,-0.009505053381737905
2013-08-08,-0.023818591158023428,-0.017241219777790695,-0.01806467293033298,-0.037483586740925556,-0.03386495650264043,-0.027747511288262472
2013-08-12,0.005706458283079252,0.004680226372513641,0.006258260795448667,0.007944923557242856,0.011079079200090769,0.015054897942440526
2013-08-13,0.017443712980864,0.014599161104744907,0.015523957362843843,0.017705942672857633,0.018836819057507226,0.013982306442186676
2013-08-14,0.005646675187089389,0.009045431131849524,0.009471325936109443,0.01157875227214511,0.008815091360614424,0.01057517774379746
2013-08-16,0.003394208127136533,-0.00024325175906847463,0.0012420305564468936,-0.001239245658526844,-0.0020839202150478853,-0.0047278706581759256
2013-08-19,-0.009627471581720948,-0.008067538587284595,-0.008291441273485578,-0.011303842743002668,-0.011023939416595296,-0.012625630842880486
2013-08-20,-0.023940908392992344,-0.0216833996540714,-0.024511834312794356,-0.026004837475687492,-0.029415244588425482,-0.03240209832951546
2013-08-21,-0.017753692185292103,-0.013708837306999677,-0.009784749012992977,-0.013780220764839202,-0.01154143846960709,-0.006987035317913448
2013-08-22,-0.014446498598855051,-0.014811996511581937,-0.018727474470868977,-0.02098911347261012,-0.024468400652359,-0.03019346618308061
2013-08-23,0.006383052024118152,0.010884107590109604,0.012647624636145993,0.021321723922595126,0.022898880736134997,0.022104868041924908
2013-08-26,0.014193460495423693,0.015967472499366142,0.01296225817128649,0.024793402758130023,0.018134516892745145,0.013052317826692805
2013-08-27,-0.002552677210297727,-0.0012211872664400492,-0.000636840709215547,-0.004647543591320913,-0.004186202819772777,-0.0023635345614211323
2013-08-28,-0.006855649673278008,-0.007628329906781528,-0.008651520682223302,-0.011774618029543715,-0.015374858017439097,-0.013659494300292785
2013-08-29,0.009137068432423012,0.007639823390241274,0.007509407660291512,0.018041847797942268,0.014820393385178265,0.012646255520525118
2013-08-30,0.01976844794768562,0.014284954655442883,0.012550127366637298,0.01145957040989165,0.017266592573141448,0.014851589373536589
2013-09-02,0.009270789222026732,0.007118791160309668,0.007704656205966831,0.013265059668025714,0.01322980734172563,0.010504623217046483
2013-09-03,0.025882541914965973,0.019380057548804785,0.01647788478203216,0.014573080041368591,0.015437972010075462,0.016242873093022192
2013-09-04,-0.029986218985973867,-0.019385210880536796,-0.01940295776980605,-0.021831282560426435,-0.022307091506385324,-0.02279293598725174
2013-09-05,0.031513478312449106,0.02200320629702701,0.017472378590424276,0.01881536139799711,0.025067662000977098,0.02216675217325559
2013-09-06,-0.022521408632837248,-0.018241623183780864,-0.013333731155974915,-0.021070319895209688,-0.01868720514877753,-0.0165901860963531
2013-09-10,0.0024285532522001496,-0.0010012615197689811,-0.0011582495759937528,0.0010174610698416853,0.004117932260477408,0.000267196269335912
2013-09-11,0.026799989283851966,0.021571429959670763,0.018524394518923737,0.022692137471691742,0.01572074216064845,0.01934534223548523
2013-09-12,0.009822199432235834,0.012261552105341522,0.00971377653574601,0.005201147187879895,0.004203243589242067,0.007162643255413714
2013-09-13,-0.015900261927615067,-0.018106305704679082,-0.015139064234211852,-0.015853108648356207,-0.013280950590536689,-0.012738949714665715
2013-09-16,0.001605955457781194,0.0026329338049539963,0.004803411839485294,-0.005710949683682687,-0.0019004704396771155,-0.0014427600546824682
2013-09-17,-0.02795379707406198,-0.027826404425761897,-0.02022085002962204,-0.02380292666341055,-0.023449703256868792,-0.022244470836305097
2013-09-18,0.016043862648551288,0.007025502500289882,0.0053469657324582975,0.015956552148370218,0.01499106768739722,0.005711224891486566
2013-09-19,0.02031008415629021,0.016690724578624083,0.014539821536568631,0.010970568276376103,0.01915670852926632,0.016045058451528815
2013-09-20,0.005489435743296189,0.005672753101725769,0.0042799988039539105,0.005146465964121161,0.0004086117522867916,0.0017630817229778994
2013-09-23,-0.015302140039662682,-0.012601289217983092,-0.014722032452797351,-0.015348593887349105,-0.014831694427956621,-0.011872275391590748
2013-09-24,0.0060964373157661456,0.0037659632180229163,0.0014590293530127862,0.011360090353763619,0.008379377495188356,0.004260823990215545
2013-09-25,-0.00175237803849837,-0.00018581210660606473,0.00022277862987585273,-0.0015917704050123493,-0.0010945344108436172,0.00152919230806714
2013-09-26,0.007929293286872197,0.004691010319053834,0.004405525242907382,0.0008282128768157815,0.006941674049807389,0.006480558920820778
2013-09-27,0.003320042806699952,0.004342083800983554,0.0017351609376108357,-0.0019412160255503075,0.001398370740704813,0.0005627374718217837
2013-09-30,-0.011889229000923152,-0.006750591551194618,-0.004057817376573625,-0.004986613280962837,-0.007820014546090048,-0.005325025464609334
2013-10-01,0.003232013659114852,0.008823705586533448,0.009505110326921473,2.5380833620136656e-05,0.005952751016468749,0.006600181614430545
2013-10-03,-0.004964552044051329,0.000574740268803442,-0.0004998330899214087,-0.002284338566488797,3.722229587577175e-05,0.00010473808140742946
2013-10-04,0.012208382520844774,0.00915805808395942,0.0065614056830518575,0.015683741419975306,0.009777889982245158,0.009416406500158514
2013-10-07,0.007158204408662439,0.012487878928768792,0.008833962233820492,0.003943267806878259,0.005658191493153719,0.007542501495928944
2013-10-08,0.017578159765245793,0.022879207939663138,0.02187372677279842,0.019048068842386634,0.018972969994813793,0.01934308117795247
2013-10-09,-0.012413055923321314,-0.008642636240178025,-0.008571668826294676,-0.01640419876163668,-0.012926319944652653,-0.012275415417526525
2013-10-10,0.00915884785993959,0.014992857423883788,0.014724731213077602,0.016390871578396027,0.010947200815277336,0.01427986978569784
2013-10-11,0.012708997530699317,0.014758286760655492,0.01265882883224112,0.017256532414938963,0.015569961105331487,0.014838528167635534
2013-10-14,-0.005860480680908942,-0.006629180593524353,-0.0037214800598142084,0.000792763999114765,-0.0056760130116673135,-0.008241245589733603
2013-10-15,-0.002163536746172978,-0.002140869526677247,-0.003238235110969545,0.0106396835926037,0.007423632332740349,0.0031611566107765388
2013-10-17,-0.00675034285664633,-0.007619918700709327,-0.005727870256398093,0.0026250162609402494,-0.005131710259093425,-0.004617416079694681
2013-10-18,-0.014826283785829841,-0.012219666152781694,-0.006569821117034524,-0.02069341923562451,-0.014884151743522422,-0.010669861377764711
2013-10-21,0.023957455028362773,0.02427567119758689,0.018591198455793823,0.02248173456385616,0.020258843621057343,0.022790522079881415
2013-10-22,0.004722807228724646,0.004551977727013101,0.0025800681141641135,0.0047422803296997,0.004539887397383424,0.005151809400962826
2013-10-23,0.012831916829793455,0.015392585733228437,0.014424898210462445,0.006104872105232806,0.004110806060817929,0.009825035434577689
2013-10-24,-0.009340496714363766,-0.010235640242343469,-0.007631233201535137,-0.010787575995229948,-0.002478945676085864,-0.005630364043254676
2013-10-25,-0.010811402518054902,-0.008186384675696323,-0.003951054552436051,-0.012624478749830859,-0.010203165925687152,-0.00617419738993874
2013-10-28,0.0028289974751787295,0.00502218589119896,0.0037166655627893785,0.006957229384967123,0.003623961907985862,0.004965080699905311
2013-10-29,-0.021025818503524585,-0.021628217060052468,-0.020018541482944796,-0.012558792824532428,-0.011935575480730098,-0.014197289860302553
2013-10-30,0.027106281263668874,0.02477331421943907,0.01860285025014008,0.019859705017833518,0.020418357640584306,0.022733212092768573
2013-10-31,0.003483367186534414,0.0044577229774793725,0.004243247693936469,-0.003970810674652658,0.0017191127294582387,-0.00025470827385354333
2013-11-01,0.002998703794697466,0.0011645818710419586,0.003181489110078095,0.009942708281143409,0.0045430109854533995,0.002476263764574993
2013-11-05,0.005578057909412681,0.0007106762053681326,0.0026631861192969453,0.005075393969399933,0.005482822567344892,0.003392262621963793
2013-11-06,-0.0061316284209840255,-0.00711466644350911,-0.005072537673022848,-0.0010989298940665693,-0.0027098530900120377,-0.0042457156005334395
2013-11-07,-0.0001689989744363407,0.003956823152639455,0.006025106995049212,0.004727524433000063,0.005039344205266527,0.0025038178034408887
2013-11-08,0.004361100321928824,0.005144779618726947,0.005592175637042285,0.008535003158030463,0.006100839281941717,0.004697750232392162
2013-11-11,0.005884170447763015,0.008164273793141552,0.0037301785719590086,0.007531380539587351,0.00429511964879592,0.0018849474922000287
2013-11-12,0.005264370091231374,0.0008465694680401814,-0.0015698443445534283,0.0009205055139887008,0.0018362250599484042,-0.0014312804698037862
2013-11-13,-0.009780202957816564,-0.005142990188319541,-0.006551733638456292,-0.012767728129719602,-0.012098363702572335,-0.006460396065191998
2013-11-14,0.005823618172145606,0.0026920222296966667,0.0034555031947196557,0.0036477199669726623,0.001344788672739794,-0.00042020619270988213
2013-11-18,0.007290639598177329,0.00752572265451068,0.005104560187474405,0.010506767641014214,0.007137141285566084,0.008796420677360084
2013-11-19,0.011302498314238463,0.008543972855418414,0.009627410447941909,0.007862789040901985,0.009073397433248642,0.005023383593223629
2013-11-20,-0.0037102891800454563,-0.00016386671671841935,0.0008622840337109139,-0.0005873633655036903,-0.000104057966254123,0.0016796348925651738
2013-11-21,-0.006833651491976789,-0.008717183656902439,-0.008513803151521726,-0.008727530783517512,-0.007059638067944629,-0.005435236281848943
2013-11-22,-0.0072376735999645225,-0.010270288209355605,-0.009564629507215927,-0.010586692362905326,-0.004445197820446389,-0.006424033921557992
2013-11-25,-0.003388028090719142,0.00042193466373441346,0.0014917179865194807,-0.0025715277812212722,-0.0016968597290235587,0.0035992641077533527
2013-11-26,0.004420013321381866,0.008753047960592397,0.008367585604646344,0.002105149445214005,0.0036400601449477765,0.007048024858045343
2013-11-27,0.004416960517229507,0.00429613596393108,0.0013703011283832112,0.005830700650442333,0.004300649801924905,0.004648161239343418
2013-11-28,-0.0011327825157384508,-0.0022139298924697126,-0.0016798134145109556,0.0076674133204466255,0.004366069693333197,0.0013949944401558945
2013-11-29,0.0014849532922414088,-0.0005549199506417191,-0.0011534532479622328,0.0029832588544169703,0.0010427279044031845,-0.0003912744288375736
2013-12-02,0.013794015127205128,0.012451508938741362,0.022982255248668704,0.0034328471912141723,0.005424363968213219,0.005739266150730948
2013-12-03,0.009766384146634666,0.009074857018680937,0.008469355169678394,0.010836924208977639,0.00924754181536569,0.006363055366316761
2013-12-04,-0.0005016019532315674,-0.0009678563063481027,-0.0017092612960177833,-0.0019416865999613009,-0.0010411727165972051,-0.00044397927002759463
2013-12-05,0.013055190681659168,0.0092151430578582,0.008920072541326762,0.013898356567910275,0.01314777130086986,0.012289156683573887
2013-12-06,-0.01504026249226642,-0.01503725201285111,-0.01283919810638312,-0.010607123309213429,-0.014310777155383536,-0.013236371058840346
2013-12-09,0.01958811949150774,0.017343118031112992,0.02085529970463562,0.020593575093107663,0.016769829604425412,0.01930372629671706
2013-12-10,-0.005423292597423801,-0.007591148132938819,-0.009580831450074045,-0.0037381283688272537,-0.0035919176859957602,-0.006209260317277643
2013-12-11,0.0023842924044459313,0.002308125780463355,0.0038056093802545377,0.017389300508114047,0.011621285923846036,0.010459281150950517
2013-12-12,0.000300428891496729,-0.002810135112175427,-0.0035367382835326255,-0.010360423818442044,-0.006327033259786341,-0.006171233513578178
2013-12-13,-0.0018524296748615443,-0.0026130344147314855,-8.77736259413675e-05,-0.007414619549986234,-0.005999327473434679,-0.006511890824219879
2013-12-16,-0.003934262322235149,-0.0031489953251531144,-0.009508331504796574,-0.002496506462797865,-0.001963285369139589,-0.0033822333863631204
2013-12-17,0.008760152992401737,0.011558397000470899,0.00808438925575694,0.014268461130322985,0.016336293036526284,0.018358340626204006
2013-12-18,0.0008089524551828653,0.0029720287075594154,0.002808115695484892,-0.0012418803792326738,0.0005122199356815127,0.0019670494086065915
2013-12-19,0.01309031835965957,0.010855879275994518,0.013644047581288232,0.023645364507693056,0.01643860177448908,0.014037006626163695
2013-12-20,-0.0002481522456474483,0.007006953846696584,0.005375583136343787,0.008005449825728705,0.007381869829923726,0.008201029391889492
2013-12-23,0.008258923121433837,0.013459717651439718,0.014387940767316643,0.012233546822967956,0.017589357047881782,0.019809283433886327
2013-12-24,0.005226197488167772,0.006018868148919498,0.004588910782733491,0.010600049900038933,0.0050717386868273096,0.007586089977819732
2013-12-26,-0.0012671102152371772,-0.0027740106448440605,-0.00041356655694546607,-0.003696339966410611,0.001875587045464533,-0.002452428722871325
2013-12-27,0.003667958845685604,0.001987069201051739,0.0040285079938433555,0.0016891229633924087,3.528920239892486e-05,-0.0008387778867606777
2013-12-30,0.011230629756143529,0.01680220297405688,0.015693776457651465,0.014429391995657737,0.011699335728391436,0.01509496716055203
2013-12-31,-0.002602545977139936,0.013844131068092347,0.007128107381946247,-0.0052801591235743794,-0.0023835501928819447,0.005533519271467835
2014-01-02,0.002906510769287163,-0.00838312664879537,-0.00782207783244604,-0.0016061137535193781,-0.0009602405624010713,-0.007570547118050941
2014-01-03,-0.011889964222491,-0.006801144598835518,-0.008685811805664856,-0.01173574799378907,-0.010940199035019638,-0.008260166754020415
2014-01-06,0.00785988860501119,0.010513509098062146,0.009782682751096727,0.014870415689436811,0.012712247398038334,0.011283100171369354
2014-01-07,-0.0017390863833849357,-0.003711317469970221,-0.002116042220012493,-0.0015243638565649587,-0.00017974351496996555,0.0015133706332717267
2014-01-08,-0.007276929349843697,-0.007606174270125332,-0.004313164147453419,-0.011687335865865345,-0.007797861851798427,-0.006540993671319328
2014-01-09,-0.0037424617170583874,-0.0030008257184832576,-0.002535886638396767,0.00012417632754413432,0.0024409196382668696,-0.001307468696078784
2014-01-10,0.0024979658011627937,-0.00454347716227832,-0.0058974377203065975,0.00556707327767203,0.0007063217117526666,-0.000927551185611386
2014-01-13,0.0013504238182042716,0.002800931422478614,0.0004883591743192195,0.0011603794618018082,0.0001022535752674969,-0.0006946377331974452
2014-01-14,0.004512811864906707,0.0038070997622259295,0.003305946731834153,0.010075145358367843,0.008633720501987519,0.007587577287222924
2014-01-15,0.0036324401056417877,0.008886964634707395,0.007837739389841225,-0.003480305390879068,0.0019561951280369083,0.009186822622746282
2014-01-16,0.004238649091919511,0.000573246220283874,0.0020911927090883076,0.0015348764698686068,-0.0012500657233540657,-0.0014769632335809302
2014-01-17,0.007407995039182325,0.003375048946937964,0.0043267749161826075,0.008266678457073073,0.007846149075528164,0.009329261508199682
2014-01-20,-0.0038474337564438077,-0.008217505998208918,-0.005695962210734096,-0.020840515586110553,-0.017716065210281684,-0.015598270930941127
2014-01-21,0.01936005670896246,0.0184526388094417,0.015049869572062002,0.02243104398533391,0.019282811758545293,0.01867655007481983
2014-01-22,-0.0006734400705018517,-0.002036779442285086,-0.0019443025052964247,0.0054566344658302235,0.001148094017199064,-0.002096493808851685
2014-01-23,0.008381606763518512,0.0038907493698185913,0.0047060995822896245,0.0012366703046000627,0.0010154225443026466,1.9576444267199733e-05
2014-01-24,-0.010215561521251915,-0.007960432931388262,-0.0034553537281907243,-0.014135026442701482,-0.011409771334359164,-0.007045339260383643
2014-01-27,-0.012816767101187954,-0.018113178608377467,-0.02106654063660829,-0.022118833755638168,-0.017789230329340877,-0.02416558770670152
2014-01-28,-0.012153085870927227,-0.010228092646947462,-0.00924763726180744,-0.012845168581371746,-0.011875827752916401,-0.010645113545924678
2014-01-29,0.007366854379524446,0.007059325038482722,0.004969620567381705,0.008895514146680217,0.010205360644083283,0.009805997463544713
2014-01-30,-0.011668012815827966,-0.007305109965632939,-0.010532108457683487,-0.014611832233583533,-0.012684239916450957,-0.008543957891672171
2014-01-31,-0.003838935485069972,0.003822361586389267,0.001431454164714685,0.0028558217999254953,0.0009272704423852751,0.0039541484072540545
2014-02-03,0.011957816724005754,0.014790333670141376,0.01566340708239955,0.0065583499439691995,0.004454664763983152,0.007390355288957595
2014-02-04,-0.0013805416712914242,-0.0012841755546030287,-0.00026557112116754045,-0.015941700949603566,-0.011201685368650072,-0.009343785795331128
2014-02-05,-0.008642366125851897,0.005570998963702278,0.004300008781138898,0.000230731750908042,-0.007387236484107662,0.0027206803195720664
2014-02-06,-0.00022978556902242264,0.001917482820108729,0.005924238569120721,0.005105059148065916,0.011926802881163434,0.009412703486938456
2014-02-07,0.0019586131674547147,0.0022969578947211744,-0.0005702271276405435,0.01000170101159692,0.004038700084552538,-0.0010131578880155923
2014-02-10,0.00916760859954957,-0.0019301448674923227,-0.0008706718822024673,-0.0017377934515114823,0.001408954474200419,-0.0003614651098448052
2014-02-11,0.004257416189839214,0.004472181623996985,0.0047606743941914775,-0.0011710946668958,0.004142348639613269,0.006774572385331412
2014-02-12,0.009987940642030901,0.01382827166419709,0.009765004283419643,0.016855054268652303,0.018032390365506412,0.02235045449215267
2014-02-13,0.003763028416865488,0.00031618107489594927,0.005003361697606623,0.0036747441104763023,-0.0005615340405930036,0.003917949787150654
2014-02-14,-0.00989140736375893,-0.012507852153901267,-0.008390507208604459,-0.012034683016054815,-0.014743848711541996,-0.020963847569433147
2014-02-18,0.0023873854091491786,0.00839731311069114,0.007959283397964034,0.009484590746749566,0.01827295386218597,0.014428454459616935
2014-02-19,0.003672185463446498,7.097585918969251e-05,0.000941830641835617,-0.003967868932976737,-0.0025433757173783933,-0.002764357225229941
2014-02-20,0.0015411650013554823,0.002552787580029525,0.003817409825186635,0.008057537673186177,0.010949654891476035,0.008222241990306633
2014-02-21,0.010353513576257134,0.006542408441691405,0.007211479257658748,-0.006509286169102402,0.006745418466715947,0.003598150833272973
2014-02-24,0.016996165301438992,0.013866362278371014,0.01204629788413003,0.007541854333406928,0.014012074397037999,0.012256042426456393
2014-02-25,-0.0012345887166848035,0.0004895485491804852,0.0028829762829964967,0.008600797256347992,0.009155936304774182,0.010532399694680006
2014-02-26,-0.0011355367891289214,0.0021356178890854505,0.0002478029718959718,0.006251062527441675,0.005529757373198052,0.006453592131017594
2014-02-28,-0.0019658487232055988,-0.0024391815696039876,-0.0009659829095747252,0.0020704044122759058,-0.0004903948914928291,-0.00019498802794926107
2014-03-03,0.022201029928526683,0.01788721779376856,0.012373861188433866,0.026260203488763123,0.013927329277287237,0.011317523836937404
2014-03-04,-0.020105796023073608,-0.010714455902057218,-0.007057175646692171,-0.006050017169774269,-0.008921530884340778,-0.003762472010181428
2014-03-05,0.008352433837170103,0.005941681483744077,0.008209102459185491,0.003008321966235128,0.0014124194680806834,0.0038150133275172138
2014-03-06,0.006513870580398207,0.006876553252190165,0.015445887130059122,0.003267186600931282,0.008093637982448554,0.008504404353387507
2014-03-07,0.0036213801267719337,0.0034947630952055775,0.015975188025090015,-0.000814405915725569,0.0019716737013948382,0.004064734355403665
2014-03-10,-0.019054360676423743,-0.020382348056949717,-0.01846685576010898,-0.02319826604597308,-0.033222781732041184,-0.02724074773917662
2014-03-11,-0.00542028243284276,-0.0029696186888742426,0.007691444899909694,-0.01993956317265877,-0.011891080510846086,-0.006318358066622287
2014-03-12,-0.00905438186627261,-0.010347829521169971,-0.01699793631452573,0.0002317947444274715,-0.004063571619701167,-0.006217981630117886
2014-03-13,0.004074491544963532,0.0028823951823520044,0.007041382252329864,-0.001489930404227624,0.001580744267776213,-0.0006170870263667583
2014-03-14,-0.005360614493987836,-0.005800515469759904,-0.0055991770222556525,-0.005600206132353458,-0.006372920111543778,-0.003786548756885111
2014-03-18,0.011190508822200407,0.010226415873003214,0.0062198201213614634,0.0062853318381803636,0.006627933761008897,0.00680999822193229
2014-03-19,0.005010523720883064,0.009807087935396419,0.010162794818490362,-0.0017278592715965768,-0.0011893494446146846,-0.0009588783885244867
2014-03-20,-0.0028480387340273916,-0.004802631289729575,-0.0067116520659146195,-0.006989387341491016,-0.011486800505837724,-0.010848064107602529
2014-03-21,-0.003556782732529351,0.010230079876491383,0.01258122001540074,0.012774054382238997,0.017514618192119302,0.013396392343838492
2014-03-24,0.004727422633653555,0.006650824108312747,0.009209055283195156,0.002025939070702698,0.007913814749988868,0.011910120597549367
2014-03-25,-0.002661432707436906,-0.004088934988778159,0.0026144840156663296,-0.006815954394373547,-0.008541628466427031,-0.005607124075818426
2014-03-26,0.010983935998661876,0.009814466223749596,0.00827489683546001,0.003797954096534495,0.0048016019543044575,0.006702259348443151
2014-03-27,-0.011241780100514576,-0.00808717241387602,-0.0026797179484868705,-0.004406476460460551,-0.00030016335921168036,-0.004648044710334198
2014-03-28,0.00858956168315217,0.005968758301817756,0.004251691214713027,0.005110678807255464,0.0008057731134147872,0.00307093609756115
2014-03-31,0.014804746349750486,0.010624115211981033,0.016558718510934156,0.009158950268333799,0.001598731732016745,0.0015558558728265837
2014-04-01,0.0033936910035585743,0.0038311915535163,0.0025498769130292143,0.0040618977715991544,0.003001179557988287,0.005628947429703546
2014-04-02,0.006589618807447684,0.0029236374674890264,-0.0014809098250206931,0.004093441944618359,0.002382144130273378,0.0008992815288970668
2014-04-03,0.00580301174348552,0.0019095446317463072,0.006448291177566068,0.005273293293671211,0.0077928033883925,0.006374311848689418
2014-04-04,-0.0005882617717803962,-0.0013112010526271645,-0.0038496584209021245,-0.004755316985499691,-0.0022926052934988395,-0.0019935309531503576
2014-04-07,-0.011525521202483846,-0.012179584305138547,-0.010298285107021576,-0.010580964682051275,-0.011194729499826028,-0.006921786665568419
2014-04-09,-0.0028275333808865932,0.0020437426280695004,0.00023899784953451686,-0.009620269456393493,-0.006441427511586606,-0.00716505308784221
2014-04-10,0.013825781374634527,0.007945929869587864,0.009958656173008507,7.079014884747714e-05,0.0019292807175614879,0.005169619586132823
2014-04-11,-0.007054017174880967,-0.008389729196669915,0.0022340554683206726,-0.0009331676317724247,-0.008740844744434706,-0.007168521407540762
2014-04-15,0.009257883975117842,0.003343385287711609,0.0012624608184890196,-0.0008092568532128697,-0.004958989948250614,-0.003550826427568654
2014-04-16,-0.013528384967356422,-0.01573801887973192,-0.008266766414907978,0.011312275076258649,0.0033726456516447456,-0.0017750948401697997
2014-04-17,-0.003227986862690213,-0.0037372281022483023,-0.0038844962695214758,-0.005768091752780813,-0.004770994170770981,-0.003957198567769771
2014-04-21,0.011365993033815691,0.01247676305066725,0.011590828015197507,0.004638902345878826,0.014429390426909272,0.017155020382493724
2014-04-22,0.009892122676904203,0.010283728874528997,0.007596681074901079,-0.0003666651657119324,0.00020149042765327252,0.0017973345410144947
2014-04-23,0.0030124750270648093,-0.00022329195881087838,-0.004003044651124776,-0.00384410392265655,-0.00574040299473666,-0.011148469554368434
2014-04-25,-0.0005633079285772835,0.001945325027404854,0.003907603576404295,0.0018551049208668235,-0.0003202139446111252,-0.0010200566176854498
2014-04-28,-0.010412492842478138,-0.011844868614684145,-0.01075489619315173,0.0007058206779810838,-0.0028392054286155988,-0.00721817589210938
2014-04-29,-0.003341119245862112,0.0018789609769196414,-0.0007370759887100897,0.000845564309126523,0.0003749307990401629,0.004269067892771039
2014-04-30,-0.0062640539700331566,0.0009722570154617749,0.005084902251813128,-0.006020576743810291,0.001032466974588253,0.0034957995324820246
2014-05-02,-0.0030726299185750428,-0.001073131825593765,-0.00097407874496791,0.003541993166434887,0.006585936295274042,0.004687391760016091
2014-05-05,0.009593005786618036,0.013261728558419561,0.005300549747205174,-0.0034308569660059796,-0.00011240484512475835,0.005207021033249548
2014-05-06,0.008326700048878477,0.001692227772420507,0.002864959073841211,0.0029758368751460207,-0.0013159235682731474,-0.0019805614150159023
2014-05-07,-0.009641807271576264,-0.0023622390027088214,-0.0025738625358502354,-0.004149917072235443,-0.0058507957644425845,-0.0006760775642615791
2014-05-08,-0.0034881117241204462,-0.006357754078410549,-0.00015150812254549617,0.004926444448283496,-0.0020911988903628,0.00013315942863623143
2014-05-09,-0.004417791178656483,0.001242933808513813,-0.0014975656388611647,-0.012472455082708556,-0.004913036085958944,0.0006577378970331615
2014-05-12,0.022205843826869076,0.027605198382439022,0.022295672607426154,0.014703082506814624,0.0205191404608962,0.021542621894025782
2014-05-13,0.006261993543800193,0.016818928226782992,0.017594370345725086,0.027028658515185544,0.022114081437585087,0.028512869485256553
2014-05-14,0.02469736013923307,0.014971893032298622,0.013405814489253931,0.0037362797946081105,0.0021187315886226354,0.003116156701989725
2014-05-15,0.009370252332464801,0.0022418282171514647,0.00075277166765364,0.002429982132529762,0.004904177029817491,0.002526219522834383
2014-05-16,0.013822212084199537,0.0154683614668778,0.012846778618694987,0.010753991710022115,0.00324588551418592,0.006450929435546149
2014-05-19,0.009473752930813761,0.010173532935005669,0.007993064470345645,0.016208938057556077,0.008491866464839015,0.011871692499000552
2014-05-20,0.04170673781333334,0.034812300407321306,0.03231375491131061,0.03176896950027208,0.03259174360629524,0.041753237776301466
2014-05-21,-0.003020060191120888,0.002791557806981926,0.0026506925217208988,0.0007022916259091794,0.0011422783617722754,-0.004775809408173459
2014-05-22,0.01980035870173147,0.013467143769007262,0.011796061772939126,0.01185417729113225,0.01323096631519105,0.011731319642129812
2014-05-23,0.016292649870012665,0.022543235739434175,0.01807502664557714,0.004655783516817946,0.016859036629226942,0.020439063556338066
2014-05-26,0.041164044623109186,0.03636727920755645,0.03080596674223801,0.025056099407297694,0.019128458470615062,0.028347119443904223
2014-05-27,-0.03219346180405269,-0.03137322417035526,-0.022376351845350917,-0.018837967761536345,-0.028707388009010293,-0.02807079901043641
2014-05-28,-0.02334367899723211,-0.008599259601330123,-0.005851758739942148,-0.012028812653408827,-0.008532993667502264,-0.010511933002473328
2014-05-29,0.025487327222516898,0.024614371480329966,0.019651330995928085,-0.009401059438428727,0.002211863833493366,0.010672398206520883
2014-05-30,-0.013535977027558932,-0.013150688977461855,-0.011479310832063327,0.0045705366973054495,0.0023346377452975187,-0.0034529732335113472
2014-06-02,0.00110481738586099,-0.0008579134796171672,-3.593354761932677e-05,-0.01433967984543394,-0.014221798262253116,-0.012072332054655965
2014-06-03,0.0212616240370036,0.018587467632714905,0.020604603396122245,0.024717708648196002,0.020803913138585983,0.017951421837224313
2014-06-04,0.019722803685628953,0.020869739591938385,0.018594206503491417,0.00596136366021649,0.004966531322404544,0.002670660901815447
2014-06-05,0.004879315035518861,0.005206120116615143,0.004980795512121716,0.0050442469560902925,0.0063310787241859234,0.005069662143872611
2014-06-06,0.005199750961562444,0.008955418310784502,0.01401461099547685,0.02120488531488296,0.01223203582190835,0.016345044107356932
2014-06-09,0.025770057205628305,0.01602114719503067,0.019491132396413757,0.026032905874457946,0.022661935615822415,0.018025576692975998
2014-06-10,0.023680185087964656,0.01960506240067672,0.01881067014368587,-0.002773256463655782,0.003743627906087399,0.005355339860207753
2014-06-11,-0.02649069189144615,-0.02228460396403742,-0.021228790794913355,-0.0029924757936172774,-0.005974374991565168,-0.009534121709459331
2014-06-12,-0.02753581758050372,-0.02039753715644621,-0.014324501600685546,-0.0023877098040868683,-0.0027254521565643897,-0.008147961394001868
2014-06-13,0.007299821914481086,0.0030707913785745777,0.003442716934330514,0.0012685273707560007,0.0031210666730108194,0.006121616736126434
2014-06-16,-0.03803445481043011,-0.027840077605762015,-0.02511393050320654,-0.021640669152189762,-0.023662512576655748,-0.027432159098257358
2014-06-17,0.002325182672022974,-0.0005801765979925877,0.00015047731045436663,0.0016108368797467243,0.0006474888343772633,0.00198384692080511
2014-06-18,0.013514959206199384,0.02424633449264335,0.02079818555710733,0.0200190486031373,0.023618197507787153,0.0233890733512383
2014-06-19,-0.007868980539947112,-0.002242450354052017,-0.0021604670331428766,-0.004460494879775623,0.0011481518947717984,0.0011573010833374475
2014-06-20,-0.013307826681492552,-0.0072270831943520575,-0.0048716231830169265,-0.010903621782330841,-0.012990161039006631,-0.012727992358895102
2014-06-23,0.010533374317084565,0.005794536393650018,0.004187747822274046,-0.010494563308267923,-0.007803698030895978,-0.008706665581877271
2014-06-24,0.00848183716016071,0.006548814290223914,0.004416352001411328,0.010480341589132358,0.006651050686922622,0.009168776675536394
2014-06-25,0.022713201564188212,0.014190376045540187,0.014656523063195426,0.014776328696711971,0.014171508471662264,0.01853956467530904
2014-06-26,0.00564047453738703,0.008725194217932719,0.00834428766324491,0.007232553050177559,0.010979840461518675,0.011295260686209785
2014-06-27,-0.011571590159185519,-0.01298184220504961,-0.005358999013898247,0.004099628902913155,0.004857828023045352,-0.002169737052557519
2014-06-30,0.0003993563147339785,0.012784591534265921,0.021265408061683422,0.022196535144071827,0.02625178967967834,0.020460262721116784
2014-07-01,0.022453575782179325,0.017957181102177255,0.016412868253740776,0.02378775833622826,0.023841205909465257,0.02385818889565794
2014-07-02,0.004828863142902984,0.009582053038074356,0.00779024321303412,0.0109675942076779,0.011085144558297566,0.008146988723097603
2014-07-03,0.01830588163609459,0.025494470506106204,0.016418700978233947,0.003256129839818822,0.005952309038566694,0.0061635224393363774
2014-07-04,-0.001687783651843966,0.00014823412938991254,-0.0023406650303945398,-0.0006497857462695045,-0.003514942608867311,-0.00411811978809995
2014-07-07,0.006175783568227233,0.002291743071246577,-0.004854187522350895,-0.01050702587291863,-0.008969965888246167,-0.005308875633767474
2014-07-08,-0.001227284305897136,-0.002655653972341576,-0.006128535492318954,-0.01066996492707506,-0.009037897439028053,-0.005983338634285351
2014-07-09,-0.03867488388465157,-0.04378408233836051,-0.038163488066036644,-0.03127741040274534,-0.030953002006800512,-0.034386724272526314
2014-07-10,-0.004252235518189651,-0.010236668590125397,-0.010742111004974353,-0.01150883242162648,-0.018170815450879063,-0.018887181131569952
2014-07-11,0.017891714438266204,0.017410522217383706,0.01698479501220973,-0.006472220825217034,0.0001367613035827553,0.004187722086373524
2014-07-14,-0.03942534264519837,-0.042865738646246765,-0.032231923139526386,-0.014963174078241659,-0.024273332388881852,-0.03542607572057743
2014-07-15,0.010884402713015273,0.024932852182482312,0.017621628677747303,0.01138656695147966,0.02084663040939816,0.021366604165282244
2014-07-16,0.01764932475412251,0.016773595009608178,0.015169617592993845,0.025841270081056633,0.024136507048246214,0.024159053148950616
2014-07-17,0.0026684709451474387,0.011621465047995105,0.010177428915737252,0.000975948246705105,0.003750124567182489,0.002289921566498654
2014-07-18,0.004999283326277304,0.005568308557145629,0.006662899256385746,0.009365680826123102,0.006528978852326173,0.007056164087978933
2014-07-21,-0.0002678036377746773,0.0006189577763835441,0.006618983302597359,0.00503788337147415,0.0076355721362790785,0.0050185078556419516
2014-07-22,-0.0020994679733710164,-0.00565566431080633,-0.0053461708057362944,-0.0034428922398740402,-0.004900200520297271,-0.007030041560748268
2014-07-23,0.005747483921619612,0.0048752306478274665,0.0057293656624719524,0.0053083150592290185,0.006533564122778612,0.005637616813304769
2014-07-24,-0.012698981072707949,-0.005218401093757263,-0.005587406018079388,0.004090844906602609,0.003304800471780611,0.007315591694250889
2014-07-25,-0.003065941499105218,-0.01856042004758962,-0.01651940555618403,-0.0037695290832100437,-0.014304233622403073,-0.015261099892624919
2014-07-28,-0.01785738518205615,-0.02772338779917627,-0.020846692372406217,-0.011783975180617245,-0.017299759512346746,-0.018911199355211683
2014-07-30,-0.01006414094548469,-0.006951495529901375,-0.0016675168848697686,-0.003986967416695353,0.0005648218134146621,-0.0018924946169677215
2014-07-31,0.00509457850008177,0.00524786928089771,0.009942627828756434,0.00580646185863487,0.009201663794390358,0.011163102758669385
2014-08-01,-0.011641803124426309,-0.011314021738026092,-0.01231193453390711,-0.0073317117460000025,-0.009769315129705136,-0.008802726703906916
2014-08-04,0.004889436641772216,0.011554159125678476,0.010373404756263582,0.007526787487473596,0.013941298462036622,0.013420966073258267
2014-08-05,0.00397444839694594,0.007430789214344147,0.02056336069394815,0.028603077922850106,0.023530941970275387,0.021599743620002387
2014-08-06,0.005247495533577506,0.007000213197215555,0.003488144914743252,1.1464817535333793e-05,0.006132635174778578,0.00394562609669169
2014-08-07,-0.0034889869163470255,-0.004462693620080449,-0.00564050743582678,-0.00973222002639118,-0.009609427253086222,-0.009546002990354241
2014-08-08,-0.006859753156787329,-0.0027317898954563047,-0.006049088278570203,-0.01265113767972248,-0.008710098346106476,-0.006420883863248461
2014-08-11,-0.00020200078247623043,0.0012691004953317986,-0.0019106516761455694,-0.0006298245409901426,0.001448732007085285,0.0018408487734493661
2014-08-12,0.008297020305241931,0.018669902510982217,0.011175758478192632,0.014020168964995028,0.01745767549904209,0.016946930482429456
2014-08-13,0.00878306998946865,0.005858725624107608,0.019453227907786363,0.027659766806523267,0.01797182598646052,0.013188541105903173
2014-08-14,0.013253278447185712,0.004860048342036016,-0.005305133139153706,0.005575719439168125,0.0003578457144337577,-0.004961089656759676
2014-08-18,-0.006191198117598051,-0.0023657935743890413,-0.0013033239915760664,-0.0032309919393693765,-0.0016954479536538392,0.0027373302891844364
2014-08-19,-0.0006815086779976554,0.0076762306063431485,0.008717598503920287,0.01848056526786479,0.016446546861499378,0.02011878328641492
2014-08-20,0.00887614135468029,0.0064345309514366456,0.009293294668101693,0.0013441100853623933,0.002445517446870049,0.005788064264588222
2014-08-21,-0.0007452025463204892,-0.003754197857555708,0.0009578015910873816,0.012166929969487095,0.009215938212638664,0.002617376005757066
2014-08-22,-0.003179413142879839,-0.0016550878842889194,-0.00035371849748810913,0.009228235966680653,0.008684564955992347,0.009340799211625006
2014-08-25,0.0019321021521088166,0.000859917270476851,0.0009289247824524338,0.0016678686780848828,0.0006996435619652797,-0.001966050169743827
2014-08-26,-0.008948990499021758,-0.015809359678227608,-0.01229986450686582,-0.009631200119511907,-0.008681527466473216,-0.01041334741157296
2014-08-27,0.0011323656577855168,0.017013292653366596,0.014659062672104373,0.008172549358700376,0.014621562163039226,0.017595671941760482
2014-08-28,0.0006327562003052289,-8.467199437478534e-06,0.0026242106750931082,0.0008063680888508173,0.0027599930496844394,0.0031279278550937484
2014-09-01,0.003257337301637353,0.002981834722978638,0.002715284425150788,0.0014397977180042876,0.003985001403983945,0.0039702769938967375
2014-09-02,0.025235143639090296,0.026490938718182866,0.019535495343259157,0.004809088753540136,0.009300532002038064,0.01662080892045048
2014-09-03,0.007426307186533476,0.009515986911244001,0.00960688741671989,0.009738053943433744,0.011218111871975855,0.011205271300311903
2014-09-04,0.012987311255950651,0.011348868200673712,0.012219363624166757,0.008496541678949532,0.00847697898398625,0.005001376008022529
2014-09-05,-0.004342024845706338,0.012576952468011715,0.011125106448225397,0.00043732439933075185,0.014674075107947049,0.016353206650708607
2014-09-08,-0.00021068481243591286,-0.002973148571724371,0.001855686325914041,0.003506938718478736,-0.0008994787575915542,0.001876793873809346
2014-09-09,0.020945291364242946,0.016718025264169212,0.010200975280726832,0.007709509126633929,0.01016869294439604,0.015791489629962463
2014-09-10,-0.001072874085157105,0.00015222405311821063,0.0018534876446603121,0.001524038218374102,0.0013156984838753605,0.0027582677758619667
2014-09-11,0.0025148143962978597,0.007405304516086675,0.0066233893010485545,0.0010056759075955934,0.0005030702817017119,0.004302549964114277
2014-09-12,0.01197608719379728,0.014002624494600768,0.010398728098687693,0.00288735337431123,0.0070520106367648605,0.006651308547052759
2014-09-15,0.00547076906267141,-0.00018871617850602096,-0.0008885701409779845,0.008295028775532565,0.0004551979609086487,4.632477602317664e-05
2014-09-16,0.00012703501099631254,-8.818169468183257e-05,0.00046479971490387406,0.005443869327010464,0.0009075686665580562,0.0012639864493324549
2014-09-17,-0.019587209349864687,-0.018902500826858293,-0.01364861066439893,-0.01699055425708873,-0.017591728689908215,-0.019029838773882757
2014-09-18,0.0017946471397243258,-0.0014819803902124118,-0.0024945674877382418,-0.007974336820172456,-0.009680149830931573,-0.010552252283168029
2014-09-19,0.011983602037945573,0.02026059592565388,0.01960703559363086,0.025151646170304076,0.0261882986086881,0.026279784979033938
2014-09-22,-0.002187866656613968,-0.012860962750172567,-0.010972735429118807,-0.01179978520746816,-0.015297489394529906,-0.018847891568339104
2014-09-23,0.011362355835810467,0.016928487143759163,0.009738375057209758,0.0014215192671938048,0.008476532225318412,0.009872421857266778
2014-09-24,-0.017939910047608087,-0.018767499014782807,-0.014161989453252977,-0.01886518674413762,-0.017633808734732748,-0.018832490710980476
2014-09-25,-0.007799139750570783,-0.009128373772853693,-0.009838440991056463,-0.00899003491036987,-0.008277754668317483,-0.006447640431173962
2014-09-26,-0.01907610294985773,-0.020160262583859723,-0.018786565787048515,-0.005582062843771607,-0.007701541756063968,-0.007866810313075678
2014-09-29,0.014043178061432737,0.018965008818889295,0.01610517954843349,0.014134924888525191,0.01670423739930693,0.018586494749627924
2014-09-30,0.00325073016172972,0.010147126791324013,0.01000892333959813,0.010830081651827639,0.015292858241249263,0.014548991854198334
2014-10-01,0.00788083316986321,0.006351161218663526,0.009180658350967708,0.02615083945771035,0.016188691829898794,0.01756182159468267
2014-10-07,-0.01379320741210055,-0.008096789294079532,-0.006025093245871416,-0.009682294946822378,-0.0066991682655099805,-0.0032509043858472975
2014-10-08,-0.014518360961282673,-0.01923292126277154,-0.021769359034966684,-0.015095684573137258,-0.014448479914638823,-0.013062507164859682
2014-10-09,0.010029024379244023,0.00811334769024108,0.00409504720977627,-0.0065038156929170254,-0.004317507565880008,0.0036304372167093035
2014-10-10,0.00422273212221258,0.002088057194631565,0.0010334328820822414,0.00222093173947302,0.002611777526638992,-0.0003160642097721489
2014-10-13,-0.01809825577328661,-0.016937419431561906,-0.01534561227182496,-0.01574735515917114,-0.012422095743288342,-0.011900925310808441
2014-10-14,0.017351106768618507,0.012082517136627002,0.00861784881827532,0.003924705755407709,0.0029411908298211387,0.003904330408037504
2014-10-16,-0.012877204836405753,-0.0069653672677428835,-0.006865084852896608,-0.011669684427274896,-0.008599610896026344,-0.008050714275784632
2014-10-17,-0.015345865518967994,-0.007714671236959791,-0.013085194664768207,-0.014083212011886004,-0.013117898859103416,-0.012543792417441524
2014-10-20,0.015437326085054215,0.01428612311060351,0.011983576036942445,0.023622096017884342,0.018873280994230246,0.021666857826458275
2014-10-21,0.002967069170150216,0.018682812616876543,0.014029646667510054,0.0021315675003030776,0.01060835963585105,0.009180258249881224
2014-10-22,0.014859975042491813,0.02428317827942661,0.020794576485435146,0.011926968803787075,0.02002519922125323,0.018249540115333085
2014-10-27,0.008630790677700118,0.000624965207128847,0.004587986708580294,0.01575086928825109,0.009618413867202191,0.007682069540803305
2014-10-28,0.00495377266514585,0.00393238312342481,-0.0007445325067246822,-0.010806250476187551,-0.004230439185874291,-0.007909841950898056
2014-10-29,0.006896283872974696,0.0012147794425569902,0.010932748135336734,0.02274379638503765,0.01247075839247036,0.008377366009658882
2014-10-30,0.004149186583193076,0.0005966235730554548,0.017778786845705996,0.018461761516678,0.012286138371538025,0.00890916304159206
2014-10-31,0.013926025170412082,0.014668271308843295,0.022977491113991277,0.016497807697249067,0.013438570823704366,0.013011343548052778
2014-11-03,-0.0021101889190284773,0.0019658637924280242,-0.0026228086408829343,-0.0098502708880569,-0.0019442159036232587,0.004119914902987354
2014-11-05,0.00781332108290922,0.005065342667428974,0.008265340643859309,0.028725171736706967,0.022908355613678655,0.014617075778518451
2014-11-07,-0.006747436341848823,-0.004172468108106342,-0.003971462899778788,0.007633246236225633,0.003448794068401817,0.004965532742724044
2014-11-10,0.0005657308073139244,-0.005129467342217531,-0.006486685481659871,0.01412040532670944,0.006003500333629397,0.004375265718911336
2014-11-11,0.0033373077615521662,-0.004637555394772286,-0.005740009811907143,-0.0010983791119764108,-0.0023964683203165915,0.0039571443242090165
2014-11-12,0.017654406149496316,0.013270863030919733,0.00887438709609567,0.005083844338593435,0.004909220155052685,0.004982237784961763
2014-11-13,0.009822629619619327,0.010247446366329349,0.00832902498839494,0.005421965200984813,0.006005927194969951,0.008199941029591873
2014-11-14,-0.013015610716940351,-0.0045031241756148255,-0.0036216739066445847,0.0024419793112342436,0.00331053562627015,0.00377139509758484
2014-11-17,0.019479328684914643,0.0027490777467609195,0.005910680971902282,0.00991643474502757,0.0036817233335186828,0.0018180750056242534
2014-11-18,-0.00017592779804209702,0.002737172489465145,0.006429735415141247,0.0008869057906717437,0.0015746020984730436,0.00017522711018180814
2014-11-19,0.005859630262720517,0.007314229122258986,0.0035767915262197025,0.0030284973155829675,0.007816832129900364,0.005328778405093271
2014-11-20,0.0019682557877949147,-0.007096810677786225,0.007287981506835406,0.025937190915906516,0.015591822892153884,0.0049053711897413255
2014-11-21,-0.005225789382119261,-0.0031665070299490283,-0.0006197105225614896,0.00488407439944516,0.004080591248357246,0.0015085345415863927
2014-11-24,0.0027113200400676885,0.0037614592424586313,0.00012349008945244933,-0.010183343476315443,-0.007454425028409761,-0.005444693512756116
2014-11-25,-0.0018788896052224224,-0.006957365166102569,-0.008158461456410748,-0.005434005552060195,-0.007608363241615956,-0.006985516849554396
2014-11-26,-0.016764519162668412,-0.020159259405613916,-0.012925551701123306,-0.0031307673474075814,-0.00810855876159644,-0.01357530184806155
2014-11-27,0.003915414633467007,0.000731372442489775,0.0016572395313780852,-0.002956518520883522,-0.00028935137663854693,0.0035786196864331377
2014-11-28,0.008242591776866703,0.016622696610279375,0.013345653592608642,0.011195276024053236,0.013182424959738981,0.01528475436593646
2014-12-01,0.01907413829120208,0.01733674741383351,0.00830918407773451,0.001011332594284431,0.007137188537086558,0.005540891821393723
2014-12-02,-0.0034928069788922045,0.0010825055879333245,0.0033150910704982106,0.008530324721699456,0.010194240317497272,0.014968478872477542
2014-12-03,0.010819023229673652,0.005292335942610693,0.008840931301014932,0.006778978205456365,0.0037637744637160075,0.005940064794911271
2014-12-04,0.02638749086732406,0.031667485988925215,0.022544192278371122,0.007983527842665206,0.02409557287131836,0.021776414952817014
2014-12-05,0.01376941220493122,0.017053670444896474,0.015401529435970396,0.004015261000844372,0.007984576095455331,0.007414848981186273
2014-12-08,0.0012482750610602888,-0.004852608208232745,-0.007378424068889555,-0.013699373331056641,-0.011064198092143651,-0.009827988483340322
2014-12-09,-0.011745695687491509,-0.01902029382137649,-0.01709156924834887,-0.005933571893131151,-0.00999532055466712,-0.013906036425025303
2014-12-10,-0.026012858387926663,-0.01943838008224874,-0.018442762054311723,-0.020852879546064518,-0.01706208961409983,-0.015076652506563648
2014-12-11,0.00940810220227939,0.011829873885846665,0.005444325123137306,-0.004234581933930004,0.0006325321094331482,0.003302881350434106
2014-12-12,-0.0069058946818578715,-0.005021161934193552,-0.0041907065693918,0.00017643451688886813,0.001310812111382731,0.0011482127808337683
2014-12-15,-0.020508020229038637,-0.018638040466929406,-0.012496453817687048,2.35661097864881e-05,-0.0033566833678146946,-0.006614841390344073
2014-12-16,0.0012367482870985214,0.009347432214086293,0.008460860013834726,-0.006567085680400875,-0.0010330145183604644,-0.0012386087118334554
2014-12-17,-0.015561626572699105,-0.023473388655761318,-0.02454010823833519,-0.02422051834542116,-0.025879294807452435,-0.027557418376076503
2014-12-18,0.008133325077065212,0.013975753689740467,0.014278789971027495,0.002284891639782849,0.0012608072411728344,0.006734661905432926
2014-12-19,0.03307767481133039,0.02680645730941822,0.02252672687902013,0.02025400787784637,0.025508262379019042,0.028236863614735652
2014-12-22,-0.004020559746101049,-0.006785444517889649,-0.005854642642244112,-0.0031679030537494768,-0.009513363971078936,-0.011104635516065886
2014-12-23,0.012372666527632026,0.0012992067114212524,0.005397581795052231,0.010834907042431396,0.005755051970888214,0.005214241644067252
2014-12-24,0.004011178304905716,0.00011458426719124226,-0.00141576354646622,-0.005614296107336991,-0.006857957131444881,-0.008165818992448948
2014-12-26,0.0014870680097169853,0.0057199191312147235,0.005417038066134028,0.0005766171543295506,0.0029237775017221246,0.0017004449061486238
2014-12-29,0.004420528377208521,0.017602580071652163,0.015055559425408038,0.007550725214644727,0.011989712716139689,0.011144987102097437
2014-12-30,-0.0031143316960162704,0.004105753570336823,0.0037675395554350732,0.0014347544160051573,0.010018645432587903,0.012480969171019485
2014-12-31,0.005085859480437271,-0.0043784702098607076,-0.003964833679363067,0.0019864349952218863,-0.002875135040219745,-0.0052349217043562435
2015-01-02,0.030443532724166555,0.03565923178827424,0.03580956507461219,0.02903419916866823,0.029128255690959115,0.027985326071100047
2015-01-05,-0.002565868921284742,-0.010691223641724257,-0.0029382535848606617,0.013763236930218747,0.0072442219605224345,0.00902981468080144
2015-01-06,-0.013155983357063583,-0.0084502737628106,-0.011084523287387849,-0.013483545303548006,-0.009194295092939564,-0.004773025099369943
2015-01-07,-0.01891180459318864,-0.012620422308365353,-0.01789585360856627,-0.019119166483511973,-0.0164011850959751,-0.011522507344174038
2015-01-08,0.005325323351193179,0.012699949823640866,0.009795203695793564,0.01841825748863557,0.018755797418911202,0.02352003188269758
2015-01-09,0.0034649957215886484,0.015360361862864158,0.012485375620601147,0.005052661574775241,0.01604955717711376,0.016337331934415333
2015-01-12,-0.011457691838359985,-0.012068736454805884,-0.0101811605161235,0.00854253481330347,0.00011803286453915263,-0.0030153699701166436
2015-01-13,0.010246712175011607,0.015416803884825692,0.005335885034474908,-0.0022446678726096847,0.0038495076316173993,0.007198553624245374
2015-01-14,-0.0007186362964762827,0.0013162861106794654,0.011393438125651745,0.010865380489301302,0.014480328364237849,0.013383319977009034
2015-01-15,0.014243833869475697,0.013109624017601185,0.012978121780617968,0.01159338527740883,0.012640663315085288,0.016409780494976767
2015-01-16,0.004397141232996393,0.006369280070658734,0.006479705446201356,-0.009875594102503382,-0.005631215097956721,-0.005214044619714198
2015-01-19,0.01952790479505606,0.013414339806406383,0.009954324373630197,0.013324557491720235,0.01242321644297606,0.010130043511967335
2015-01-20,0.014213404705966548,0.004053845457395067,0.004673209844167969,-0.003820221328272866,-0.003661713294085378,-0.005328379419549334
2015-01-21,0.009763031219905072,0.007043731583721069,0.00949709975378843,0.0012106437315368979,0.0013871083516288074,0.002504383575439917
2015-01-22,0.0065705930133193036,-0.0028624969098572928,-0.0027403004623666183,0.0012108698728667822,-0.005018461992381096,-0.0023778814743540266
2015-01-23,0.01457604193617379,0.010725477314981191,0.01647105301326013,0.013472798327070157,0.012459598397142724,0.013423711131541838
2015-01-27,-0.0009835109555428323,0.0021864448278352544,0.0017828745548504887,0.00450136032719306,0.003610902624704204,0.00324945970869317
2015-01-28,0.013609571177165325,0.010872906332580534,0.005759238405899092,0.002849374476377786,0.011818327576533783,0.009822102580174352
2015-01-29,0.0022313532941309333,0.006267350621492085,0.010895284229854862,0.009053030404144513,0.00980478919915928,0.008870566091683685
2015-01-30,0.0013047430515189529,0.000639863747556646,-0.003977495379517304,-0.0032527683870225976,-0.0040477721793532595,-0.004137147302257671
2015-02-02,-0.02671022210536078,-0.02116141318148801,-0.02025037378171224,-0.006607457543694406,-0.008468408157936258,-0.008562821573654844
2015-02-03,-0.000618419301610551,-0.014320380993072535,-0.0033788702920646285,0.011543391176787043,0.00132350679516402,-6.500141942278326e-05
2015-02-04,-0.003986829623847665,-0.007734597455549053,-0.006215594406026259,0.004693020492133382,0.004061106142804194,-0.0005860500197987228
2015-02-05,-0.015793605415136636,-0.002894168877900394,-0.0024603497976755095,-0.012341222770249516,-0.009549354593099357,-0.009448295167644893
2015-02-06,-0.0006649830019660463,0.00015787345269702158,-0.0011484248417519272,-0.01146211702736677,-0.009452533224371118,-0.007490845292924875
2015-02-09,-0.016894696907963858,-0.016536963089021084,-0.019667557767665267,-0.02079637992999217,-0.02095183400916023,-0.019992883116218496
2015-02-10,-0.010636225857124537,-0.006318274437330684,-0.0018397535119338837,-0.01753812122790277,-0.012465335188233895,-0.012731008039180036
2015-02-11,0.018443225769652294,0.01785179046223817,0.016912564020194587,0.011779192305313213,0.014474050359686519,0.017575662083742838
2015-02-12,0.016985941851948683,0.016970307076503932,0.009646702995905088,0.02479145169726582,0.025941782557310056,0.02488246333700017
2015-02-13,0.012741129102057158,0.008400361068598983,0.007037193350683424,0.009771972116839223,0.01328652651703699,0.012866525046654642
2015-02-16,0.005046125629943887,0.005780394408443801,0.006059814730068114,-0.0032694684579007705,-8.538626880072453e-05,0.001960980356093156
2015-02-18,-0.0021504729762293895,-0.00499698979766483,-0.00803882094681252,-0.0025530685856482993,-0.0008861024793306305,-0.0022371910064796774
2015-02-19,0.012772189988604632,0.00891865403418901,0.006240223374302856,0.0154097717940056,0.013214819456521809,0.013384170090477321
2015-02-20,-0.010724107266719574,-0.013438673723529027,-0.009759799534996838,-0.01026856353154526,-0.013008047691132396,-0.011958845224356751
2015-02-23,-0.006146035446508158,-0.00178834327256161,-0.0002000786232799756,-0.004089002822426857,-1.4509579391419614e-05,-0.0003540827079817621
2015-02-24,-0.013073448886062544,-0.014730069316295835,-0.011103440421778354,-0.009918807372006233,-0.013920969873743583,-0.012736789661996095
2015-02-25,-0.001559666355520295,-0.01709617780105721,-0.0159177352517601,-0.0020119717611990495,-0.007353656490580063,-0.00750868700142604
2015-02-26,0.0017260835713590605,0.0031706885371476368,0.006964664829118172,-0.00167806193021669,-0.0001676456067577492,-0.0006780822550811472
2015-02-27,-0.00531886582655583,-0.00028285067788458296,-0.003997001124843802,-0.010286572439381136,-0.008431175595285612,-0.008085772219235676
2015-03-02,0.04077630245521302,0.03389073945005805,0.024013554216873345,0.021683560715541894,0.018530712104737557,0.02637586428620131
2015-03-03,-0.0016677356142152933,0.0032749419493360854,0.009469113093604431,0.003438155203803417,0.0064429921037256754,0.01185882527178328
2015-03-04,-0.0015769955790763124,0.007455745146338177,0.011508244552017155,0.0029157971482109968,0.008840516619975203,0.012016949894726237
2015-03-05,0.007624348799233793,-0.002443752473105798,-0.007545071767346978,-0.005509095035813094,-0.0059755409350383815,-0.010946325657821832
2015-03-09,-0.005843951288132088,-0.009491970176028874,-0.00970216771662502,0.000553669911731447,-0.0055170135412507815,-0.00023633522457477962
2015-03-10,-0.014474056124458845,-0.006063714601544978,-0.007672777372289108,-0.0063280408151336065,-0.007140958093764804,-0.004051222170583402
2015-03-11,-0.0014524320466705598,0.002865545090186661,0.002273270451033982,-0.00816556853646977,-0.001827684238217997,-0.0016922686862104186
2015-03-12,-0.004831445127018719,-0.007570928040472769,-0.0066327777450311265,-0.001242441695587626,-0.006240442076760555,-0.005255055908626183
2015-03-13,0.013495364238254481,0.010779061975268567,0.008636234580244873,0.01074523486045642,0.011531916799975672,0.0104729623463371
2015-03-16,-0.01536134930748112,-0.02313115002501198,-0.019402846202355772,-0.01899000352542579,-0.022614404898206875,-0.0267070224339101
2015-03-17,-0.0006171495064749566,0.0001864088760152871,0.004447242612075408,-3.920070603424808e-05,0.0020034947304203854,0.003275638820266824
2015-03-18,0.005397551852480698,0.006191954203900396,0.003093718538234702,0.007921182711682961,0.009690355590780131,0.009130900270144737
2015-03-19,0.008759855830661634,0.0036865786997914984,0.005970062742655102,0.0030741020691364973,0.002533356237063744,-0.000368243521105982
2015-03-20,-0.006576955237824311,-0.013028383516272335,-0.006961120070638094,-0.0018670663666188192,-0.007668423850828665,-0.010065153325320209
2015-03-23,-0.00938613818216083,-0.016523914513640547,-0.017508352345818268,-0.007028676799513467,-0.009114073943628509,-0.012406414152031253
2015-03-24,-0.007763604819640668,-0.007981500877092595,-0.007620796416787701,-0.009090954345742475,-0.012508900123160527,-0.011052685116856864
2015-03-25,-0.014606041173278794,-0.007761317409723079,-0.005023870581881584,-0.005642955375413927,-0.006228888114727105,-0.0018085125002617053
2015-03-26,-0.0065627352134269845,-0.008876482568571764,-0.006112882689573107,-0.0033307191746988485,-0.0021024540298961725,-0.004504406523188398
2015-03-27,0.010521532656494914,0.007826072561865516,0.0016002745766050541,0.0007737647527470415,-0.0009070862989095652,0.0009891500111987028
2015-03-30,0.0009761230889158146,0.003831647665839988,0.0019059221477630839,-0.0022558531168448415,-0.004112760907832302,-0.0002892816205585236
2015-03-31,0.01016251194786899,0.007788771913710857,0.01757305027850209,0.024328208374016835,0.021864034597371296,0.020024702391180593
2015-04-01,-0.01167734163436196,-0.008187754807776004,-0.00214853431040829,0.0019325844872759568,0.0004902454017789992,-0.0019923449359868783
2015-04-06,0.015314845110496522,0.010263855099002628,0.01338126667506856,0.02151174871814332,0.022007727226867946,0.01960609927359047
2015-04-07,-0.007322100127137854,-0.0034241524991768246,-0.0009159013285930939,0.010083191905317923,0.014053410951518464,0.011032624366338117
2015-04-08,0.00018229361468202754,-0.00024229358094207676,0.009403730224307294,0.01119169005982723,0.010203447401923471,0.007938998449219303
2015-04-09,0.01912081701237711,0.010521381652893735,0.006431317899617595,0.01193044733611548,0.008658681155223169,0.0050838975249263285
2015-04-10,-0.00765062980341058,-0.004329850674971603,-0.007001165261968922,-0.009754351400858563,-0.011798361421002213,-0.006698291869961848
2015-04-13,-0.0020902733059583456,-0.001680069053937694,-0.000916550922772208,-0.0032175975546717694,0.0005120811163104033,0.0019808190325656394
2015-04-16,-0.005428951655836456,-0.0032498328514956043,0.0034270241876881435,-0.0009613188039060416,0.000847382510946515,-0.0007831621501908081
2015-04-17,-0.016399586756827844,-0.012177906860496579,-0.014600243409696456,-0.01754316060688721,-0.016113979066378126,-0.009607054595356601
2015-04-20,-0.019644679509571827,-0.015259731470484095,-0.006482134106598592,-0.012747421223113786,-0.011664653607553421,-0.013220386290307196
2015-04-21,-0.016396291076951952,-0.01397888646083334,-0.0060365675312146205,-0.011702402652798094,-0.018704067672956848,-0.01877614426143659
2015-04-22,-0.004061807505659765,-0.005718362286653678,-0.009494438840506492,-0.019592891421162828,-0.015003879878370374,-0.010334988633508013
2015-04-23,0.008986111102636585,0.008380697877542032,0.007320200572597191,0.006665469550801717,0.004626937433579892,0.003451049998083322
2015-04-24,-0.011938683429562502,-0.007639248166773305,-0.011627696432469747,-0.012794538766176755,-0.006078261253122608,-0.005641625646206516
2015-04-27,-0.012789714019213139,-0.010518840177697997,-0.013857271922323111,-0.014934510748483176,-0.015690482603713418,-0.019634375153209427
2015-04-28,-0.015255118442284776,-0.013146411380691503,-0.02111818373321095,-0.03017723160280006,-0.034383984446253124,-0.03529249730924933
2015-04-29,0.01262931717212834,0.008404153391613045,0.014530279396825385,0.02230063781953384,0.02250405654847265,0.02276203165141033
2015-04-30,0.0014403785398491298,-0.0012475614463202112,0.0030075652683931864,0.007582995161415251,0.004593462394077541,0.0024487927590586267
2015-05-04,0.015315514801864216,0.00791147142393056,0.001085571656110007,0.011552624112958654,0.010886522951461641,0.010346177284850322
2015-05-05,0.013860792895030727,0.01009293784459886,0.002936734777090333,0.00034431771381737697,0.008738828080955052,0.010701724401028123
2015-05-06,0.0033099398915279465,0.0022206889669413865,0.004137601045558714,0.003171583952452206,0.011185902194016384,0.0059203983904672075
2015-05-07,-0.02677546719442958,-0.019735620344645155,-0.01793900920829239,-0.01769846802803421,-0.02606224933791379,-0.028921049514417985
2015-05-08,-0.004859499769246045,-0.0010735132488942645,-0.005311692695446957,-0.016168252823107965,-0.013122151165198104,-0.0065499353795882564
2015-05-11,0.0013395090877892368,0.001986018229819031,0.004197157586901978,0.0095656026733828,0.011547256134632367,0.012083317258136717
2015-05-12,0.010197297267938055,0.0060261546662900844,0.005466355983384297,0.011510680377862403,0.014948059756728638,0.015690754270380802
2015-05-13,-0.01642191504453605,-0.01030931227437959,-0.013965950331438326,-0.01836856002426379,-0.01809680544072534,-0.018887767204325945
2015-05-14,0.004082435272612539,0.0025992057257584467,0.007704441763533465,0.012503141466055023,0.007217629716228524,0.005209105375891143
2015-05-15,0.0031986710520934825,0.0018601054009943496,0.003445640056328747,0.008587076943298078,0.010645101895356168,0.01079689918361093
2015-05-18,0.007723978499872164,0.004475995069982419,0.0033028400813437386,0.005358020900936067,0.005213176559045074,0.00525424013773379
2015-05-19,0.012451724747299497,0.006402860354748574,0.009684477825969706,0.017580985445811104,0.014815777726731483,0.011603041783920576
2015-05-20,0.004251568819787721,0.0027047637025165994,0.003931356270009179,0.006392244450766471,0.00986911604418439,0.008383213505520626
2015-05-21,-0.00372501385938262,-0.002741208182216348,-0.0003854398863598618,0.00030617920880060545,0.004588462660350956,0.0017936088832466446
2015-05-22,-0.007473678991371857,1.9133805682081118e-05,0.0027718559684852817,-0.003685830041521676,-0.005714598164714091,-0.005073169268782318
2015-05-25,0.001850648270703692,0.0016811858673309032,0.0010459918671359425,-0.002534436625813652,-0.00010371160360767018,0.0034471709292225317
2015-05-26,0.0011034695659073446,-0.0019457789520460622,-0.004913054336867839,-0.0014773371405840674,-0.0010981532454666931,-0.0011821315180989833
2015-05-27,-0.014080652314395037,-0.008740237255699501,-0.008028429090941591,-0.010502656179988135,-0.008429743923702104,-0.00557614074284718
2015-05-28,0.00025600543764570105,0.0011023379974777203,0.003473457739391783,-0.0008376530598238618,0.006435453510835076,0.006380967606844257
2015-05-29,0.005902923134430971,-3.47277842378535e-05,0.0015173465837576838,0.01767781631844212,0.006579032249627748,0.0012163535996903008
2015-06-01,0.011302576054125213,0.007205191606679984,0.021452371619352872,0.02307615700235277,0.013024623558114845,0.009660473994426155
2015-06-02,0.011947580961725546,0.005845214715418212,0.007608570080400057,0.020389835966900582,0.009150112635978758,0.008083159638764492
2015-06-03,-0.03440281278431134,-0.024499872847227877,-0.0263160599640343,-0.03340784750845527,-0.02802812174539293,-0.02717176020197476
2015-06-04,-0.012856520191265819,-0.008947424054606468,-0.014006252337233294,-0.0070366199276369334,-0.0031874068044723813,-0.005629550260928817
2015-06-05,0.0034499925048980806,0.0011217837665138397,0.0023840399755825636,0.010337594032190589,0.007668238437746888,0.0034038905715394474
2015-06-08,0.0009158710185817043,-0.0015343236561270457,0.004304127135942082,0.014599502328376701,0.01305005494855771,0.01103395501702975
2015-06-09,-0.017860115049452174,-0.012546529134699114,-0.017850771044625846,-0.02746876639593987,-0.03162357238926905,-0.026806756525605602
2015-06-10,0.0003187723009501209,0.00033210657044913106,0.0012769926632072437,0.0007504190051670356,-0.002627692407193405,-0.0023849771051244195
2015-06-11,0.008295330021249825,0.009606014142053976,0.014278043356056536,0.01619866677657744,0.018493920001012354,0.018823672543238246
2015-06-12,-0.023128965278978897,-0.015825121832902855,-0.020272850302137213,-0.023088426840400467,-0.0258717438624243,-0.02222437138110389
2015-06-15,-0.0040982007087303485,-0.001307772084432779,-0.0008946458747163266,0.0008536763420652349,0.007202011822514676,0.0054736373945356576
2015-06-16,0.007974720627437648,0.005599885279115258,0.001943207563498639,0.005970853518320496,0.003989241032688717,0.0012752776796409737
2015-06-17,0.0054842382098181375,0.004417240721416249,0.006991891661255245,0.0036574410044540873,0.0052203641305867965,0.004011853465285986
2015-06-18,0.014301756645631603,0.008437345673477203,0.012058246375583392,0.019245110213969685,0.019232865185524473,0.019421153555025716
2015-06-19,0.009331271158916188,0.00680752653072858,0.008772503939930898,0.017307622407256584,0.012021124704390207,0.009406928376303858
2015-06-22,0.004618106351462092,0.004473853189218335,0.0032447055780264744,0.01533113148730747,0.012746027011893313,0.011663431095255916
2015-06-23,0.0045324300741569346,0.004517054895000205,0.013304974003686132,0.01975803430990397,0.01500200742187019,0.014196396259002153
2015-06-24,0.0031280999569216483,0.0031377938356071944,0.0006246272421703836,-0.005278926716621446,-0.00297611077923976,-0.0001315066687666011
2015-06-25,-0.000420818467437023,-0.0025155224209751914,-0.008009749156591361,-0.00944241714685512,-0.006377702378691952,-0.006668345485700056
2015-06-26,0.0024963444035823734,0.00549076364714951,0.011121680724009764,0.008547525074791729,0.006281717927420827,0.004330075191151028
2015-06-29,-0.012250861782676092,-0.012124520153115714,-0.0027007038249587945,-0.001468206702305408,-0.0022198745446554424,-0.006182014080809539
2015-06-30,0.006351792764765163,0.006802049475759908,0.013199236436940875,0.00987807837346999,0.0072300278899832815,0.006374615551675955
2015-07-01,0.01225821740609745,0.012520878584594053,0.008378776004725585,0.013855987648892398,0.014836370307264923,0.01130979981945135
2015-07-02,0.009484204150143505,0.008230276496183908,0.010119642646046367,0.01103704683921447,0.011494207606795204,0.011896170772996095
2015-07-03,0.009345365593964816,0.006093930058106212,0.005446896150062441,0.007534568928433849,0.0027343891829409994,0.0034560463160331345
2015-07-06,-0.012213221698072041,-0.010703415611203582,-0.012464257503059017,-0.016442497051405103,-0.013405564230556943,-0.014006115379156636
2015-07-07,0.022922807318648486,0.019266842669169115,0.032038562741618204,0.035138078792551264,0.03230542732205888,0.02897566492848136
2015-07-08,-0.00368450256349806,-0.0054893593765260595,-0.008627638709872154,-0.012893503583830346,-0.0054852507270632955,-0.006207809550671017
2015-07-09,0.0009801810617209306,0.001164381968238981,-0.0017193467669605056,-0.010797777701662015,-0.0049235969052817685,-0.001188398368817678
2015-07-10,-0.008425906335546962,-0.005446708036005554,0.0012816751521103065,-0.005561691917843281,-0.004317856077000526,-0.0024917554405851083
2015-07-13,-0.005179105413076757,-0.002535417021879649,-0.0042448212324130985,0.0021355496064703328,0.0016572307386477636,-0.002629105687244393
2015-07-14,0.009155985360398855,0.011523066754733913,0.009005285622770254,0.014784762470027024,0.012606908756508384,0.010391297714470227
2015-07-15,-0.0013604886493301382,0.006184557930665191,0.006085258843260277,0.008437881658621471,0.007598478722905089,0.006172940905543767
2015-07-16,0.010554547132154424,0.00806405854211567,0.006369329203381957,0.0022630644315748683,0.004256335745993267,0.002963660980105587
2015-07-17,0.005957654219930886,0.00926419605738582,0.005231054994755624,0.009575514295326215,0.00922332694007788,0.00996697976736205
2015-07-20,0.0023482639630125757,-0.00045500992330615997,0.0007785320211437519,0.0007011588645915445,-0.002740623599634895,-0.0023501565376433664
2015-07-21,-0.005573412473996453,-0.003185080111804961,0.003674661376755095,0.008426431938590495,0.007549335406654478,0.004542202432090248
2015-07-22,-0.00934502975202478,-0.005728680330777669,-0.012692644460404301,-0.016375162016230682,-0.01806212570068555,-0.012622466333615745
2015-07-23,0.00017368916400872791,0.011051698611244998,0.011470569536754294,0.011053090384351538,0.017387474005566173,0.011332331415126351
2015-07-24,0.0006270037656317395,-0.006739845430449365,-0.006480034791040312,-0.008751534338300004,-0.009905984754449926,-0.007164748367810891
2015-07-27,-0.00865308687622457,-0.010490522508306288,-0.006459610930603543,-0.00204472219068097,-0.004119566485995985,-0.0034829631163671992
2015-07-28,-0.012835092218747013,-0.0131896591184687,-0.006397522648242782,-0.0023999451507072944,0.0017633988773553266,-0.00302696247082912
2015-07-29,-0.008024266013840875,-0.005488761741784365,-0.005062270210522302,-0.0012669124760996686,-0.004414129797584598,-0.004314038788042263
2015-07-30,0.005223410040223975,0.00919028723320614,0.008092960705648578,0.00901265644240623,0.0085654640928845,0.009178699352037523
2015-07-31,0.003750212531456354,0.0028589238439171716,0.013220110374305705,0.014365620402438939,0.013942741853800733,0.010402560798736138
2015-08-03,0.016272856455184614,0.009724321121090895,0.004401116897971402,0.0029675190385198835,0.004378962570077638,0.0060831452234537675
2015-08-04,0.006463175762858153,0.007758058806466739,0.008941180865714937,0.0009338310850615095,0.0005804006514065208,0.0025740686926496448
2015-08-05,0.02451568957736794,0.014243633520877541,0.020439645208278456,0.022537030054210705,0.014948703200499791,0.011652131685336853
2015-08-06,0.0051951040109841085,0.003879681464272311,0.0053400877227156585,0.0006256295051647598,0.0039046248335918854,0.005661378238091874
2015-08-07,-0.003614360552757101,-0.00039386307783173535,-0.001641382019140547,0.002993882950999671,0.011119734634310152,0.007991245345013054
2015-08-10,0.0059788389803641095,0.005608298417396185,-0.00047437430410279813,0.0019494309084460149,7.725160358296179e-05,-0.0016526321254467513
2015-08-11,-0.00556194461628956,-0.0040570494942624435,-0.003697115250844596,0.0022124846322073566,0.004474637351205457,0.0005434795751020349
2015-08-12,-0.005497817406522665,-0.0006856956181038321,-0.007507815735507517,-0.004921764298099651,-0.006695283875296942,-0.0065389817809519135
2015-08-13,-0.004126719545404778,-0.0036533391219969458,-0.010752339255430177,-0.020458371170025913,-0.012909828681852864,-0.011057119410817329
2015-08-14,0.0016869716606380258,-0.003697154610685538,-0.0051897116902271945,-0.009405117587547696,-0.008457943675732271,-0.004929991310785753
2015-08-17,0.006695270049853708,0.010438654702574768,0.012618390028889426,0.014433543343368216,0.017013924081168197,0.016259857451340176
2015-08-18,0.006564131473587587,0.0048449439343789535,0.001217963546838119,0.005985120117220966,0.005149992421835892,0.0032855166555949555
2015-08-19,0.005687873649962372,0.003593608035988405,0.014947384435211708,0.0204881368831622,0.010877287446195094,0.010926760131767965
2015-08-20,0.001091904820108569,0.0011187581618035125,-0.0034971327708915867,-0.0027563795683354098,0.004241109081225991,0.004981862148317084
2015-08-21,-0.019004661631041864,-0.01983627335005478,-0.02499815000735517,-0.028884831508599884,-0.03044478274020146,-0.0273461633019636
2015-08-24,-0.014267967067704834,-0.021238216540183985,-0.028319014154930322,-0.03762081227855252,-0.032168774149899604,-0.029633072948376027
2015-08-25,-0.03896825418032468,-0.039132179171656234,-0.048867478777798734,-0.05583977995947054,-0.05113535103912359,-0.04474438348864618
2015-08-26,-0.004742287363416198,-0.008736615565690498,0.003882490290783913,0.01372226566171686,0.012654832967206042,0.006415834440301582
2015-08-27,0.0018992362169460986,0.00591234915541472,0.01256999724912311,0.012198603548739362,0.00859004122751772,0.009359510399275628
2015-08-28,0.01501815936319062,0.015121970572758325,0.014346469369690862,0.016719304538669544,0.011946430081515524,0.014578814432116616
2015-08-31,-0.0010577700093675757,-0.0022337918424143455,-0.004001871131007695,-0.007001591556811904,-0.001481543258545437,-0.002229736653295178
2015-09-01,0.005336283937426467,0.006896851952201466,-0.0037812667684460344,0.004143221178397827,-0.008803430144811997,-0.0018786159358160637
2015-09-02,-0.0023802368946850283,-0.0014353658477233022,-0.001756181485229491,-0.010119282372226701,-0.007154091029886067,-0.007630484830441153
2015-09-03,-0.008246194325496004,-0.0061577035130687685,-0.0053226520207915184,-0.00449162343011289,-0.001601567957180472,-0.007204001914955627
2015-09-04,0.001285809239099267,0.0020252809078686873,0.0018822060861150014,0.00666852506541038,0.004363553936922671,0.006677056689439631
2015-09-07,-0.012288323941477053,-0.015593768041492817,-0.013327032723044696,-0.02256027183496545,-0.021552616984212625,-0.019996715561714673
2015-09-08,-0.02010029527234858,-0.017840892854627755,-0.01562803849541139,-0.020041061241692915,-0.0211472436793948,-0.020813268890352732
2015-09-09,0.0015694508552621667,0.007832150574800023,0.006032936676261924,0.005521455084709137,0.009236053547496903,0.011673876963547825
2015-09-10,-0.009801345630130687,-0.007025112086058161,-0.010874534580811779,-0.010383815807070373,-0.009439100326011585,-0.011246641188856654
2015-09-11,0.023734149487073752,0.02244718794941125,0.014033621612071556,0.023130126763544423,0.014620070795842155,0.016751050897065634
2015-09-14,0.0019085440623036742,0.0003257633989832698,0.0012353211888209703,0.004596429708902505,0.005686394964258934,0.003380362585020613
2015-09-15,0.008127189892980002,0.005016615129147306,0.005565144447784887,0.006280902064107252,0.00438141950989035,0.0079300548461112
2015-09-16,-0.0023056614239815865,-0.00436345128156479,-0.000684760300041054,0.007915483013093638,0.0076374943382675475,0.0043442284112793494
2015-09-18,-0.002203656632140061,0.00036459073280648013,-0.000540532831206586,-0.0003185423167287871,-0.0031477871620604336,-0.001796284208861909
2015-09-21,0.0019866605258864745,-0.0048979034615416195,-0.006556622504422682,-0.006692382589139068,-0.00970231761930107,-0.008981924845430478
2015-09-22,-0.002469760371309304,-0.0004315664787160056,0.001074868233172488,0.0095422027641332,0.011619101320893499,0.010698290188071669
2015-09-23,-0.018117871868863378,-0.015193759352614467,-0.014309083140561563,-0.020037979739249145,-0.025850116671703005,-0.02400944258460913
2015-09-24,0.015697688476726146,0.011736984861815625,0.009550487636410088,0.013055208890232928,0.01072286085377061,0.008698833533842487
2015-09-28,0.0030806371527705156,0.006107204495227059,0.004805232540111115,0.01342163813070485,0.012369303242048213,0.008661178852266138
2015-09-29,-0.012991461312019226,-0.014362338816417242,-0.010614351588093873,-0.012735584591418325,-0.013865497850233166,-0.015474097276716114
2015-09-30,0.020542094870084737,0.017670822876714398,0.013528416723168624,0.014162934980768815,0.01566397335002878,0.019378868024390483
2015-10-01,0.009210761353619867,0.009741288248367841,0.011632187398862737,0.0233114359950366,0.02391801746659228,0.018157097858649385
2015-10-05,0.011668735431029642,0.0062284519942357175,0.00520615188220952,-0.0026971764803590537,-0.003949772387683237,-0.0008448848004146692
2015-10-06,0.00895178038987976,0.008974559017813633,0.009765164305987728,0.0064745982727763,0.009172699191007716,0.011773061180075706
2015-10-07,-0.001445563259415028,-0.00500838427657746,-0.007283243263235373,-0.0016518211203440103,-0.0031740270590188135,-0.003950806159777609
2015-10-08,-0.001783262820271636,-0.0019314132491895508,-0.0059983737174270635,-0.0003480453093972491,-0.00393111156640924,-0.0027222206196445553
2015-10-09,-0.009688755211391231,-0.004093920373735127,-0.004466222370571149,-0.0038844983490020635,-0.0019491010596548453,-0.0032871821261170053
2015-10-12,0.0008732716839401355,-0.0007126784143889342,-0.0021182935549164394,-0.010307685942452682,-0.0030994292120894995,-0.006510733196617435
2015-10-13,-0.0027684792536705194,-0.0027567035716259403,-0.0037500405866836006,-0.0003925499714214631,-0.007441508413988163,-0.0029482496359219956
2015-10-14,0.006725564394290284,0.00532845348333999,0.0011968667494075547,-0.002078637420906304,-0.0017617963024139094,-0.00012183895782669207
2015-10-15,-0.0032537605126764513,-0.0029387132174030217,0.0005663690904793572,0.0031842885940591703,0.005251506214517532,0.001362964270251954
2015-10-16,-0.000117175661015545,0.0029167971942090087,-0.0007858969825881301,0.00713865710748518,0.006481188425608186,0.005067242086733703
2015-10-19,-0.00405614562277401,0.00236044625343812,0.0024103936917452273,0.00883476473433853,0.009420306819112545,0.004656852513974741
2015-10-20,0.017332751319426576,0.021822816769791364,0.015512308088380333,0.024759753098609893,0.022920838363611917,0.019399702820440012
2015-10-21,0.007905674284565567,0.003709181043083376,0.0044799827106787316,-0.005307984911642083,-0.002715341953747563,0.001126291953157832
2015-10-23,0.006866381270052235,0.008670400465270012,0.006938798016747905,0.001645957997943981,0.011072827393631357,0.00823657056313487
2015-10-26,-0.003143774640816388,-0.002445514349250222,-0.0019638848751519777,-0.002475536090436159,-0.0045059946656114125,-0.005688951873905945
2015-10-27,-0.012915028781709359,-0.006968664882647468,-0.007669051715085029,-8.286786507294419e-05,-0.003028378811960275,-0.0030911158950801543
2015-10-28,-0.0022384998697259073,0.002534572842699312,0.004272384448682054,0.007334648213326744,0.004141961917806247,0.003475976736678321
2015-10-29,-0.0030838115616037554,-0.005212907627673347,-0.0035000717936107817,-0.008519584589293472,-0.00434972788751864,-0.00538447649621443
2015-10-30,0.0023124296832421898,0.011141609852668877,0.004744482245411907,0.005992906838728329,0.011889393657301683,0.011881636135221862
2015-11-02,0.002332024853531456,-0.003173823942023035,-0.0044245666963381725,-0.005055505273872329,-0.01197252844957064,-0.007556078584625703
2015-11-03,0.0012005599968496483,0.010143788735151649,0.0052913075687481825,0.005925625963466796,0.00842770974885898,0.007398608628387926
2015-11-04,0.006931462165931768,0.0035465947562447475,0.006083652231047676,0.004747141840427238,0.0025505171166659846,0.004337501890135265
2015-11-05,-0.006954094936202804,-0.011441180107969906,-0.008671089741713045,-0.008878803823896053,-0.005619843800389712,-0.006059538659748842
2015-11-06,-0.014082906586099897,-0.010962647391273395,-0.008812034111323586,-0.01588877372655706,-0.012846160088123892,-0.015771286265886753
2015-11-09,-0.028194372846673144,-0.03005960137714181,-0.02746069374851623,-0.0440233629707214,-0.04571969174469437,-0.04028892537862239
2015-11-10,0.01620556243221105,0.029093883867397308,0.023584978147706437,0.03109037017024563,0.026570396481523595,0.02406520277103641
2015-11-13,-0.006945910111673781,-0.01449820209407382,-0.00940965418944606,-0.007207554030343344,-0.0012466571463607412,-0.0033902634874546367
2015-11-16,-0.008867831170811358,-0.005247936257030017,-0.006254143520575184,-0.007283062270215579,-0.010388937294513956,-0.009358721915851631
2015-11-17,0.001412679925658189,0.013080925377589203,0.007998357544425128,0.013712899783238974,0.017426141474407242,0.011049548451109281
2015-11-18,0.0018437208776778125,0.0035714953094223567,0.002200686789668671,0.00183579399253464,0.0024536295929364904,0.0008449985903458135
2015-11-19,-0.0033728438909160774,-0.0047312858250808665,-0.0031991510071460727,-0.0029536174371675994,-0.0047727146247888985,-0.003618420712161452
2015-11-20,0.0036325475758784975,0.0015955054139380476,0.0013190432627416815,0.00447743634699993,0.012741701399872296,0.008370270237643807
2015-11-23,0.00239085070233247,0.0006643264682602013,0.0009756001907565981,-0.003651281662684802,-0.002012359836858324,-0.000311473366848114
2015-11-24,-0.00044829142984537107,8.841744993626222e-05,0.0005166908107780976,0.002098174044024459,-0.0057823743443145,-0.002479867371294353
2015-11-26,-0.001522209989345935,0.0032708806238443966,0.00018619214026283082,0.0033923251999208315,0.0034771856310447102,0.0013364268101252463
2015-11-27,0.006385947851902385,0.0019943412566683083,0.0051647662296328,0.009409227515254193,0.009084246275560481,0.007457524385988457
2015-11-30,-0.0017055884403116561,-0.005276491097584546,-0.0031462812840605814,0.004571543696609837,0.003399020557476984,0.002974270692743808
2015-12-01,0.001298698136291021,0.00233130247259572,-0.0006972110982969015,-0.0025317232412772617,-0.005929578930188417,-0.005085304989793538
2015-12-02,-0.000810167950811902,0.003462930095333494,0.005685406124208869,-0.0033506466879318353,0.002856191649777795,-0.0004462948335771655
2015-12-03,-0.0025520807125054557,-0.003968689707464557,-0.0006318656951115331,-0.005573309683776895,-0.0058817909119236456,-0.006763263982007328
2015-12-04,-0.0043780953240185605,-0.005569384416157841,-0.008857540775330963,-0.008086012075787297,-0.008997444692325218,-0.008529145685102657
2015-12-07,0.0034311603315171357,0.0016120666616925572,0.0028198245054540383,0.00561887736095934,0.0032111379406210006,0.005049879113607325
2015-12-08,-0.007935332479963586,-0.008329125847639118,-0.008877953820020545,-0.009215353686977346,-0.009885869893026644,-0.009236846680350186
2015-12-09,-0.011212726164634534,-0.010119568358351594,-0.009268453672642063,-0.008673897594487556,-0.014181668129978009,-0.010878859485277004
2015-12-10,-0.014462622708139139,-0.0068138910285275855,-0.008500071102182316,-0.007839285198727897,-0.011552641583477352,-0.010164277557598855
2015-12-11,0.013078909639167247,0.009518570104605217,0.006375593268542756,0.008348663388263011,0.016051861553774138,0.011229654256043275
2015-12-14,-0.008837372817491307,-0.009193493926679674,-0.008518609175356517,-0.014706147319573093,-0.019515923377705024,-0.017030994835538715
2015-12-15,0.007026756927217992,0.005869159048977446,0.005410904209675493,0.004744292873570588,0.007288496893335994,0.008549445475123152
2015-12-16,0.005313126169240734,0.008736002970199497,0.0071199655840903375,0.014484904824714429,0.01076707396518195,0.009794549219076965
2015-12-17,0.0009011637351798996,0.0006751675568883453,0.0005771273261265808,-0.0036621146679854943,-0.00044350095157097424,0.0006417779183629513
2015-12-18,0.013575169892197314,0.014993162366627066,0.013814921930842994,0.01933355315275742,0.01688968414569736,0.017221099877424928
2015-12-21,0.004418521242946616,0.00010567696622554301,-0.0007689015952554445,-0.002385453249602709,-0.004763767298115451,0.000746606937795713
2015-12-22,0.004710462213993738,0.0017566723101565263,0.003944043997515134,0.005003261768738554,0.005179044078539308,0.005172829984077865
2015-12-23,-0.007225726714994107,-0.0033981430621099484,-0.004537785892703927,-0.0027568600899059437,-0.001582602722699833,-0.0003070926874512159
2015-12-24,0.01629545076991068,0.015520686855036603,0.011517118156609163,0.01163418237332614,0.013432825620187439,0.010612771433250456
2015-12-28,-0.002930545502066728,-0.0029860581933138786,-0.001297720635740629,-0.007407761811849323,-0.0006923759258988804,0.0017486225725160676
2015-12-29,-0.001960375277055948,-0.0008447259663763029,-0.0010730572449919595,0.0009227735547860938,-3.899105662752422e-05,-0.0008051175909168373
2015-12-30,0.005915830382167808,0.005932463252212861,0.006583815941479498,0.009421838195298626,0.006712242824568726,0.008227645482332013
2015-12-31,0.003682775055738219,-0.000292403932361851,-0.0025288663933934474,0.0016331810363694466,0.0029509377985068586,0.0021036953978395
2016-01-04,0.01525773947021647,0.011314303686477789,0.008995759644832901,0.0011928030520369504,0.004091098274366267,0.003031418799748664
2016-01-05,-0.011997336804568826,-0.013612036256694604,-0.01234873109647494,-0.014139104350666898,-0.006457348112406502,-0.005154787093888391
2016-01-06,0.009762777586727944,0.006901518352612213,0.007367392097938685,0.0001398294567565017,0.0003436237678733356,-0.0017028723731850048
2016-01-07,-0.019759365884681523,-0.0186736645302088,-0.016661086399979208,-0.02361038265758819,-0.02358403026765077,-0.020186436401154584
2016-01-08,-0.00677929973790381,-0.010544266750431075,-0.008823924483273737,-0.022343748408922504,-0.018496197670482828,-0.01468900567688991
2016-01-11,0.0017312747860749322,0.0023351155197717244,0.0010849141995548095,0.0007260124082386632,-0.0004002382212080491,-0.0003062305072778493
2016-01-12,-0.00423773756949164,0.0004488166855793896,0.00021971726099390132,0.00692440284696616,0.007565019538418705,0.006451732472228633
2016-01-13,-0.004039498231583671,0.0006498270532777628,0.0007199779954045749,0.0006890237932477561,-0.000787404241426648,-0.00022012115309388847
2016-01-14,-0.020485228015793555,-0.022776631260682856,-0.020857610272721927,-0.028365715275094683,-0.02924405755721804,-0.02335910753864001
2016-01-15,0.010401806955078197,0.01892895246719073,0.016407426555344884,0.009980378899842268,0.011950905769529507,0.013503971477550003
2016-01-18,-0.03361442100913392,-0.03872660493958757,-0.03447152803133391,-0.05156068717004969,-0.05203551113768623,-0.046735732278735065
2016-01-19,-0.005901316490087516,-0.009033136132282182,-0.010086344804621561,-0.011835984424606094,-0.004456434690034872,-0.013412510705156144
2016-01-20,0.004132782609081342,0.004153041727230855,0.004052532756026128,0.004528749516527597,0.004358291155074578,0.002757634027157785
2016-01-21,0.008990906801971343,0.005672256148576249,0.0038829175225425505,0.006647398999457321,0.005136804299796349,0.004109143092931866
2016-01-22,0.002366805669794747,-0.0018520769495820044,-0.002159592665033072,-0.001077049632870919,-0.00022786639021288302,-0.0022142225066719146
2016-01-25,0.017971031822041628,0.015367446034406429,0.014966170667956469,0.022796991773277542,0.02311753615337042,0.022235341171383594
2016-01-27,-0.0067795993383718,-0.00543983506583956,-0.003576346963178767,-0.006686351551303149,-0.003854338958610981,0.0008244288680265832
2016-01-28,3.055903836646223e-05,-0.0018145244079013079,-0.003533623168554101,0.004436115465346502,0.0031432703999518807,-0.000243606745774394
2016-01-29,-0.0065903286445766485,-0.002961548621059573,-0.0018136229853108476,0.0001676662765621728,-0.0024172402420483685,-0.0015779051670207211
2016-02-01,0.008831268855577168,0.007838661106863265,0.007689067745273892,0.013176767961802227,0.011541629981801194,0.009105608760060058
2016-02-02,0.004176983838608317,0.002083042289525494,0.00259200361638956,0.0009355405830890895,0.004632618451409831,0.0034305474951261683
2016-02-03,-0.021844648236318487,-0.0168389417910364,-0.017336499476629186,-0.036997641193249,-0.034985977219511466,-0.031164475482733933
2016-02-04,-0.0012138439357443076,-0.0006329599666213825,0.0026119264776249818,0.01923661155325518,0.009534948423622458,0.0063429892633073415
2016-02-05,0.003377509179607552,0.0012901545978531992,-0.0014697556823640712,-0.00555075885864964,-0.0024141200361615933,-0.0020364456679198284
2016-02-08,0.0024619477652403354,0.0007187696398174293,0.0014144761067751421,0.010469341171301716,0.00973783682088114,0.007944295283844882
2016-02-09,-0.007442631341382011,-0.005913826005599754,-0.005125291148175726,-0.01261872401969355,-0.011151004255140817,-0.010817864469006344
2016-02-10,-0.0068757323069911225,-0.0042148494660877445,-0.0038446718034665928,-0.006051968826026766,-0.0071451058285907365,-0.006726886182709113
2016-02-11,0.0012198850461695443,0.001479907405099068,0.001531961249974012,0.00723952890449131,-0.0018755307807232224,-7.363155395034848e-05
2016-02-12,-0.01589841979921791,-0.012586843985439522,-0.009712096001071924,-0.023612276593385828,-0.022806677714371726,-0.01750969927970769
2016-02-15,0.010289133859382238,0.006754922452551604,0.005138751638384287,0.00827245500083662,0.007531946122220967,0.005807601631344195
2016-02-16,0.006537980497132612,0.00416561144022376,0.004018784493346583,0.005179649473423975,0.006301212727296779,0.004934384795354907
2016-02-17,-0.011825716050264945,-0.007663316669093145,-0.006630007017318085,-0.01784471245063035,-0.01602026279057578,-0.011467232817704565
2016-02-18,0.012177326742496719,0.007919613299284034,0.00656449592763142,0.016985359643041376,0.015134750899423288,0.010861428736893552
2016-02-19,-0.004216644810096204,-0.0026463927143941524,-0.0021777036028300945,0.0004974715410648312,-0.004726478601120632,-0.003535573983127982
2016-02-22,0.0127075412653328,0.008197850963099773,0.006502477991831013,0.009241765124720747,0.010818050228475151,0.008319923452267286
2016-02-23,0.007472506818575031,0.005046738326423661,0.003845339119957769,0.0031189713659989238,0.0024482912130416867,0.0020228602240008886
2016-02-24,-0.01053376463277833,-0.007133253413846963,-0.004745483996841049,-0.015228688777523147,-0.011052563312032193,-0.008322902867235249
2016-02-25,-0.0022687228176510033,-0.0014491016159110526,-0.0011850513479400027,-0.004409775988233444,-0.003982564267618449,-0.0026823673927993674
2016-02-26,0.005964238888666262,0.003975384653495562,0.0037421676748083943,0.0007654589076047102,-0.0006451169909074128,0.00015380385067609303
2016-02-29,-0.00799004898800959,-0.005078336573813291,-0.004282754466311101,-0.009502037197257507,-0.005959076567445654,-0.004433398044161541
2016-03-01,-0.003736267926940706,-0.002651334357569479,-0.00032129956253723613,-0.0002421207665073144,-0.0007575405414720349,-0.00038567313293425
2016-03-02,0.011945423114362308,0.007837726248852928,0.007186403331979729,0.018499384744378178,0.013153374321793532,0.009925789816789932
2016-03-03,0.005602150003061412,0.003923536429316199,0.002143055916818515,0.005241637114894893,0.004110431193927511,0.0030432080292470687
2016-03-04,0.003702924966090926,0.002391395158395815,4.354802390582613e-05,-0.0018227938474554284,-0.001132985374667328,-0.0007341996574475873
2016-03-08,-0.0014502542467086377,-0.0011977535941049,-0.001503216634682225,-0.0024308720593791966,-0.0019273849999955628,-0.0012427055423301914
2016-03-09,-0.0005545294779857324,-1.9122263755333435e-05,-0.00034986048872553965,-0.0012103067808190149,-0.0010212130443477685,-0.0007446010434805084
2016-03-10,0.00616880934069286,0.004038755803821958,0.0030293258637608123,0.007638732089722211,0.0054215771823391545,0.004151710670700748
2016-03-11,-0.0007457880061931821,-0.00037895900058704246,-0.00012614204453131883,0.00019142863819010536,-2.9953155969986156e-05,8.482725579028738e-05
2016-03-14,0.006889000032297199,0.0061960263701479334,0.005507215702562851,0.006921803810657101,0.006510823125489118,0.005022631205430006
2016-03-15,-9.442373769208423e-05,0.0004086334013904125,-0.00029114362790039205,-0.0004298928055107565,0.0010239807665382017,0.0008605527332554708
2016-03-16,-0.0067788374017364594,-0.008270540316331787,-0.007910022644203707,-0.009153542272274273,-0.011512984315511732,-0.00845970154609299
2016-03-17,-0.0026879708086332554,-0.0006286003624159653,0.0004160875696532784,0.0015686445049429842,0.0011329751678850197,0.00098468738552282
2016-03-18,-0.0006658618198335242,0.0010288722223670277,-0.00020531337353046908,0.000225306816181714,-0.001300245362528707,0.00047240044662433256
2016-03-21,0.008300396610495753,0.01283515856464823,0.01249154077801129,0.005470429795332077,0.011399385687817842,0.012645079149154137
2016-03-22,0.008162888087283049,0.0127856878984276,0.01496063002588821,0.007550352132498661,0.009440383459395463,0.012966159383103637
2016-03-23,0.004941216756753741,0.0009555433455785689,0.004544782971350969,0.0071298054792492405,0.005093213162147947,0.0033422312944062504
2016-03-28,0.006945144761839606,0.0060335534513735745,0.004309234207778623,0.008082666335210265,0.008164119512115153,0.006853980952264527
2016-03-29,-0.022458447744909016,-0.023146722423204813,-0.020557239452104747,-0.02264606820978321,-0.02865862288537646,-0.023317167193808275
2016-03-30,0.018886384494829045,0.013133722182878449,0.012363698168094572,0.016349398069764653,0.013969186721078053,0.012026150803734925
2016-03-31,0.01571008042581057,0.016387737004939673,0.01612183040964421,0.017678602997491577,0.019783449021464783,0.016394798901562035
2016-04-01,-0.002827328116420169,-0.0023067686397473253,-0.0006538934765576432,0.00047713755521194834,-0.0015490733696852388,-0.00025882224639228735
2016-04-04,0.0005765810398041804,-0.0012163861530128939,0.0027821893202679693,0.00784316530330642,0.0030295648428748656,0.0017917984847568569
2016-04-05,0.002424708319991975,0.003111994209643143,-0.0022110680116537162,-0.00415186472727036,-0.003985999187521849,-0.0022641426485571214
2016-04-06,-0.004760881098445635,-0.009079549501022854,-0.009195526783815411,-0.0031601847048916554,-0.006644493445239652,-0.008872602845098831
2016-04-07,0.012456769912755794,0.011982260804088707,0.010888860107136633,0.009980623713414127,0.009426741348733447,0.011230838028565504
2016-04-08,-0.007086325881567768,-0.008152927435550628,-0.00939163676751753,-0.005480581190503209,-0.007295910486860846,-0.008311874328310598
2016-04-11,0.004769429806208647,0.00904021684839007,0.011072112005257706,0.011709445407588115,0.011604231894751349,0.012140392151795742
2016-04-12,0.013444177927627088,0.018178591305555658,0.016927839760926933,0.01167416303823332,0.01631940536411247,0.015855815861532063
2016-04-13,0.013594217261336805,0.01223204848924242,0.01116694432350318,0.011308533443217916,0.013152486955898546,0.012241109257496552
2016-04-18,0.014751624004575747,0.0122578784977172,0.012631809484714429,0.010628598948599022,0.013009997491174374,0.01216964179654223
2016-04-20,0.014810990163909743,0.014129556228748008,0.011360999945534633,0.012857703730080328,0.013279142577928171,0.01203637550451453
2016-04-21,0.005028114154502106,0.006500723310042922,0.004941790161357984,-0.0016007684741681238,0.0069328601713878335,0.00397942146468222
2016-04-22,-0.008556915638717633,-0.01116802215096413,-0.01400349571558912,-0.011580862006447368,-0.01327429985372297,-0.01413479234809023
2016-04-25,-0.005602733145035121,-0.0022690338471572646,-0.0006466910787582547,-0.004147328127476757,-0.0028815902585689335,-0.001199348352634133
2016-04-26,-0.007125974470349572,-0.009745113846168607,-0.008040537356482802,-0.010020394341762384,-0.011187561410067937,-0.009629813763156747
2016-04-27,0.013782422539539096,0.016331096815658475,0.018212394824551392,0.014684380861353485,0.019553602726101627,0.018511991228045588
2016-04-28,0.000489833092264691,0.0002403034824538519,0.0010523114271971945,-0.0006688116386691645,-0.003642162712006347,0.0010842715140682024
2016-04-29,-0.01299517720638177,-0.012536979402899662,-0.009861667346032665,-0.003900863603748972,-0.011170116787431628,-0.010418887665180065
2016-05-02,0.003704480479065575,0.004220075898921705,0.003726071931013264,0.005913722955901646,0.004373593589705349,0.002137160124717763
2016-05-03,0.01823554336158595,0.020071244203835548,0.015849986241651015,0.010783214793856688,0.023691585257628045,0.017105647953783443
2016-05-04,-0.022370310267513238,-0.019366750319010473,-0.017346236277161253,-0.0182154903586349,-0.022449342991314514,-0.01776993867771992
2016-05-05,-0.006841063341120113,-0.008202197990442195,-0.008544281370395757,-0.006847166052344478,-0.010155672936008941,-0.007460110622313221
2016-05-06,-0.005291854215809688,-0.005347487926759875,-0.003866946182201847,0.0026641317171600676,-0.0003111680317816612,-0.0018507835015688645
2016-05-09,0.0098528283795003,0.010441054514377823,0.011272004564153892,0.010113608370523552,0.010502407287855231,0.010667592923489622
2016-05-10,0.002651760096295641,0.001883060074434395,0.0033169349311494845,0.006857890032728298,0.003811523177983389,0.0053245107645103484
2016-05-11,-0.016019761333554317,-0.013449978512285021,-0.012707499157318392,-0.014215612069569117,-0.014415161743534965,-0.011526153575774023
2016-05-12,0.019830237097453685,0.018936077298788545,0.01761087094935898,0.013843372718003177,0.017915089719916066,0.017345379535992356
2016-05-13,-0.009717248171541515,-0.003382891416935929,-0.00032565750735791266,-0.003881293511122541,0.0019905802543154216,0.0021770206843434448
2016-05-16,-0.004871926529002479,-0.004947903986869284,-0.006296426075030226,-0.0037079967618059984,-0.010400577217686613,-0.008420489446390067
2016-05-17,0.005428435247181618,0.003204368275649294,0.005675671418492678,0.009294380789731438,0.010707068236744721,0.008243052666704775
2016-05-18,-0.011457462506267335,-0.012701265532730877,-0.011234506488457363,-0.013175874874503446,-0.01155791334772871,-0.012052486270351825
2016-05-19,0.011190905886176106,0.009090830263190242,0.008451641364072948,0.010774051147741437,0.009950167953119982,0.008650061541692233
2016-05-20,-0.004442623296147974,-0.006865783564439787,-0.007346817619780066,-0.003725955408663495,-0.008349181496125846,-0.00722341647716207
2016-05-23,0.0016089721790444322,0.0009278515284834032,-0.0006392027116163268,0.0038107289464541783,0.0035146463662023564,0.0008109854298519181
2016-05-24,-0.005812191927975441,-0.002894875983771805,-0.0034970396828558625,-0.006849183882852605,-0.004216926447267899,-0.0029757101852414536
2016-05-25,0.012613389425583321,0.008115525612510055,0.009080701024563043,0.0066918460358353915,0.01004038990766265,0.0075942349403221865
2016-05-26,-0.0010171848587429144,0.004657947513120098,0.008205996282353967,-0.00038707530412807056,0.0009989144298672148,0.006659091721368249
2016-05-27,0.013067912551576244,0.012285621703101324,0.011588418487147978,0.013519133874548617,0.01830350692822602,0.012937134700147679
2016-05-30,0.020197777292227048,0.013712689588091242,0.012727089966683147,0.019566143154186033,0.020073921737017608,0.016463448855683183
2016-05-31,0.010931735647155438,0.007293402749586786,0.00416176552736891,0.004148629873510279,0.007078685115817551,0.004544703325806587
2016-06-01,0.00964063693961048,0.003579602531895709,0.00403352737912388,0.010346720256157571,0.0099583298315018,0.0045912406961376995
2016-06-02,-0.003656743005955976,-0.0024221124476212497,3.244115852640839e-05,0.003980126450157773,-0.004003762742222472,0.00011028824237868662
2016-06-03,0.013127991512354997,0.012091511220317264,0.010306009484564171,0.013542903183750843,0.013629526000056735,0.012801875807505247
2016-06-06,-0.007368871139698863,-0.007967175945396754,-0.007086460910044945,-0.0069678077485558765,-0.0067955363584386586,-0.006653273624427913
2016-06-07,0.006660696249576548,0.004908110904342511,0.0047250426011260505,0.0064870470935818325,0.007391923019018698,0.0051671873802590085
2016-06-08,0.004319814482003359,0.007734174921270487,0.007050324025737131,-0.0020850611737927016,0.0033281493502299586,0.004360837926757233
2016-06-09,0.0022431204600623644,0.004430345017179205,0.0050630776533668875,0.003505766551775036,0.005374971630864422,0.004532184867668043
2016-06-10,-0.008012236428210251,-0.008206500239966608,-0.009533484856810381,-0.009615057501662805,-0.006882332310643724,-0.008728640236292828
2016-06-13,-0.009970436961805773,-0.00864689088902204,-0.008970171309876873,-0.015789974951792574,-0.011564797137652238,-0.010415349237098859
2016-06-14,0.0009579463133646549,-0.0006720790820184952,0.0015811160103702537,-0.0004726966799749599,0.0004763439228165911,0.0010261427690416713
2016-06-15,0.002557115781656405,0.00282089795487539,0.0023785641221023557,0.0012138753463850627,0.0029402302248902057,0.00336147893118266
2016-06-16,-0.0006762883580421208,0.0011438347838246266,0.0014316001766712105,-0.001612080607410027,0.00026629453207616116,0.0006423056197268906
2016-06-17,0.008975797778569605,0.009275746068610147,0.00629801615788983,0.005830778564647865,0.01106500596339699,0.008237287673348526
2016-06-20,-0.012918764166516605,-0.01023627611113842,-0.008609010123330707,-0.011366243553761035,-0.012813305617568771,-0.010251220140267359
2016-06-21,0.016160517870406954,0.018848159444444956,0.019208820592889086,0.017928818141936587,0.02184327229536942,0.019430986488614632
2016-06-22,0.0010261046554767006,-0.0013276578163544661,-0.0024773024902495777,-0.002250117763312298,-0.002425856574773455,-0.0024140978074004282
2016-06-23,-0.00403137122510433,-0.00047333952302219817,0.0001509807786062023,-0.0017214114099001199,-0.0024472740630316903,-0.0005643922577913685
2016-06-24,-0.022302288877931398,-0.02578781524165552,-0.024130210887821302,-0.021485562796049074,-0.024813938531445978,-0.022269769615408053
2016-06-27,-0.001290843144629239,-0.00020424977292954338,0.0026098245854597746,0.0007381178505532215,-0.0032457285029262595,-0.00043318858051832887
2016-06-28,0.017480136196382556,0.019347247940619594,0.016504756639630136,0.02365332613615756,0.023480642175505162,0.019689838608264232
2016-06-29,0.0076139104584513895,0.009969013157623108,0.013319247505916287,0.009318225652569234,0.010254656826862218,0.010510775746662926
2016-06-30,0.009435735429056846,0.010578674680542965,0.01250854699130377,0.008796528866952924,0.01304607899040211,0.012488989574619636
2016-07-01,0.010733062491618206,0.014492602682679046,0.01569244703313899,0.018062228286923165,0.019035166994932018,0.01741588188938703
2016-07-04,0.016202349380346037,0.01661609261340602,0.012002085359101855,0.00742559793509856,0.008129325635621187,0.007981457184409457
2016-07-05,-0.005705622272925148,-0.003862637284295478,-0.0024400352948055204,0.0008506042226152921,0.0021691849118499196,-0.0007063088111722848
2016-07-07,-8.686468953833515e-05,-0.0024955807960908016,-0.001187361770647155,-0.001511559512430427,-0.001620754392331225,-0.0020765591891016566
2016-07-08,-0.003537373359103424,0.003671640776901519,0.0042562387580380445,-0.007178873358076099,0.0002887951977674774,0.0021482581682017443
2016-07-11,0.006174976160269852,0.006279853539431057,0.007634827412576595,0.007428654804212176,0.007746894219519795,0.009878482656831222
2016-07-12,0.006679065369239456,0.00850970410502283,0.006636044138711217,0.00964390790279257,0.015186843142100503,0.011880064303049442
2016-07-13,0.011961905414151541,0.014654064447031656,0.012883146878918561,0.010872190975708573,0.017232461128215526,0.013084809016767673
2016-07-14,0.005082558899828671,0.0034380108663363274,-0.001155573207131333,-0.0006980815241596217,-0.0006472541669412246,-0.00329671944142107
2016-07-15,0.0018998509723362478,0.0032183363318414315,0.006432369876941513,0.007237397808969037,0.007457518438338084,0.007558871256361233
2016-07-18,0.008152657484544745,0.00603231964872597,0.00592002004123926,0.0060178367954613066,0.0042834370196502825,0.006082737124261328
2016-07-19,-0.003870890725607312,-0.008973798815451905,-0.007836120426143678,-0.004613120869809362,-0.008558766395781237,-0.007778518757032948
2016-07-20,0.002525653918246551,0.0017823661938989321,-0.00012123623107673787,0.0005120120262784855,0.0020276404502048706,0.0007215672013467511
2016-07-21,-0.0019789480675721505,0.001932720890898354,0.00574059724588194,0.0069209901358837644,0.005115997067052014,0.005473103489845643
2016-07-22,-0.005817009183236466,-0.007638325991473627,-0.0056211342610649195,-0.0026849764424331513,-0.008985558652525594,-0.004933676977783685
2016-07-25,0.008814516291372199,0.011806557884969315,0.009349534841019302,0.022432314131756614,0.024229694207099195,0.017837209057074643
2016-07-26,0.003508167877722901,0.005876445299809463,0.008231861352846481,0.008482246783874325,0.008000075381152216,0.008430516208123962
2016-07-27,0.006037606636940973,0.003079432508253488,0.002759455300063829,0.01944566118016744,0.011136688679083129,0.009610637564247959
2016-07-28,0.009379587299613412,0.00910828587893775,0.006095049382662143,0.010976372531731116,0.010568893371338595,0.008761063204528963
2016-07-29,0.001451743757278745,0.0031038233149143224,0.004067301686943692,0.01289609476846798,0.011110627425649167,0.010710894029963836
2016-08-01,-0.00020195761330621398,-0.002918711678750796,-0.0017988877626193833,0.0032498966156859765,0.0015678951683468778,-0.00021655464422531967
2016-08-02,0.014043232644582737,0.011183412269660797,0.009794325378297719,0.027824882081126878,0.023291727826052933,0.02023738642525763
2016-08-03,0.006520251846924285,0.0007649390958581748,-0.0016265927475773712,-0.0010204900717541987,-0.0067074035890717365,-0.0036556373505919337
2016-08-04,-0.011213289574810492,-0.008987754234132228,-0.007502191180518092,-0.02328699280276958,-0.01467947311115625,-0.011965521918431699
2016-08-05,0.00522271960257692,0.007547065346847903,0.008367999004420534,0.01162454112902589,0.013020035063356028,0.009322714795433118
2016-08-08,0.018535354523379066,0.01737046716416968,0.01902544070087986,0.010097068500356965,0.015757994701730338,0.014604546163709653
2016-08-09,0.008557363491861647,0.007084870966893808,0.00654465602888088,0.01293041201157985,0.013738862236087668,0.010108964284928579
2016-08-10,-0.01193555313830541,-0.010592353431553625,-0.009398280480368615,-0.010976008889378441,-0.013052945900012936,-0.010671554305051845
2016-08-11,-0.011568950120514399,-0.013683705170213889,-0.017861320744416376,-0.013642785304080363,-0.011620497148929543,-0.014112072559430588
2016-08-16,0.011340071423871834,0.012088713868356749,0.005597809178668145,-0.004928777395819095,-0.0013276143250453565,0.0020127344407467884
2016-08-17,0.006332136774473973,0.006074101610709759,0.004609260343606758,0.0022325762328712084,0.0032922334307301515,0.002159306760405544
2016-08-18,0.00971267188048075,0.0077105265045438465,0.007085642495304967,0.00945456884565532,0.008982766131104603,0.007085394211883589
2016-08-19,-0.0019017133860299573,-3.3329806301773957e-05,0.0035604937031530337,0.0019461901611044219,0.003268966056276801,0.003630897266776456
2016-08-22,-8.073574465339295e-05,0.003269451315896177,0.002215373744100857,-0.00404155482722246,-0.0008927148618796954,-0.0004919097921615156
2016-08-23,-0.0063619924093356595,-0.008298028421266812,-0.010296413590552889,-0.004861036082150494,-0.006615693780803844,-0.006349143369290822
2016-08-24,-0.002627253330566459,-0.003166526960904359,-0.0025376543849208177,-0.005570358930331865,-0.004583825484080428,-0.0037440221205368163
2016-08-25,-0.002659446414965405,0.002207874197202475,0.002294977906850848,-0.002392641223574854,-0.0004931799816332294,0.0008690916253406566
2016-08-26,-0.005628405665526692,-0.005515973646223693,-0.0056055942058835795,-0.002531479424398797,-0.007342746927184174,-0.004637503817376154
2016-08-29,0.00494413469768884,0.0034825695913980326,0.0008867377482639771,0.00789622738405904,0.004671909973030353,0.005821111283099922
2016-08-30,0.010468023931494042,0.00969198792329995,0.006310029586132471,0.006576745326873024,0.010672555281803664,0.008303540986219327
2016-08-31,0.008306575049150222,0.008799771225341368,0.013855266982639058,0.01717774778509784,0.0168281424764416,0.01701413090192916
2016-09-01,-0.007709514246472038,-0.009318606864548551,-0.010695515184726445,-0.004773575387917561,-0.009555747145311932,-0.006031753751628233
2016-09-02,0.0017310045327472157,0.0031163966738763094,0.001047723911306253,-0.00013873649486018103,-0.0019393356257184635,0.0004087106093997317
2016-09-06,-0.0071068167728500775,0.0012528857253302217,0.0028861440437024655,-0.005220230756785682,-0.001219789832539231,0.003179627304547017
2016-09-07,0.020490074008366888,0.02315929907605674,0.020508882000281226,0.017501435063853155,0.016952127274452833,0.019890640576952556
2016-09-08,-0.0022716807189050447,-0.00794168544694307,-0.007673193636095643,0.004335577798652901,0.00045206524088059474,-0.0034841462070760443
2016-09-09,0.004395225883263576,0.0035317815237652095,0.005742614785682054,0.007932253952148027,0.008310875659429895,0.007896181937208091
2016-09-12,-0.031849739844961644,-0.03237556094523075,-0.029974112204661507,-0.031087179348788463,-0.03575264905196163,-0.03495212964341088
2016-09-14,-0.021486387654425343,-0.014114281573620935,-0.01699236991349584,-0.02069842378290454,-0.022890563280163034,-0.016927347129367498
2016-09-15,0.01185720394235279,0.007543463671492834,0.007268471551836075,0.010738715155342415,0.008345415669955614,0.007015759761478169
2016-09-16,0.007848622359615032,0.004811424029512512,0.00403694334057203,0.008163420676746913,0.007541902761792452,0.00587808032590198
2016-09-19,-0.0068197135172968215,-0.009338908245136168,-0.0059353582919056125,-0.0062266139551842015,-0.01054945915711647,-0.01156390486545722
2016-09-20,0.0029982431399051546,0.0020080650082332507,0.00595043066102563,0.0022943940062434276,0.002657669117467343,0.0049052683922601314
2016-09-21,-0.0016030172695526979,-0.004045383085814147,-0.0054212938218139994,0.006114388159650597,0.0036983187150809727,0.003453889958714207
2016-09-22,0.011818410865181095,0.010221797612447903,0.008339082914020413,0.0035164158238365495,0.010536052085629022,0.009785787211331831
2016-09-23,0.0007649398801290452,0.002249543270589127,0.003038602502224652,0.00979050686242755,0.010071312747498729,0.012092973406174767
2016-09-26,-0.0028017910642633703,-0.0026524650788227744,-0.004860805894591369,-0.010832245630487347,-0.008815349931505012,-0.004583069002596418
2016-09-27,-0.0011655817952658243,-0.00040782466476629864,-0.0011929203845868486,0.004152078180780006,0.0019521095889454276,0.0009842680428799877
2016-09-28,-0.0035493465827763915,-0.0016658324384732914,-0.001795518054280354,-0.005231102525227516,-0.008562700810944901,-0.0072985198591390965
2016-09-29,0.0153037831529097,0.015568215044444278,0.014665191373371744,0.009110208140301168,0.01635255383531109,0.014486092864329336
2016-09-30,-0.034099487914960536,-0.03679203663606312,-0.03351984239665495,-0.047030874842289294,-0.04800779865919025,-0.042297710943930755
2016-10-03,0.023905072196497068,0.026373131293642826,0.021874696853265707,0.034786712513029006,0.03633712183888527,0.029027805584959765
2016-10-04,0.010368958174089116,0.018042793353197473,0.018257817636295526,0.018369991878415926,0.016921715045509655,0.02335799022445384
2016-10-05,0.013125229043449371,0.01210037907524053,0.008238332557945593,0.006132452604729055,0.009343732307679486,0.004835958569681331
2016-10-06,0.005779751478494077,0.009582959037163441,0.006667592322765037,-0.0005008338947187774,0.00505006533171759,0.005093035042135652
2016-10-07,-0.004165407896583928,-0.003400202680980735,-0.0028773894184658255,-0.004202857837958152,-0.00015736523747456044,-0.0017897533998092463
2016-10-10,-0.0005244644336855897,1.6459417229830464e-05,0.0006286047084997914,0.0002854836520480575,-0.0014744541085791596,-0.0009706204003709917
2016-10-13,-0.0027342068645453965,-0.003887352508586406,-0.0035265430696047595,-0.0013107297901510107,0.0012341880229698177,0.00034530494194529027
2016-10-14,-0.009274552452563367,-0.00885002830666326,-0.008762884236927948,-0.003027748580052614,-0.004537364273761169,-0.004057775970510824
2016-10-17,-0.0022067833626969735,-0.002493746626418214,-0.003043649436763718,-0.0022939186960218017,-0.0038337399084532597,-0.0022971930977510047
2016-10-18,-0.009481761717541115,-0.00407254443589955,-0.005042168414026049,-0.004571753401913181,-0.0066679993095140055,-0.0042983332641418626
2016-10-19,0.013036376414807815,0.00989066678206263,0.009627811829020283,0.01527808160836086,0.013484353812781347,0.012291857218357016
2016-10-20,-2.383326561616883e-05,0.0016773947001436085,3.481811548033953e-05,-0.003005778025012895,-0.0014567502446162228,-0.0007967267105705167
2016-10-21,-0.0004414247364209478,0.003786875166099657,0.002907881914401722,-0.0025286112762881174,0.004385830221302678,0.004606324565701536
2016-10-24,-0.005581690303681941,-0.006105829177040389,-0.00496628525322107,0.005218919938197564,-0.0013707720115113675,-0.0025269062374635443
2016-10-25,-0.01391302024515717,-0.01185585072838824,-0.009637612320422262,-0.011257654071045953,-0.008832631645173228,-0.007222491796021191
2016-10-26,-0.0037446797019433653,-0.00413320057791311,-0.004414693031159045,-0.004412667699331907,-0.004052818910061928,-0.0038132519789432218
2016-10-27,-0.013302102722915654,-0.01609863302192105,-0.014021399534717927,-0.013106549982249915,-0.010898108865656342,-0.008810664788109435
2016-10-28,0.0017813233145387297,-0.0008932495685572972,-0.0023528733694702098,-0.012521861531200495,-0.009159175400354158,-0.010629788113084793
2016-11-01,0.011107148908538589,0.013539563770660568,0.012374587407972593,0.015291005555327697,0.012893159053354752,0.013552305364376904
2016-11-02,0.003163514369479481,0.005859866507815559,0.0017813102596477837,-0.009749444075574654,0.0014036475768062218,-0.0025198809270005063
2016-11-03,-0.0035362368191588223,-0.004269696916327281,-0.004440629093674486,-0.009489734900084978,-0.00581412978277529,-0.009016460215949595
2016-11-04,-0.004375202241566178,-0.003969093674389912,-0.0041836855489366664,-0.004955058270238455,0.0013816422198664746,-0.00021893776133219411
2016-11-07,-9.834860891344555e-05,-0.0002397748219183926,0.0003228328743840603,-0.00420762268150221,-0.0049267732368354356,-0.0024861688121334824
2016-11-08,0.003633104892119432,0.002936143835944982,0.001350443757552,-0.004013491235204003,0.0021568929112130153,-0.002110639836525152
2016-11-09,-0.06195297443615133,-0.05646092630324906,-0.051014447455067224,-0.07371470515663958,-0.07328321708025154,-0.07342587240244469
2016-11-10,0.059887850378970375,0.0613822575846914,0.0550331507959223,0.07128009269352686,0.07605889735563465,0.07725011178849805
2016-11-11,-0.0071682643674546576,-0.006939580696445735,-0.006066579283010465,-0.011049130454190204,-0.006886246490385828,-0.008690989032826946
2016-11-15,-0.022690824544955412,-0.016974662515249705,-0.01551952270138035,-0.026627303479890174,-0.019371723174756217,-0.019840680902793784
2016-11-16,-0.02178313713090796,-0.020601961115858214,-0.019948229079001623,-0.027764957037372584,-0.02968335048363413,-0.03359252293747128
2016-11-17,-0.02108718750798455,-0.020205876382774934,-0.016328339891263255,-0.008721488818808854,-0.01631025651175988,-0.019618354595901555
2016-11-18,0.006282714194229655,0.008553706713883669,0.006685256826619135,0.005623907130216432,0.010530404073903377,0.010641518835398989
2016-11-21,-0.0014097660049064986,-0.007420104642640868,-0.005735223627074126,-0.000556770171641463,-0.0005765828659036742,-0.002273569818327492
2016-11-22,-0.017565294275366794,-0.01362701915878084,-0.010286408144089432,-0.026374215358503927,-0.0328638574953769,-0.030258454567258175
2016-11-23,0.013642815088706683,0.014618673373495428,0.010990983939067167,0.019990357340322173,0.025708989158015783,0.01895024330055417
2016-11-24,0.004710426848522742,0.00694572110356928,0.0052889876023352045,0.006608307840441974,0.0056040537331283335,0.00435289422445817
2016-11-25,0.016557870787439644,0.014561496678743957,0.01096144811477573,0.012288041357141566,0.018321874116575154,0.016537978989421775
2016-11-28,-0.0029910355623999907,-0.0030414229641285706,-0.002630046742958525,0.0032830513433785846,0.0026283774655000425,-0.000943082116448335
2016-11-29,0.0038459840032367687,0.00597955720670007,0.004506360188976544,0.015251189453844516,0.010160170410561609,0.010663442618039642
2016-11-30,-0.007369977426317398,-0.0060987394591177635,-0.004446893652489736,0.006135370412140961,0.0025236951555673848,0.0017384972957268374
2016-12-01,0.00463913301126162,0.008525248360978788,0.007114638309406063,0.01797471318433419,0.01736348031628343,0.014641020936648763
2016-12-02,-0.012035315770743682,-0.014511568790913976,-0.011516792195455983,-0.031026442373098484,-0.026705726867042312,-0.02603376009747793
2016-12-05,-0.0038166665146841527,-0.003652466037549873,-0.002728619337736826,-0.012088938647034975,-0.011023677190510894,-0.010650425626171356
2016-12-06,0.022466964723536265,0.018306984842140217,0.013862698987368027,0.015104899248666204,0.018749220968007574,0.015149836864034372
2016-12-07,0.0012010472294206043,0.0013739977549602767,0.0011019183470288851,0.0032620106979215358,0.0016992585467223709,0.0005932793186127494
2016-12-08,-0.00137933311177163,0.0023940770157728775,0.0018861135507675098,0.014591573003019498,0.008141658641930283,0.006576254506189594
2016-12-09,0.007551253853410378,0.010133630770078117,0.00776208983172233,0.017579418489762633,0.01696508852291334,0.01275832599554394
2016-12-12,0.002622249264078391,0.004032566478800126,0.0031003015391752875,-0.001248346815111101,0.0025529716644614453,5.7467514216646975e-05
2016-12-13,-0.0009695059113763449,-0.001382308495586515,-0.000979098882320395,-0.005323656572615909,-0.0072220584985882574,-0.004197960769504072
2016-12-14,-0.0065608429558903225,-0.008393025909859353,-0.006334665138393536,0.0032688435434360397,-0.0028255178762369715,-0.0017942258319207927
2016-12-15,-0.017897566977679302,-0.01568640705915514,-0.011809368927676922,-0.013670397255553968,-0.01799823508576448,-0.01735758841977786
2016-12-16,0.022956742003943598,0.018221817361365522,0.013762210901538063,0.00864212294553357,0.011930540019271074,0.012644990055116656
2016-12-19,-0.00462805824001189,-0.009152147348188366,-0.006944224604792493,-0.015284281226590979,-0.019500489612318872,-0.010817947559845331
2016-12-20,-0.005655276756649452,-0.0038573779364738936,-0.0028406797773148362,-0.0063652938989890995,-0.0009093612815592733,-0.003373335372008013
2016-12-21,-0.006814791564970224,-0.005520605239169418,-0.004118263847309622,-0.010362943581830097,-0.007069160061815349,-0.005938854275620464
2016-12-22,-0.0028698409165114347,-0.003154595521966619,-0.002300134245173835,-0.0033345500090519176,-0.004540496213649492,-0.004121307099964611
2016-12-23,-0.023338416365799586,-0.024868863006904607,-0.018679676645324883,-0.020713737228618356,-0.022820258566643825,-0.021714669356407645
2016-12-26,-0.006297824726431034,-0.008124905525989545,-0.0060068686691191475,-0.005312124257419337,-0.01060136126883593,-0.006723350944188078
2016-12-27,-0.026413966263673205,-0.024274590194076517,-0.018037436346996172,-0.0186190678815622,-0.019857198571841428,-0.021125245372045964
2016-12-28,0.026002616323371086,0.02530361316181695,0.01881786860406054,0.015400253615608372,0.017795030786945443,0.017897668060998573
2016-12-29,-0.006728651047178902,-0.0063338182028123136,-0.00468635975706444,-0.0048705062765163065,-0.006557281807972881,-0.004780254209802659
2016-12-30,0.02004055625860901,0.017556405330282354,0.013123307042123944,0.023229462498508102,0.01853929984092706,0.016940537840969938
2017-01-02,0.00465806258067647,0.003761709314668016,0.002843503968635419,0.006651197031080969,0.0033982871615103605,0.00466888844227098
2017-01-03,0.0026555948131985474,0.00585732603893363,0.004461058405928586,0.005554228875938261,0.006033398192260231,0.00517858570238694
2017-01-04,0.0017598582306246335,0.0003324516958977952,0.00029862887424725315,0.01925876460623277,0.010185471442138772,0.008295109172876236
2017-01-05,0.0007498557208920342,0.0003425214033412338,0.0002935547217146617,0.001727371013204415,-0.0008880815084755245,0.00032102548286983
2017-01-06,0.005401506523900368,0.010537968622354565,0.008000783864373417,0.020915181185324316,0.015272197855833891,0.01425370604372267
2017-01-09,-0.004174330436684914,-0.0020750096993288336,-0.0015230327247754971,0.0018634278466269638,0.0010974361626370222,-0.0007551339699995996
2017-01-10,0.012924765131892668,0.008158967300172515,0.005506919258393417,0.0020627973612514783,0.004941031227533088,0.002513047539515645
2017-01-11,0.01080038635637437,0.010163952158795952,0.010735763112194485,0.015727516286319965,0.009526844893500419,0.00817699223150048
2017-01-12,0.007652276639164679,0.00643770712224212,0.00494575911401296,0.008702113760248098,0.008098124909189153,0.007928405810042172
2017-01-13,0.010425841983408013,0.01043724361635312,0.009708953326118541,0.013899137870147182,0.012334478737292986,0.013762618368226232
2017-01-16,-0.0159771800606735,-0.011750985305167272,-0.00828680950360694,-0.012080732453942034,-0.01074687726790513,-0.012803540658752333
2017-01-17,0.0020217351567286546,0.006636706164076189,0.003851598940705969,0.00416604191878589,0.0029608091583936957,0.004786724733398362
2017-01-18,0.002102909593839186,-0.003842860329896114,-0.0021653963111698538,-0.008416930146205481,-0.0066375396326793235,-0.005235734365135247
2017-01-19,0.001355458895062167,0.004007592317094799,0.005049352603504698,0.0009291406247016187,0.0023804355504206676,0.0021761335391470293
2017-01-20,0.0044092656379961515,0.0048906377854960326,0.004957956641966188,0.005996086516255161,0.006124035698827246,0.00898774174166661
2017-01-23,-0.02700739030152477,-0.024372359211858985,-0.01976509454270714,-0.028375711324869823,-0.01815130602810433,-0.02056793679240787
2017-01-24,0.01303893733708228,0.016498935601989784,0.01608654282220434,0.016884596289563847,0.015666543560334922,0.014785006070156648
2017-01-25,0.012671845584536268,0.02057610962567158,0.020521200675887474,0.019534085081761354,0.017430102295316052,0.017088422399558878
2017-01-27,0.0038783230233441213,0.008204414072866761,0.00674346889339672,0.00810076334857257,0.006837850566838055,0.008085617966371306
2017-01-30,0.02255333698893547,0.014086985188022982,0.007970070311747124,0.02039267864023686,0.008286907644636354,0.009445245396710211
2017-01-31,0.000792330742260372,0.0022180652511967214,-0.000154528080277605,-0.003068651530693245,0.00016900329948055237,0.00012413891356288786
2017-02-01,-0.012594690032365463,-0.017345001000044435,-0.014037556237002646,-0.018188909628687355,-0.017072476062151343,-0.016821388967093065
2017-02-02,0.006999903363963611,0.009877788581932334,0.013486721238311628,0.01528395730208576,0.01175796228851178,0.011331052761793359
2017-02-03,0.006733642545143859,0.009377351492225738,0.007692188282345969,0.0037028627413548953,0.003374736271244183,0.003776379789964368
2017-02-06,0.0007891020037653629,0.0005824279857891135,0.0010996530262881166,0.0009855779464595926,0.00048400237571910587,0.0022846269588008283
2017-02-07,0.010909713014825906,0.005969660677690003,0.006433229961078757,0.006089004300694922,0.005029934065136077,0.00499609816290536
2017-02-08,-0.002792813724133314,-0.0024500721488129873,-0.0024213668586544612,-0.011738538269488341,-0.00549866615242256,-0.005258747462988045
2017-02-09,-0.0021177654650054167,0.004099033276066866,0.0031401777027957323,0.011114029685517002,0.00838376151152187,0.007375449098918629
2017-02-10,-0.0004156948639832958,-0.0040365776799555775,-0.0019946975496436536,0.0017265727879030024,-0.0015155280620715583,-0.0007759723659876983
2017-02-13,-0.004548391076880431,-0.005572797028828513,-0.006218257505122726,-0.004765332825528934,-0.003024115061579735,-0.004976106471911268
2017-02-14,-0.004563398736645463,-0.00011262528368694014,-0.0017485682362166077,-0.0027553619369551363,0.0008065668950985039,0.0009321803155828423
2017-02-15,-0.005306841316201738,-0.009706238782427934,-0.008771751539523476,-0.011668849448969842,-0.006819846352386527,-0.008842316184987764
2017-02-16,-0.005358747701147415,-0.008249161903401747,-0.00829147928892704,-0.00823729382971261,-0.009971910693586716,-0.010279170674846072
2017-02-17,0.014004679473730297,0.020282707068135286,0.01841402736882114,0.024939673758177294,0.025318092497744304,0.0233721308626198
2017-02-20,-0.00624174601379357,-0.0029747735728067326,-0.003124329843448126,-0.004631782807283935,-0.002127516555595954,-0.0003577073105164308
2017-02-21,0.013683079936687603,0.01752050556545348,0.01593353342012449,0.011449782135947828,0.010569514392151369,0.012403835592996959
2017-02-22,0.001734902438274899,0.0009109060951486558,-0.0008648176755634562,0.005121296662895958,0.003869027450442708,0.0030809789371235574
2017-02-23,0.007014548477755511,0.00021177299485786172,0.0001809045891225658,-0.008402313377912862,-0.010337978009530957,-0.009346684659601978
2017-02-27,0.005023558874924783,0.003003961401575772,0.0039606058094225904,0.0036704809462762,0.00017837288559019449,0.0012258037379377917
2017-02-28,0.00334324130392738,-0.001305601945672863,-0.0020304782016208334,0.0012188324076369828,-0.00023241052808442575,-0.003607593726612346
2017-03-01,0.007699390189317645,0.006984334452722063,0.0048019785486805855,0.005954810389937615,0.003714767441200806,0.0024614817731114513
2017-03-02,-0.0024182617627848124,0.001604744549109638,0.0032538843474680945,0.003334125594388837,0.0026012070531726827,0.001468464778037415
2017-03-03,-0.024662134051794626,-0.02142292872311835,-0.021323620891907424,-0.015516574572284836,-0.01583494119785922,-0.018939054045663428
2017-03-06,0.010790022443156522,0.009300536123362457,0.008745272933545767,0.005196985944678989,0.008205347495393367,0.008834107537574853
2017-03-07,0.016941237268428333,0.010661543138839047,0.00982044985705266,0.011743384019699876,0.0060595941612484605,0.0066610607736856675
2017-03-08,0.0015398575219855992,-0.00023687496718871603,-0.00043804471906205844,0.00042465473988517743,-0.002638191628489106,-0.0004767259061777551
2017-03-09,-0.013006288573193636,-0.015353328089946161,-0.012887041092662255,-0.021445049078077538,-0.018269904032374273,-0.015932448159855728
2017-03-10,-0.00012433492579055905,-0.0006358689012605501,0.0006634497536275319,0.0025188401826417017,0.0013301233411850966,0.00036107219316150463
2017-03-14,0.02021523228806754,0.015746031242423575,0.013639582624080715,0.018252200633447346,0.01754691245282558,0.016935593111225167
2017-03-15,0.0015473945623547536,0.001233924845988943,0.0017254462609126442,-0.004178544513853799,-0.004060346185978503,-0.003285012487208361
2017-03-16,0.009633963714748894,0.011819323677864979,0.011379173457683134,0.019904386926998363,0.014574064196374303,0.013398882454821903
2017-03-17,0.012635021827190007,0.013162726024366522,0.012846776366673751,0.011546160451723742,0.011434442372755482,0.010390604065707132
2017-03-20,-0.00322839295525168,0.00010950748947902156,0.0014780343012772423,0.0007914107864606112,0.0008221136320727407,0.0008893293505496391
2017-03-21,-0.0007477640131635654,-0.0014065045228985884,-0.0012631558546942756,0.0010579833642578862,-0.0005943954067039181,-0.0006499616711924672
2017-03-22,-0.012652957028118084,-0.014442937374461007,-0.012434241286624736,-0.012201406797478054,-0.01093144564799875,-0.010306327885739264
2017-03-23,-0.0026788440072340602,0.003975977181046586,0.0011449198088415713,0.005212348636078223,0.007240940392972073,0.0044537144771414905
2017-03-24,0.0067734863237347565,0.009413579411428508,0.007962159899273402,0.01065875942891048,0.007214673944167416,0.00680022337311792
2017-03-27,-0.00015465842069295466,0.0011825337706554695,0.0014882244357741214,-0.006092819352396472,-0.006012628019535393,-0.004265692719229941
2017-03-28,-0.001746871546086326,-0.0007894814023891028,-0.0008158499403292385,-8.574086212875809e-05,-0.0009632660236114088,-0.001546058296171826
2017-03-29,0.005739717626563223,0.005667749830384983,0.006880458857407179,0.004693734108195402,0.0037793794945744086,0.003849399409711518
2017-03-30,-0.0017403260179830182,-0.0006994099614814342,0.000907426961334501,0.002129787896801627,-1.1442118358573339e-05,0.0004653603408271145
2017-03-31,4.830724162685485e-06,0.007099332135730885,0.007521779857896593,0.010610042636877148,0.010160364561754509,0.008336863347391699
2017-04-03,0.013906545565464778,0.013097942694209275,0.012648226666966078,0.01640046249681948,0.010405525025855455,0.009019764321895218
2017-04-05,0.010235445448551816,0.006504979775165287,0.005590882140220188,0.010782347141933935,0.005601703028800031,0.005010853908772317
2017-04-06,0.00830928989023505,0.003852044802878929,0.0037894433281848716,0.01243687328555132,0.004391803702400221,0.004619986994169878
2017-04-07,0.006686070793789689,0.0028398856995082156,0.00037821078205091396,0.005938264973729401,0.007167455292461655,0.004273871409269825
2017-04-10,0.001016864401158557,0.0023591403533058664,0.004406747572171854,0.01791181079497517,0.006174714956942662,0.006859337061013715
2017-04-11,0.0026461013092369257,0.008450349795280365,0.0054774754714175256,0.0058355270595893405,0.005593655840356648,0.0035561776816297463
2017-04-12,-0.019456215093836438,-0.015858081970176574,-0.012564880520255062,-0.0064763604975225375,-7.832736414281616e-05,-0.0044744811900979675
2017-04-13,-0.02063588264170302,-0.014113304023428475,-0.010296896440808223,-0.01787212739890276,-0.011661982761873912,-0.011712994667839038
2017-04-17,-0.006084906291103809,-0.01138976747643805,-0.009917780908459295,-0.0032798859191985885,-0.006864182458048429,-0.006658969139361037
2017-04-18,0.011584528086399315,0.006408250895575618,0.005204981052408186,0.01064995539780611,0.003082023260875033,0.006932337650483067
2017-04-19,0.010834520960250726,0.006613198882791993,0.003590193266061581,0.012955024967642448,-0.004887792146989756,0.003005332704610897
2017-04-20,0.007655875203584905,0.010579612568194952,0.009682418541823168,0.015876285818632985,0.00793395561709187,0.00827298442514146
2017-04-21,0.0078016984381283905,0.008936892453407452,0.006671897281759653,0.0055277672842046766,0.006261208669076979,0.007181471701028785
2017-04-24,0.0007074753579530135,-0.003988942752824354,-0.004703170127289602,-0.0027808278162995137,-0.0028693934008682254,-0.005450173954425375
2017-04-25,0.01282588727176548,0.010702280702125089,0.012402668090845337,0.012456700144734878,0.010425217286874178,0.011415700046865318
2017-04-26,0.011635469667101939,0.007899797975092326,0.009904927372829775,0.007638616024115308,0.01152993753579401,0.009996170932716542
2017-04-27,-0.028269958589955735,-0.027532789242588507,-0.021733664431339283,-0.0284699270191775,-0.012177722635098864,-0.015261784523844524
2017-04-28,-0.006336125752805399,-0.006004415900511595,-0.005240810554064557,-0.00648892449291838,-0.0021972843262925146,-0.003745305636431495
2017-05-02,0.0020946612043781787,0.0048869778658056084,0.0026980673042860115,-0.0016883753135327195,0.005837473790744729,0.0032188875171503817
2017-05-03,-0.000552473803064335,-9.182446068123351e-05,-0.0018890722804116855,0.011960597658086547,0.004484770588139009,0.004935493379528255
2017-05-04,-0.007597356262411981,-0.007278636860515886,-0.005786132344651862,-0.010295435933641461,-0.011189217057519296,-0.00918515093884309
2017-05-05,0.007668602707916028,-0.000841979454328623,-0.0007445928439592242,-0.003329628088186598,-0.003921984141249335,-0.0025510222111866376
2017-05-08,-0.011916432135537391,-0.009072656414681579,-0.007629042223257443,-0.0027487108299369956,-0.008844241921844187,-0.00776153137948099
2017-05-09,0.004415083716339252,0.004443256793895234,0.004682281011892053,0.006044313009635038,0.007148538666664095,0.004820844030122284
2017-05-10,0.0011233678322339902,0.004398783383987359,0.004235643823174096,0.010959843061425945,0.004692814571423565,0.00411620137668578
2017-05-11,0.01313016152059654,0.012125833679148768,0.009073654756138527,0.008980675048658737,0.00405179217139473,0.006030463920326357
2017-05-12,-0.00308291169393482,-0.0051970358236997916,-0.0015682429638753659,-0.011549290707451254,-0.010681845484998509,-0.009880913082634613
2017-05-15,-0.004145905292940011,-0.0028223737960345607,-0.004353953373224861,0.003082576892371458,1.2441270561103224e-05,0.0013741000890412636
2017-05-16,0.00041059668042997544,0.0010506153085843017,0.0043236357031772865,0.005349001490594585,0.005066295406161325,0.004476464544341363
2017-05-17,0.009557686711598512,0.005773734702462896,0.0037891417311328723,0.0033973436858383277,0.0018092410666648018,0.003466477035406257
2017-05-18,-0.0060560573532900674,-0.007980785382221023,-0.009475671701265509,-0.007062276124313094,-0.004208828862492631,-0.0053904814640296506
2017-05-19,-0.002085856811219089,-0.0019345830930321828,-0.00172923160341254,-0.0026566394431051243,-0.004091150655819442,-0.0001010331756809979
2017-05-22,-0.004045248162943382,-0.005202813545108098,-0.002667360692516496,-0.006062267223952089,-0.00605586754238574,-0.005037191936271168
2017-05-23,-0.015740750129232817,-0.013699880099325656,-0.010824741976166452,-0.01777788785688872,-0.016805208804959948,-0.0126198464474927
2017-05-24,-0.015027762644267306,-0.012761604576351004,-0.010813105779748255,-0.013751405707601694,-0.010037712978879565,-0.007991596822119251
2017-05-25,-0.006743226525237622,-0.004532234055993234,-0.007088660419455883,-0.0033362163522233645,-0.0034123903834800684,-0.0001155718940042405
2017-05-26,0.007453494889514634,0.007329859597487998,0.007747190288780459,0.0052189752060554095,0.01126965082301501,0.011392975528810467
2017-05-29,0.011999378067924171,0.008393206411919873,0.00750593101429442,0.007815332919276274,0.01283065167192099,0.009436216519551843
2017-05-30,-0.006897760413328902,-0.005791512233413676,-0.003611487410440928,-0.023551898198382104,-0.020717760835478716,-0.010364780983249
2017-05-31,0.011159038434585877,0.009248749977077253,0.007520489584939005,0.022283256580376776,0.017134880333580238,0.011043050360996176
2017-06-01,0.002534999416680117,0.008241072454915122,0.006141723518297892,-0.007445903281096511,-0.005511723340511532,0.0005829641583667833
2017-06-02,0.005802847301807912,0.00708234463704005,0.0056329570679727325,0.008351932190310274,0.007190230240742723,0.0067466299805396535
2017-06-05,-0.0013551884262089642,-0.002630091959116565,-0.00013630361166805383,-0.006864661294348817,-0.00017010651934190602,-0.0013030904028776824
2017-06-06,0.003357672081422569,0.008317056805034362,0.00772736362749149,0.005438276941919895,0.002163699621686277,0.002973206621528668
2017-06-07,0.009054353783533697,0.016152619210609176,0.01035495283507748,0.01276847526608993,0.001247899757786941,0.0016786429491870702
2017-06-08,0.006156050928535439,0.008970355626838344,0.01004196516852307,0.005109528528064899,0.007050368094369874,0.008081238911125999
2017-06-09,-0.005777199777595277,-0.007233530617351658,-0.00648428209529861,-0.0028534055414513038,-0.003030096610393662,-0.0017668179703805853
2017-06-12,0.00389890750478461,0.005251191762307261,0.005316838893936193,0.0039052427055152883,0.002090132914116971,0.0032078702821256577
2017-06-13,-0.007829555643983577,-0.007244913341264092,-0.007404511867171837,-0.0034487788962992427,-0.0030814770417496584,-0.0032351540734109063
2017-06-14,-0.0007078388582273387,0.0007490344866198928,0.00028401383065213004,-0.002263693636945119,-0.001130746758898571,0.001840961027262944
2017-06-15,-0.0003384008807275629,-0.0018742106567680716,-0.0007662406225658058,0.00035637376277408706,0.002189219915898377,0.0004492840707559509
2017-06-16,-0.0008570990777646559,0.0006725799043005853,0.0017067340070384684,-0.000313883459960973,0.0014690167611013383,0.0031430388821303
2017-06-19,0.005491826632945562,0.003769101631421634,0.002743249556324212,0.004410573283248009,0.004910476436871702,0.0049214418791792
2017-06-20,-0.0018350454424603813,-0.003879561437804102,-0.0011877478551801657,0.0014276696409660783,0.0020626800300516113,0.0013439244771675796
2017-06-21,-0.005123558777613391,-0.002413401926417813,-0.003985758712755971,-0.003155372562726577,-0.004528835774418871,-0.005023144292618853
2017-06-22,0.00787312173262733,0.006314315596499531,0.004757085303759512,0.005698250595432164,0.00388504069219886,0.0032316651968515853
2017-06-23,0.0007602086829827659,0.0007044759184886562,0.0006535773085249996,-0.010478410429760499,-0.007113780701460515,-0.005615034566710864
2017-06-27,-0.0028141233710138325,-0.002831977374142869,-0.002456121807570044,-0.011598981651377849,-0.012467928187542388,-0.008763535459786476
2017-06-28,-0.0023813523601178277,-0.0038909543083242015,-0.0025169293056442887,-0.002188130522593368,-0.008741535350178076,-0.0066399696992721635
2017-06-29,0.0055305230241988745,0.008215010856472471,0.009231742901255613,9.772062852841934e-05,0.0006563686215275144,0.005038703723737603
2017-06-30,-0.008275223768759554,-0.007921475875703798,-0.0030175691060733145,-0.004882829845061276,-0.003446381734867221,-0.004126297967864789
2017-07-03,0.00863064765522159,0.002815148336913209,0.008226587405914643,0.009045498253241968,0.010956049007737167,0.012108692079163985
2017-07-04,0.010133959751786659,0.01106781496675624,0.009166798759922434,0.01158501855614369,0.01074207103247704,0.009852899331580511
2017-07-05,0.0030875082115655594,0.0006558866796493312,0.0008713413464780384,-0.004949664156289724,-0.004354850671113186,-0.005295973823163713
2017-07-06,0.005652048941916954,0.0071992397908497985,0.005920762655486467,0.0056543116670533244,0.008581675366624353,0.006281155995215171
2017-07-07,-0.0021906784333000084,-0.002609942996226411,-0.000899872154412229,-0.0005365356838520352,-0.0013332174154175869,-0.0011786416376807773
2017-07-10,0.018347299311056053,0.013240994773634718,0.0065524112505781495,0.009150534111903585,0.007323182666139738,0.006374018254909908
2017-07-11,0.009132843335504237,0.0062799882288695485,0.008658553248647394,0.0023449557372989815,0.00474237780717246,0.005921528775984619
2017-07-12,-0.005581259702502561,-0.003978098789282125,-0.007008007753134371,0.00011170541601512873,0.0007229445167344917,-0.001391689147012154
2017-07-13,0.010014947801756602,0.009621914020919498,0.008730912436998972,0.011231583689201852,0.006896794679613905,0.009463039352614722
2017-07-14,0.0014290382422907921,0.0036157733963662064,0.004190951314260394,0.003215352698753282,0.0014882936436071414,0.0013867824339899304
2017-07-17,0.002493076571808306,3.6089475319300846e-05,0.00018951915226739224,-0.0054335632153938995,-0.005346847840934976,-0.0063841732406477725
2017-07-18,0.0010551890840451161,0.0011878863063801148,-0.008939663561238431,-0.00028112577760119883,0.0025705250554977077,-0.0060585244977604535
2017-07-19,0.00631964078577707,0.003648139870486844,0.0017442860446907904,0.0021560169051264566,0.0024002467759030033,0.0005515005968248499
2017-07-20,0.006859230937113381,0.004514626795871557,0.005805621949056317,0.0015099884778557726,0.00145115400686735,0.003208257269726289
2017-07-21,-0.006336115539334997,-0.006278866893151713,-0.008362070261589749,-0.0011782497713250795,-0.003879669366876337,-0.0044435878454480715
2017-07-24,-0.0030517239335724478,-0.0005703780547801074,-0.0013818739784703382,0.0038971117490727014,0.0032912958082071953,0.0013129785516448056
2017-07-25,-0.0007277080495770027,-0.0016281430272354624,0.0033000623122907413,0.004387289545171313,0.0021317564851743853,0.0019763006253172843
2017-07-26,-0.009570169717100008,-0.005669560684897212,-0.0035804775700526426,-0.004208796349270294,-0.002515414577438868,-0.0033569246586394597
2017-07-27,0.008015172533500925,0.004104985468629918,0.00032859300563425897,0.00030384366469782265,0.008268659185568739,0.007632846858549813
2017-07-28,-0.009840366677310253,-0.00737574833619048,-0.01141655769169203,-0.009465669819931688,-0.006206119994123904,-0.004695784061608088
2017-07-31,0.004066356599858434,0.007151303730468461,0.007185292843848723,0.009031298603178195,0.00857731534935069,0.007670106763304707
2017-08-01,0.0011629059024524935,0.008407140249846456,0.010686007898133454,0.00222409107791699,0.005082809776520314,0.005074986204651966
2017-08-02,0.0060943229825467515,0.0001881841434669962,-0.002370505191649719,0.003968577793818762,0.003226759034943294,0.0020990145732127097
2017-08-03,-0.0014113537635835893,0.0008246056148704106,-0.0016195620610321981,0.001302268565178899,-0.003272181807657537,-0.0022408151640400664
2017-08-04,0.0009335758033377495,-0.0011322860036484528,-0.002019137668474169,-0.006921544158586146,-0.010872972279435511,-0.00866628702889738
2017-08-07,0.004597285464631007,0.007119480811265122,0.006241457412758722,0.004314708486198082,0.0033929881855401245,0.005152201423880287
2017-08-08,-0.0012299973788238994,0.0007266665057319432,0.00047787791563091986,0.0043827230174493526,0.006243040058519611,0.006814353316393573
2017-08-09,-0.010805160090850308,-0.009713758731774602,-0.009150007088294276,-0.010071523554178397,-0.009169028855605443,-0.010661434053109597
2017-08-10,-0.02490342591182848,-0.02098899255168174,-0.017706554733086022,-0.02332493348444531,-0.016577281092281848,-0.01977755037586837
2017-08-11,-0.028618800678992695,-0.032944831364042804,-0.03113088892177296,-0.029511876987858177,-0.026576203651005104,-0.02999498764018227
2017-08-14,0.012068025317106379,0.0057129292077768845,0.008630141285296045,-0.0015968046120484747,0.007355522572395579,0.01022983756084539
2017-08-16,0.010067769614356514,0.014396518538978054,0.011631708558923481,0.011732947080886236,0.013980025380267769,0.016206457855988177
2017-08-17,0.004893724605926852,0.006041274072877245,0.008947084348023937,0.01406839435620566,0.011526342145882662,0.00886204242148736
2017-08-18,-0.00486065421315085,-0.005925520335299805,-0.007628815447304427,-0.016280956810524216,-0.014738670208454985,-0.012491996363951374
2017-08-21,0.009199774793447357,0.004838938415353988,0.006432832419158041,0.008153582906279544,0.006644553482592519,0.006876758547598172
2017-08-22,-0.006890670939906585,-0.00489829500837391,-0.0034611241142662452,-0.006900592916550763,-0.006863065992566475,-0.004348635256975375
2017-08-23,-0.002197978505964704,-0.0011805684446846154,-4.8633606016812436e-05,-0.00045972083041112555,-0.00024822470938790087,-0.002550238917114811
2017-08-24,0.0052861344014063505,0.005180622816368219,0.004919486062383127,0.00754187856301014,0.007631053778405228,0.006679252304831795
2017-08-28,0.010300560423898153,0.007245410861450807,0.005980811742213543,0.004554150933373524,0.006961271940745251,0.00568813293942072
2017-08-29,0.0059240384120196055,0.0035795304909083114,0.003141228480945113,0.0006282703693749614,0.0002774630253730148,0.003123944792093436
2017-08-30,0.001205921178844438,0.0010194191421042387,0.0013719025454470568,-0.004607030415171742,-0.0024894900873329018,-0.0033185929618484433
2017-08-31,0.003080129719947422,0.004650157847609249,0.003998012977308507,0.008996215068740154,0.010818798049117007,0.011438738816032634
2017-09-01,0.007847993503465878,0.005836403585858685,0.0038919091317868304,0.004540110853537893,0.007473965762623935,0.00726983463483899
2017-09-04,0.005482854065893994,0.004501989220831559,0.00226139837534034,0.003741757351173991,0.00895025694860796,0.00501089040470859
2017-09-05,-0.005804335807985672,-0.00801185395477566,-0.008248658328662395,-0.004812855992677001,-0.0045311702382718755,-0.0024802840675827165
2017-09-06,-0.004078785968027132,-6.130629711742497e-05,-0.0007597674056465387,0.0010683266188060703,-0.0006236894327467102,-0.002264160471238008
2017-09-07,0.008606412114219086,0.0028302302142635405,0.0033724338061338344,0.009416472322249403,0.00960176416560854,0.009701446573072703
2017-09-08,0.0027080843374069907,0.002758235484455751,0.0013804964567341038,0.009509448234547468,0.009580416622799737,0.011936284303913025
2017-09-11,0.0026473595001272887,6.289610055443262e-06,0.0024789781297402946,-0.0013969090544966312,-0.00045412094526964264,-0.002806587656088655
2017-09-12,0.010951042967956015,0.009709057228228346,0.009099620147143606,0.011568472290977239,0.013962286490524445,0.013352458359483732
2017-09-13,0.00517780928594358,0.015294598251583746,0.01215216002354813,0.0019654472241674714,0.0055669882103794865,0.0033370315279632745
2017-09-14,0.0033547002039930884,0.0012016676508941337,-0.0001962344928569948,0.0029606513870854556,-0.0020184760272686786,-0.0034348801083935454
2017-09-15,-0.011382525816831968,-0.0048735894816192005,-0.005800631159481373,-0.0060353646224402535,-0.006422111213407411,-0.005728447164707773
2017-09-18,0.009793782686139174,0.008026089681840709,0.009156685037127632,0.008104523992563228,0.005893604052554791,0.008243042679742185
2017-09-19,-0.00047935997781001216,-0.004739973897000871,-0.0032890998029245777,0.008843225736647309,0.008556343311511672,0.005137280955340939
2017-09-20,-0.00017942843216767201,0.00827007539113156,0.0031777883040358113,0.0009328452236501139,0.0013354953763646815,-0.0002407716018875128
2017-09-21,-0.011061635275076753,-0.004342478204734768,-0.0019975325826969703,-0.005899786003202845,-0.005666753397144175,-0.006993714267030771
2017-09-22,-0.007657972945190217,-0.0010564729166895326,-0.00017020992046434813,-0.014650093359149241,-0.013323224212747786,-0.011081549783393152
2017-09-25,-0.017128676448167512,-0.022244612213444315,-0.020907793988102386,-0.023642481507033852,-0.02328421505575462,-0.02089911866287164
2017-09-26,-0.013388010322117894,-0.013859643319998671,-0.0135994429630788,1.1963769454004236e-05,-0.005031567380701096,-0.007647654661415038
2017-09-27,0.0005826286182659679,-0.0018386906263162528,0.002368333993586269,0.002330609868785416,0.006183358992997823,0.006320900946037211
2017-09-28,-0.01855112044047036,-0.019986854169161017,-0.01715965314863699,-0.012433472392493594,-0.017147969846888045,-0.016856607936476253
2017-09-29,0.0038832881298391797,0.004642524519034463,0.005666691280605374,0.004314731774038627,0.008000957408964338,0.009477039869995041
2017-10-03,0.013149466739806437,0.011241639104446755,0.01363482771039548,0.006545432336521051,0.007148675155329798,0.007859855695668161
2017-10-04,-0.000674473007488241,-0.0009130377333247397,-0.0015199148698982201,0.006398945958066005,0.005472522670735058,0.004930028264978237
2017-10-05,0.006110688097170192,0.005240845578427855,0.0052155398161704,0.004456104875995681,0.007513037287605107,0.003935293985564803
2017-10-06,0.005688535060462296,0.004832918387047469,0.002147195987211692,0.0004848868201257073,-0.0001376784228968031,-0.0002689990021993438
2017-10-09,0.00629356840380102,0.008692452669709416,0.007875005018512349,0.01636740178248286,0.015337033637774056,0.011590449414995652
2017-10-10,-0.005675218832560169,0.004597683825733334,0.0037815878821376714,0.004160179857160662,0.007560479204086645,0.006845924974548723
2017-10-11,0.004848169959204229,0.0030913126612450714,0.00309971073034232,0.0007479338317994966,-0.0007730401266905496,0.0010514759525954709
2017-10-12,-0.005476501893328933,-0.007052615917827465,-0.006351853663447038,-0.00280042379915868,-0.0056409121504577,-0.00390474892146897
2017-10-13,0.014413508351110771,0.013940173621539653,0.012672861541199953,0.019228589898097503,0.020288035902505053,0.016583799182198877
2017-10-16,0.0024310508562981337,0.0013311943266582915,0.0004865668983651261,0.009179503751459706,0.005917074036163816,0.006486726548531774
2017-10-17,-0.00034889925226766483,0.0015530375364050109,0.0029941832632782717,0.002155461551895055,-0.000701718646878513,-0.0025509928809199778
2017-10-18,0.00946661499134982,0.00478366367734262,0.003663629119601719,-0.0034002350985599117,-0.0027958425080738536,-0.002695323355781154
2017-10-19,-0.00026467158157938986,-0.0010830514727122598,-0.002320043264857463,0.0027658511136241515,0.0007713991178879276,-0.0018192518971698046
2017-10-23,-0.0008855903025002387,-0.0030600263055053922,-0.004481832220937121,-0.005906399729296297,-0.006691689364658915,-0.005720633424538435
2017-10-24,0.01705219279040171,0.012293821108305236,0.013162474471345886,0.00805086707540914,0.008596377509622277,0.010638258047087623
2017-10-25,0.005755684660836646,0.0027403093352564856,0.002877471544694865,0.0034886397496771693,0.0056871952720527474,0.005233516470417587
2017-10-26,-0.0110140285308854,-0.0110045048495242,-0.007194899835635593,-0.0187736712643074,-0.015765259379397212,-0.01139419252975038
2017-10-27,0.002325389878149231,-0.00048821015091060627,0.0011429029033047655,0.011225837171758402,0.010767547817252643,0.00998212235849949
2017-10-30,0.0040996307156553335,0.005116427680391222,0.00824333016783374,-0.0026352951590020712,-0.0019443004481406456,0.002466685506554933
2017-10-31,0.002914525790066902,0.005942459666915534,0.004815422599805608,0.008640225246778321,0.006280124062220782,0.004129497271142757
2017-11-01,0.005966976565606963,0.001301202708195559,0.001646985206542162,-0.0010974846923136328,0.001462567698901296,0.003321721968210456
2017-11-02,0.006482615242147327,0.017225578393996965,0.01384693360809841,0.0010814831461103402,0.002134082219807709,0.0012817916227594317
2017-11-03,0.0104276970961239,0.015170834965748226,0.009780068521484608,0.003589204747486585,0.004876599823947503,0.00237466997289304
2017-11-06,-0.003457808440041066,-0.008079428874387062,-0.0055034167096620346,0.0021103093979453202,0.001444434670162309,0.0002507389400938642
2017-11-07,-0.0029605624205949477,-0.0015127453452471462,0.0021426786478984106,0.011730287876147827,0.00765992589807718,0.007188026638072165
2017-11-08,-0.01963552745996655,-0.017250839155054876,-0.014960908994317124,-0.01360560195194327,-0.019081670634047088,-0.015039205543098677
2017-11-09,0.013008327324994129,0.01052766329817656,0.008574581484411148,-0.0044301040110227285,-0.0014503774471440467,0.0026261016644297808
2017-11-10,-0.004015483423476129,-0.0022068646798231173,-0.003266840806485538,0.011713155180246515,0.011638179383810288,0.0053292785182283975
2017-11-13,-0.009131343548287485,-0.002601889305134275,-0.0006043455995371483,0.011294155829012498,0.005023440910872701,0.005837743388223071
2017-11-14,-0.012520144648622056,-0.011313769959375497,-0.011686208590603653,-0.009973436756801068,-0.005000821169370284,-0.0063243368242619225
2017-11-15,-0.006173099050215902,0.0028960151456456362,0.0009438633745710856,-0.007880667514965523,-0.006031409030493928,-0.005265841160281726
2017-11-16,0.0014813754412550395,-0.004742433902095056,-0.002974554033789545,-0.0010450188502303392,-0.008299197484424092,-0.0054483709252476364
2017-11-17,0.013717279118740322,0.014586069466765217,0.01201073354770843,0.02248836748792349,0.020301642087418248,0.017756942109237617
2017-11-20,-0.0038941554310832904,-0.0013310994542344856,-0.0034686380368886827,-0.0005368699380933206,0.000551439154150124,-0.003205622903090566
2017-11-21,0.00029978645038908347,0.0027934152572892668,0.0013767819594590058,0.002119990995389731,0.00866438867373498,0.0065134291984643156
2017-11-22,0.009874496078038364,0.011888266876862286,0.012248054317536061,0.01185148498568922,0.010099877044811967,0.010462357390641719
2017-11-23,-0.0029338346014935457,-0.0030176567048366687,-0.003678599716689046,0.0018849455793663594,0.004267103955248208,0.001893124389957368
2017-11-24,0.0030586983391336364,0.00827248723023244,0.006856504905906169,0.007163140575315197,0.002528774960784075,0.0023351104031597014
2017-11-27,-9.853555137973036e-05,-0.001071526761893482,-0.0013165169749275174,-0.0005412938867189743,-0.0002942097581725145,0.0003926589977867323
2017-11-28,0.0021725058915720297,0.0036007383950793503,0.003384275583172558,0.004597732164846047,0.002548998352250642,0.002945242343068033
2017-11-29,-0.00421915482371471,-0.0026368414957885777,-0.002515446214460648,-0.002942648146258331,-0.0009880939200872518,-0.0009523782822362659
2017-11-30,0.00040852913356070886,-0.0040644366605766535,-0.0033299464151650415,-0.009785158169260622,-0.007422391906939052,-0.006966382579266073
2017-12-01,0.0013379554162120666,0.0014109053334194765,0.0018519244912686972,-0.0029394854563726813,0.0004094004819548136,0.0007166836655978504
2017-12-04,-0.0030208286348507585,-0.005165772465677287,-0.007395226706258473,-0.011750339111372576,-0.012872976867559394,-0.015165582129938238
2017-12-05,-0.008019347249621944,-0.01052064094925198,-0.010260434318022593,-0.00117671900846672,-0.003987161341355794,-0.004494766059143229
2017-12-06,-0.0006050234286946177,0.001029367741261611,-0.0008668235674308411,-0.0002183718871724416,-0.002360683630486804,-0.003918463439365194
2017-12-07,6.960694464330786e-05,-0.002138274611513169,-0.003146283746689793,0.001329291582986114,-0.0009632284465798113,8.883019072603027e-05
2017-12-08,0.016910553311476395,0.014777607907388246,0.01741018184432397,0.016646985882305287,0.020356790773989664,0.021984436802349627
2017-12-11,0.012302720822751523,0.011971789294590307,0.010715460101081042,0.005955054131137727,0.008785045982929951,0.005805121409184988
2017-12-12,0.003276476388588856,-0.0003490062637118152,-8.419612815058208e-05,-0.0029769061707719535,-0.002239993584172706,0.002043275394099764
2017-12-13,0.0005334190978054654,0.0016422555923600868,0.0004448681281454814,-0.004588720054969797,-0.005468661481746184,-0.006560442372682607
2017-12-14,-0.003987985384799719,-0.005682029705294855,-0.0033875384241179862,-0.002366612739172047,-0.004195538708229751,-0.0037242011570985945
2017-12-15,0.005210055253389578,0.009185003921695634,0.00878274616542174,0.005297469247907971,0.005355956743632095,0.00486793621416215
2017-12-18,-0.010743652630927136,-0.007405197758810322,-0.007929331313851318,-0.005390550392867843,-0.007284579378210365,-0.008769214306807105
2017-12-19,0.013723232282378595,0.013669507918585122,0.011199832427582601,0.015013769894019369,0.020068455200246804,0.022627226336054518
2017-12-20,0.012394348526477028,0.010786829227484862,0.01197467370578531,0.012828076538170308,0.016848189277702375,0.01815693848665112
2017-12-21,-0.006881045928563645,-0.0061169640974223505,-0.005514014887991525,-0.006566582245264296,-0.0028899777382501712,-0.0030370986839264313
2017-12-22,0.000968885544619047,0.0033325368224890184,0.00130817967730823,-0.0003836995825173828,-0.0021974492915475263,-0.0017554549139798814
2017-12-26,0.001761508293194325,0.0030031322938375293,0.005697602755186049,0.001818623853298007,0.0021074437411232605,0.002010570966256564
2017-12-27,0.0029288000620510957,0.00018846077503464898,0.0012405328842506336,-0.0006514720517983852,0.005055525463223853,0.003441264219921969
2017-12-28,-0.0035646309335899407,-0.0007496904029329343,-0.0007874341102775961,-0.003020533576061357,-0.0037571812677750227,-0.002490243921103419
2017-12-29,0.0029720336770069355,0.002474468790879314,0.0019436969351924738,-0.002289313677216298,0.0025191787138882926,0.0022655383296670273
2018-01-02,0.0004225914588464885,0.0010464417589133301,0.0014204466324196918,0.0009714534658380458,0.0034995051600898996,0.005527911857810874
2018-01-03,-0.0051399916464544,-0.0059460100177290975,-0.002958319595296799,0.0019486918691122845,-0.0033669299466030367,-0.0036955066892737642
2018-01-04,-0.004497330925895993,-0.002533290364663099,-0.0030186937393952284,-0.004834418871985879,0.003810263600138697,0.0011880319774668635
2018-01-05,-0.0015807683757427249,-0.0005047507168316478,0.0015804451416090437,0.009554103534344494,0.01716909260961086,0.011271566226194851
2018-01-08,0.007544402845468756,0.010985584401210335,0.00938283564222897,0.008225795179410467,0.010774468965807804,0.008524155108632803
2018-01-09,0.004167915706057457,0.0017988948089666668,0.0046599101899278406,0.003059456620241985,0.00751907934214735,0.008970838265021985
2018-01-10,-0.010813736326160006,-0.010057236173181994,-0.009965120589869203,-0.0005071726219290085,0.0007341658848731836,-0.0025787239185051103
2018-01-11,-0.000896131636327846,-0.00027095542150701313,0.00031799224112605273,-0.0022971582298800808,0.0073218997312543,0.004230807492439315
2018-01-12,0.00859268754952125,0.008607096950848048,0.007111884425359927,0.00038721291001464486,0.005665902552547397,0.005377609055891908
2018-01-15,0.0007083567335466334,0.0026194772475689465,0.0016933110585841682,-0.001013946490573625,-0.0026718126089514405,-0.0005606256537887822
2018-01-16,0.004587645196368895,2.218202089343535e-06,0.000280052573182088,-0.0015163465989441738,-0.0011214077801674494,-0.0006856312833970479
2018-01-17,-0.006266021375523123,-0.0085057745150946,-0.006349551072552417,-0.011944109581978335,-0.01377581782756665,-0.012048720881380093
2018-01-18,0.012350366241954847,0.011537238341480016,0.00917812351655134,0.010200635594846963,0.01396287541811203,0.013080739633942295
2018-01-19,-0.0017501386727327706,-0.005766881797487855,-0.0041110330682381235,-0.01851574967804448,-0.02232868508673369,-0.017284143752286263
2018-01-22,0.004006750366561063,0.0017890821283075287,0.0013786029930911159,0.004861449766385917,0.011137008918022717,0.00844895019220604
2018-01-23,0.01662504367938933,0.0130209302449793,0.01573291711174951,0.007028007110512657,0.01658320356511478,0.016946433121178384
2018-01-24,-0.005606670916887491,-0.0011742654207894665,0.0017884494509516902,0.009070727263654987,0.00513345497984341,0.0027453837310074114
2018-01-25,-0.004352978138670971,-0.006642185421785185,-0.001491884869040505,-0.010012578677045858,-0.009528060049455833,-0.0012824324333604586
2018-01-29,-0.006790272499384797,-0.004508776222703514,-0.006195376320477175,0.0020217203185435295,0.004033478309154237,0.004086394806170679
2018-01-30,0.007635130801658674,0.003363002406254978,-1.5386428420249842e-07,0.005712551524594378,-0.0037587759214996463,0.00033525915417254026
2018-01-31,-0.0067890749740803225,-0.011005328037392181,-0.010219863583381228,-0.010900001276188731,-0.010421945588168224,-0.007109202846531493
2018-02-01,0.005642075841113314,0.002341438160055498,0.0035373630226382957,-0.007244887437539038,-0.002755969349744092,-0.004438466861332091
2018-02-02,0.0026985255745413106,0.0017115006442647296,-0.0019443351407218978,-0.020265154798043805,-0.018878392918606934,-0.015425149371976365
2018-02-05,-0.026833818216818628,-0.032208692977323206,-0.029116382544166042,-0.028479269735563695,-0.03833778905486973,-0.03604273305914396
2018-02-06,-0.031290828942642124,-0.025355793539800664,-0.027083485848765076,-0.02734767323136278,-0.01730053465847403,-0.021840768355816387
2018-02-07,0.03806063973162366,0.03374730884601673,0.03402305608432399,0.024412833801661593,0.028992117786633465,0.03086995070902665
2018-02-08,-0.006984579785613176,-0.002980707778527436,-0.0014474606936744072,-0.006712846572759945,-0.0071379219434257735,-0.0054134001198752335
2018-02-09,-0.01052393880294522,-0.009165872352430382,-0.010170754514343239,5.4786894004177356e-05,-0.0003345426337487689,-0.003036173857650093
2018-02-12,0.01776683554865821,0.015757062016113377,0.016121384789033355,0.029646148946547157,0.03366282365869666,0.028960596038877018
2018-02-14,0.0032313540002963936,0.0026041123407241074,0.0010822781477226595,-0.0015722704739496995,-0.003152703219956199,0.0004659183704580627
2018-02-15,0.004559455685330116,0.005143252696418132,0.0058678769958142585,0.0065707233527503295,0.0022291406153933657,-0.0016736228842989531
2018-02-16,0.0020393903801385616,0.0012887804079044773,-0.0002499434961514835,-0.0007397863177436292,-0.0046588025897272844,-0.0050747586684248835
2018-02-19,-0.01531920279239829,-0.013656947546374809,-0.012936285984410545,-0.018899207972810528,-0.019784627321542625,-0.01810553638216794
2018-02-20,0.0017606520346442611,-0.0003125984035122764,-0.0027478585956828283,-0.012293585115400019,-0.01499612403309214,-0.015197428765133303
2018-02-21,0.007377483414458208,0.0029025951011907303,0.0028793959824870985,0.008362382770901178,0.0013619170504737266,0.00036325454924779343
2018-02-22,-0.0019312694463281543,-0.00351716753420217,-0.0027089703512441776,-0.0014467978635411827,0.00404766473121887,0.006026364624253766
2018-02-23,0.012771239917033883,0.01152903323641441,0.0091489367545603,0.007441774373842414,0.013148026981125494,0.012399003630582106
2018-02-26,0.004007781041013292,0.0049337711886587865,0.006120022811343384,0.016345683454421556,0.017777710714445005,0.017924037981119856
2018-02-27,-0.0014424683582628939,0.0021519456038929796,0.0019314515385364661,0.002014728356874329,0.003842038268143666,0.002701768901912205
2018-02-28,-0.006999684503203318,-0.007148135511195197,-0.006276380668776005,-0.010535055573194674,-0.012996421250820345,-0.012043240943952704
2018-03-01,-0.0005266665703042017,0.00043484995547848904,0.0007375578346193734,0.0008560000754040953,-0.0015811679588891847,-0.0017948955983068116
2018-03-05,-0.00855369869786593,-0.005816826994874846,-0.005382596821549734,-0.007909341905223743,-0.008090275026522264,-0.005922330675630194
2018-03-06,-0.0019168451915285711,-0.00265778861969701,0.0018828450148169473,0.0012861673310571309,-0.0008749274408360597,0.0010975104126680346
2018-03-07,-0.009662787175143128,-0.010074697246188924,-0.00957589766369249,-0.017664782410978908,-0.01872857527401761,-0.017929693086458198
2018-03-08,-6.358402546247088e-05,-0.0016524604159015022,-0.001973412711495204,-0.0008887004296044276,-0.002951133130657313,-0.0016656002801270775
2018-03-09,0.0007713453319124763,0.002336795990034668,4.1522737664445586e-05,-0.0007612059915349523,0.0002158211996352577,-0.002668979532019722
2018-03-12,-0.0022749705226888794,-0.0007000463031228144,0.000986411682279753,0.000475380204496334,-0.001238451117717032,0.0008381509299839607
2018-03-13,0.004173588405123274,0.0006255310543976655,0.0004690896279071488,-0.003578429029461372,0.0003375713203184194,0.002055871084381433
2018-03-14,-0.0004154891004152228,0.0022431083511817995,0.0016037878808197181,-0.0008069556223491148,0.0017643744455326793,0.0018412647548826655
2018-03-15,0.0005080699610866546,-0.006025361624533265,-0.0020345370559661236,0.008480181243924356,0.0008109369799687016,0.00232506709007807
2018-03-16,0.006072796339701814,0.006327991559967883,0.003911237849540505,0.0042569239275955795,0.0005958989200491871,0.002745772962885251
2018-03-19,-0.01441712954145713,-0.013754609026572218,-0.010406106341542154,-0.015845564890348496,-0.016773745758222103,-0.01504737366726805
2018-03-20,-0.019557625889617625,-0.020469562745066283,-0.018719224684203173,-0.027789645126889417,-0.02532381004167028,-0.02631917324605293
2018-03-21,0.006143955362541531,0.008718002738241637,0.010273188126551647,0.03050606947737111,0.024686231259509306,0.022109280378566742
2018-03-22,-0.0011077163231296705,-0.0007449084933193184,-0.0016938063682842008,0.0005174018091582688,-0.0022887442182786266,9.907833264710675e-06
2018-03-23,-0.016061206549773388,-0.01521273534442713,-0.013868026635131425,-0.026974100800119638,-0.020691794462038726,-0.021563236614474235
2018-03-26,0.009920254050892474,0.007970362093901118,0.007679717743980685,0.010231476387016603,0.008510607001033454,0.010205648327287209
2018-03-27,0.0110200408528347,0.01875119772632572,0.015005303369419742,0.009656937640519336,0.014109184952924458,0.01527563849412883
2018-03-28,0.0011841854895016102,0.0014720810965600517,0.0004345317070748589,-0.013745960258480183,-0.006319971495084231,-0.0031651132051124797
2018-04-02,0.01215301005013858,0.0074690203728700055,0.008096850786913468,-0.0016463816073775117,0.003061817040905135,0.002849633140571184
2018-04-03,0.014817782188464523,0.011832675122317893,0.007327121066398545,0.009788383421395874,0.007494616794540665,0.012644442120455901
2018-04-04,0.00923882642766971,0.012491888991812194,0.008245316051603169,0.005732122505854864,0.009280929366577872,0.010018111487618553
2018-04-05,-0.0026332017233193783,-0.003137344816528831,-0.0032880888509196904,0.0007355467036289642,-0.002735370945084803,-0.004175234645994674
2018-04-06,0.006138970512985287,0.007572444150300894,0.005617625758217892,0.004462828281988074,0.00555639431835675,0.00508292369769392
2018-04-09,0.008324034668814484,0.011772151043507373,0.009092759570407116,0.014731832083821894,0.010608889757755646,0.009480742881043724
2018-04-10,-0.002555510440814146,0.0028801514240501813,0.0045191032500222494,0.001749475799091904,0.005221492260015337,0.0031361199845967302
2018-04-11,0.0031453780067978165,-0.0008743254241011522,0.0008712247859123945,-0.0021018457088173292,-0.0005120259322730636,0.00017313200974999887
2018-04-12,-0.004219615600565385,-0.003347887857425902,-0.002608996747727965,0.00118235897541763,-0.0024524181282404856,-0.00135589759764565
2018-04-13,0.01716420954412823,0.013267388555328052,0.011137565087948609,0.017392326342215103,0.013775872170941339,0.01534903796792797
2018-04-16,-0.010878690253541934,-0.007448655790882164,-0.004620771598191631,-0.008821731506593156,-0.0020103986103610083,-0.0056697754560398606
2018-04-17,0.009843145607175696,0.009677402986249639,0.012380749762376686,0.007714693791920579,0.009957715043463988,0.012519539766651988
2018-04-18,0.00014778603620180242,0.004226305207069236,0.0016102087796863174,0.00884420658618823,0.004659213272842244,0.004680561610626688
2018-04-19,0.004574262146664676,-0.0016295414391040985,-0.0023493021046956386,-0.009334403996768104,-0.003095070286662782,-0.00198382736340319
2018-04-20,0.0016098563606450345,0.0002515195520695901,-0.001744742059115234,0.002655701073414063,0.0010262146818380558,0.0011395508731490978
2018-04-23,0.004049709372427435,0.007936205360286941,0.008393222964173885,0.02006583007194096,0.014038912679134485,0.014333832158824
2018-04-24,0.013847924642416354,0.008049146124417872,0.007801532127063693,0.011679580126831679,0.00794118846138403,0.00996485147723547
2018-04-25,-0.00029666731506905464,-0.000278523525734764,-0.0002692398290756737,-0.006415118556409083,-0.0021989277705009025,-0.004629384850573293
2018-04-26,0.010996097692751228,0.006392900719813799,0.0024407950863452044,0.017096990767753395,0.007600977435104683,0.009059916250467648
2018-04-27,0.009339217209487272,0.012004364037143889,0.011295047175228445,0.014507455697976956,0.013235078655704058,0.017364745631474054
2018-04-30,-0.0015688299773904957,-0.005264805410173601,-0.0041832329619534425,-0.014623142379035503,-0.008680912047114187,-0.008774536739114658
2018-05-02,0.01365765074513936,0.014315528217246465,0.010549820572749224,0.017866455858457142,0.01537620877807111,0.013680943717983451
2018-05-03,-0.019845021346101888,-0.02289402658617068,-0.020872659274598915,-0.026951020879309784,-0.01631470902040555,-0.020287337989456256
2018-05-04,-0.008147483392413002,-0.012929372756734003,-0.011867656932714299,-0.019024155335132353,-0.015188702853545899,-0.022146134090828773
2018-05-07,0.0033241151965006654,0.0013307593653366645,0.003007800588777476,-0.0006501572453871951,-0.002318189512213742,0.0019111856820854811
2018-05-08,0.004475987724501307,0.004615177340758336,0.004676404888454222,0.0032924134472072097,0.004938196727250821,0.004411313778086345
2018-05-09,-0.008662332422769148,-0.004319848376854396,-0.005002757203320107,-0.006565696202467386,-0.0038988492036702294,-0.0007757421633295403
2018-05-10,0.0027400296576467476,-0.00013637656327269987,-0.001937950354893081,0.004803712310457842,0.0008524223166899159,-0.00018266069524564
2018-05-11,-0.002940386758785829,-0.005517746994295858,-0.0035444797262551564,-7.203100471708801e-05,7.204100296331895e-05,-0.00362420935043295
2018-05-14,0.003667451425123147,-0.00024097497420183522,0.0006408517673792691,-8.06769338113078e-05,0.0018543491933955547,0.002956752675370211
2018-05-15,-0.0029988626446925126,-0.00749146959009539,-0.00680853876839127,-0.0011540212544756123,-0.004529613482909367,-0.0065097649404218805
2018-05-16,0.0041994217128988875,0.0039042990395743438,0.0025358424704700067,0.006682853236609443,0.0042547402271770896,0.0004912493860813605
2018-05-17,0.008327987332298559,0.010183885442546003,0.008510230511486805,0.011769651657105307,0.012481812466598408,0.014141389797369452
2018-05-18,0.00047313976931029345,-0.004865357282002436,-0.00039029473111973356,-0.0020763635104456,-0.0056175896694404814,-0.006880354924961085
2018-05-21,-0.0051217582155674846,-0.013589848884358768,-0.008662788476795469,-0.00294446826240935,0.00098609183770626,-0.0036518579765605352
2018-05-22,-0.020350560397343176,-0.01972420410637954,-0.01776364227621463,-0.019775001758915667,-0.018977569976654673,-0.01821570340987433
2018-05-23,0.006571126437467045,0.004017385497193882,0.004309941788503524,0.007989578708581524,0.005979059854450464,0.004000314349780432
2018-05-24,0.00493718154609768,-0.0006533407332843799,0.0010357381746490812,0.005865785797459555,0.002974639960651837,0.0004438423319474971
2018-05-25,0.007361982101658393,0.007246055897051962,0.007231446694786481,0.009653373645034602,0.00915613749454347,0.00914751324042129
2018-05-28,0.013301236358428392,0.014511244362288789,0.016120059222046068,0.014518454016885007,0.01715335877557589,0.018512632281712182
2018-05-29,-0.006946100923579279,-0.0068241086179877675,-0.012026722443909565,-0.018006903035617916,-0.015407852768997143,-0.014671434214304502
2018-05-30,-0.009492417475298831,-0.010971317787919599,-0.010616326538035348,-0.004498326096995187,-0.0031310229788626964,-0.0027815887391389182
2018-05-31,0.007111805509545155,0.006470917160212197,0.009238923821217382,0.010657452892157027,0.01085742927099198,0.010706391817048688
2018-06-01,0.010243222123108131,0.006113208717702934,0.008523510652920674,0.011875333262729049,0.008846047239486898,0.008639353860713683
2018-06-04,-0.0033399374800093806,-0.0025230736628869543,-0.00589059237890921,-0.0035114914246368034,-0.005855155375858234,-0.00798085018371475
2018-06-05,-0.020169866504653466,-0.016773521536417202,-0.013231608638849535,-0.014866184230732382,-0.008825021651154508,-0.010747683026584687
2018-06-06,-9.971155930410536e-05,-0.002978968319879316,-0.0017189238884987024,-0.009937309220809043,-0.014823010665084513,-0.010749554473648781
2018-06-07,0.016246153588354684,0.013665266646255114,0.012616193736723957,0.01156690971781238,0.008395588259579645,0.009248298901595176
2018-06-08,-0.004843127906326905,-0.002616171789807664,-0.000489385581700641,-0.004841912713796748,-0.002523339710761574,-0.0006268112205858323
2018-06-11,0.01729799799303877,0.014417217546662586,0.012417952932319398,0.013037441423936924,0.009492642445452226,0.009124894425634134
2018-06-12,0.001492261703202491,0.0010678293868413569,0.0021940197972722952,0.003003054078946299,0.0001007589544230747,0.0035198237803648613
2018-06-13,0.01063596261279498,0.007881870113901845,0.00845788082342036,0.0062250683731492895,0.008634503063064791,0.011149388620316447
2018-06-14,-0.004139202983488799,-0.003004217075508242,-0.002925199525424027,0.0012930411606864034,-0.00037631637709611976,-0.0021178769243261897
2018-06-15,-0.0020352959449881913,-0.0022982901209666062,-0.00023160088595719497,-0.005029338440810771,-0.002687616984745289,-0.0035546333022976606
2018-06-18,-0.004542772467778566,-0.004296517290637847,-0.0020178303715259194,0.0006203828120774357,0.0010786083524338963,0.0017144337322527736
2018-06-19,0.004675959170478361,0.003450076453984874,0.0020096358197350117,-0.0010452534579905581,-0.0023024068528524344,-0.004756090900324472
2018-06-20,-0.011202636189406534,-0.009799861019881284,-0.007622724899368216,-0.013371999971146575,-0.012063815939350797,-0.007357062635149236
2018-06-21,8.142741442163093e-05,-0.0009391708846775426,-0.001284576038202645,0.005459860092963842,0.003800042461608255,0.0029736653471019725
2018-06-22,0.0032070519644760154,0.0025039308806760197,0.001113834361926802,-0.004409176570851381,-0.0070500653610301445,-0.004942485110818962
2018-06-25,0.001374925153782458,0.00015377477172551224,0.005138468772751148,0.0029145469906581845,0.005316411937472898,0.006081756262728222
2018-06-26,-0.002888970137046587,-0.0026721110570646633,0.0012701150966323294,-0.0006202914338416798,-0.00158000093051891,-0.00189010053714056
2018-06-27,0.008322020504945016,0.003587658731013077,0.0011864803681445046,0.008995547088411104,0.008559292271907992,0.006963918131535074
2018-06-28,0.0017087410909240042,-0.0042001242013471884,-0.0025822836103144287,0.004324645581147646,0.003223156531295457,-0.0003277546281061916
2018-06-29,-0.008950862303843343,-0.009419944459400864,-0.014226724546847591,-0.01653132999090301,-0.009089387486905798,-0.01193923435587152
2018-07-02,0.008093296341504352,0.006111939357902552,0.004307768897348074,0.008462359722075652,0.00617724215613813,0.005960942600390817
2018-07-03,0.0024299408265642253,0.0017990900758380057,0.0017049565622566654,-0.0034044727149057374,-0.0022267362699325277,-0.0006084725019883663
2018-07-04,0.006631493238036246,0.008490289569724307,0.009280988714748029,0.00590585310378855,0.00465446669977343,0.005899316357224738
2018-07-05,0.00902421448633084,0.009624250081627261,0.008071547664640244,0.00439636693669998,0.009506708891629856,0.009101055621507204
2018-07-06,-0.014010749644221998,-0.0128241330461355,-0.011109926760597633,-0.01450657617546336,-0.010079670184223177,-0.006804849279082759
2018-07-09,0.007984274461638519,0.005189955116363221,0.004719351589388854,0.0009859955024571487,0.002685329108872203,0.003582367256822927
2018-07-10,0.007393412847392478,0.008228685690105486,0.008982430670019692,0.01078063472796642,0.010692830204566128,0.011774708096373487
2018-07-11,0.004895813075487032,-9.223478905584503e-05,-0.0007043735203712265,0.0003987331153949558,-0.0025451367310355133,-0.0025206238906986256
2018-07-12,0.00789813576192433,0.005963162925669119,0.004515689491267905,0.007583319749671968,0.011486396428544987,0.010198302931227365
2018-07-13,0.007719974140850239,0.0028658394772536067,0.0031542764456622407,-0.0005142383071014001,-0.000567297102706088,0.00240233658994371
2018-07-16,0.008084016889159829,0.004922599150210871,0.005204301323267657,0.005970867031980465,0.0011929834977395526,0.0031097934589450205
2018-07-17,-0.0036718136611286756,-0.010581841784203405,-0.010579137249485115,-0.003491486777529862,-0.006426593204468034,-0.00639130106697583
2018-07-18,-0.0023677190261206515,0.0012206872003033276,0.0037046386875909665,-0.002686408127046569,-0.0011301695736221085,0.0011633725993205335
2018-07-19,-0.007412981584811629,-0.006324460684698385,-0.004364403067352085,-0.007076303760620184,-0.005810992184341779,-0.00433244059471527
2018-07-20,-0.0035481672127762875,-0.004460781862764662,-0.0049305214704811196,-0.013006980248800981,-0.011365240015323241,-0.009723116823196598
2018-07-23,0.010756205327647317,0.009677817884558904,0.013991319694973692,0.010102377917160288,0.006778747157869525,0.014584795063227407
2018-07-24,0.009263553191067642,0.008910505653506373,0.011387148360625376,0.008755294947158543,0.007946956129351701,0.00964263937541232
2018-07-25,0.004413770142561946,0.007811596466439363,0.005108752542999362,0.008418527969630052,0.004599583851312872,0.0036169634182787735
2018-07-26,-0.0019946823182728224,-0.0009384089238811955,-0.0017156588065169176,-0.0005218130938164922,-0.0030236319696302916,-0.002291499262161212
2018-07-27,0.0030583273827151647,0.0045621019777319916,0.0026944283894794196,0.003993266617140501,0.0013386526785881259,0.003289481349679546
2018-07-30,-0.003775642669612944,-0.0015100081727685843,-0.001170042275435712,-0.0008296759754871097,-6.639051392065554e-05,-0.0006961808922998358
2018-07-31,-0.00015619102395447726,-0.0017839787767540694,-0.002173956952444156,-0.004290569980203052,-0.0009392844012674484,0.0026102073831029138
2018-08-01,0.022129776310190863,0.017050837834375443,0.014832679090666767,0.021932170276578677,0.021293048728931563,0.02169281718414351
2018-08-02,0.005354533255103933,0.004057004358310801,0.0036641926666023394,0.014037255894778111,0.007700850319995567,0.00423538748187724
2018-08-03,-0.0009368527431434792,-0.0013147819285723727,-0.0026215213744769095,0.00030292148609900593,-0.0015928182159513637,-0.004224579215482138
2018-08-06,-0.005723863678791741,0.000662605840971775,0.002231309291763628,0.005508526341459374,0.0034346811545848954,0.009551746781607973
2018-08-07,-0.0002787805963881951,0.00024543493584516796,-0.0006367848997137493,-0.005529302307237027,-0.003736099581821861,-0.006627805898501871
2018-08-08,-0.0028134434091412475,-0.008442438047665202,-0.003470711872365362,0.0001401720617226765,-0.00024078201077437633,-0.002306316146259646
2018-08-09,0.003947944456956565,0.013097797388442967,0.01171961949710365,0.002264576052349865,0.005387410951288141,0.01073179140293501
2018-08-10,-0.00044740098524564953,-9.53478178837841e-05,0.003513032867662247,0.004063561080980493,0.0020729612186418667,-0.001677789897833848
2018-08-13,-0.007470693048119426,-0.012186256194189005,-0.011603732233635644,-0.009216292681115124,-0.006084008245748507,-0.006267032534793104
2018-08-14,0.01088473742198759,0.008720699295095002,0.010019850615451631,0.020212177728508696,0.01345869641597397,0.009293938138862812
2018-08-16,0.0035225734284280996,0.00421838737516711,0.004495384669003011,0.004434111348369463,0.004353837077093026,0.006801815042416948
2018-08-17,0.00992620204580219,0.009091149342393079,0.00915214506804407,0.005855268996402652,0.008298291425414162,0.007242301310351973
2018-08-20,0.002426233907679487,0.004241301799568831,0.004817224840025558,0.004684617503534438,0.0075844284792776495,0.0056123906539478075
2018-08-21,0.004864805811020112,0.008982125761526127,0.007529099479794521,0.004622410895655182,0.007626834805296356,0.006941243357878157
2018-08-23,0.005804876559830197,0.005109534291779738,0.004166928710554796,0.008670115844619852,0.0059473924135209355,0.008549703396624198
2018-08-24,0.013538409289656217,0.008097770803206616,0.0071402567022658125,0.013850442281959863,0.008953819810315622,0.0021956956033100106
2018-08-27,-0.0003631143346005672,-0.00034376982318262694,0.0002457172253655937,-0.0016037183202350924,0.00036166272035820235,-0.00024101659938113862
2018-08-28,0.007368442982472745,0.00819346649334074,0.009907013057192549,0.010235298157573958,0.009384265293909566,0.010691405236155527
2018-08-29,-0.00012483480440328432,0.007008499166247795,0.0046711485170614075,0.0020189149519775906,0.006762300362201046,0.005430624216033575
2018-08-30,-0.009147787757577852,-0.008008374945279284,-0.00435390220932208,-0.008747657462193303,-0.008301335853444947,-0.003959487854766075
2018-08-31,-0.00010923878137714116,0.0002509487155304413,-0.0034123673172624658,0.002157668780743416,0.00026119379456934766,-0.0015284876441795658
2018-09-03,0.01199287262935278,0.011876269103634263,0.0053622285694794325,0.010953942526295446,0.0063435554063426824,0.006234223141809547
2018-09-04,-0.019519636343340196,-0.02271075080925622,-0.024198838062531425,-0.02044630241221357,-0.02746099593560203,-0.027346393200407437
2018-09-05,-0.011855260147180191,-0.010878890602459612,-0.01044362861262782,-0.012368531750033607,-0.01347856445751594,-0.013219143388834675
2018-09-06,-0.012677487900740969,0.00015861059133603916,-0.0021193338085824243,-0.017018874162349373,-0.004432280095362118,-0.004079707670124444
2018-09-07,0.0030277888347627346,0.012485678535580247,0.00669399193214093,0.003050232567674893,0.010456833808804689,0.01024929416988285
2018-09-10,0.00497134589922732,-0.0015902645908592028,0.0024711428921126988,0.012073304972571197,0.007161407662452213,0.006055740949719723
2018-09-11,-0.012851877029248282,-0.015117339821451803,-0.019256273620886666,-0.010166835028357912,-0.0174279038927595,-0.01664725653937349
2018-09-12,-0.010820347258130525,-0.009768680192608015,-0.007586055497622812,-0.01220167834433672,-0.011472311000745972,-0.011489904431808085
2018-09-14,0.014106111974729219,0.01275874270757904,0.013986351342804015,0.016923090625201587,0.013413312238070407,0.011851609932675311
2018-09-17,-0.0049027355001354245,-0.004147013439927849,-0.0014542301175879402,-0.007068056960746194,-0.0029849728346174054,0.0019198078131128504
2018-09-18,-0.008788473561826549,-0.0060040981163026474,-0.008501734469614886,-0.005540349786995802,-0.004280000544852114,-0.0058417068023162155
2018-09-19,0.001911090290750872,-0.0027459861218203097,-0.0036044752275713465,-0.0014073396878940825,-0.003464400297635173,-0.00498611388209258
2018-09-21,-0.007338206293615479,-0.006193205079785158,-0.007244021209800278,-0.013914048343575236,-0.010272221567780515,-0.009361231867472397
2018-09-24,-0.009674824213015354,-0.013419894472815885,-0.012685664843829714,-0.014425647583161005,-0.01662324733720444,-0.01778862900408118
2018-09-25,-0.008303586148220687,-0.010712330544005333,-0.01816797083750532,-0.011570017923151266,-0.021199475762712416,-0.023957356705465394
2018-09-26,0.008458245177366042,0.012308543873840838,0.011782943742703944,0.00949450222599113,0.014592312206240354,0.015986060144336456
2018-09-27,-0.0032395763092386565,-0.006192147149646998,-0.004738673416988304,-0.00830721483356256,-0.011104295817268128,-0.007354805368304684
2018-09-28,-0.0043248278168867005,0.001749860560944505,0.00039093528822675694,-0.009173116398109804,-0.0029850739267062165,-0.005560500799038359
2018-10-01,-0.004587475225885873,-0.013639396748772903,-0.01395149403052709,-0.009341336358794416,-0.021015073060610567,-0.02074058189640271
2018-10-03,-0.002305994061405525,0.0033736194595022084,0.0047650936274354905,0.017714231846833517,0.01969254506549989,0.020608352070289326
2018-10-04,-0.012635482926536934,-0.014469527466845267,-0.013931820720583632,-0.01737873155790126,-0.020924513175414772,-0.016766489746603552
2018-10-05,-0.015919649766728106,-0.01289641500498051,-0.014596384808920004,-0.02724884155076346,-0.019784952244107812,-0.01901217406204414
2018-10-08,-0.009513537616969714,-0.0121915567640688,-0.013291104045806357,-0.007200656833671659,-0.013237615449567808,-0.010302371495567675
2018-10-09,0.0015357224798824287,0.0009430132527969981,-0.00019766964732370607,-0.006989893144268233,-0.0031990177860575786,-0.0035658058908648593
2018-10-10,-0.004577904247097586,-0.0037726378012542527,-0.0028709966215295646,0.0005471509957324372,-0.0022843137469493735,-0.0023838144210993617
2018-10-11,-0.011812135986623895,-0.009553906099907805,-0.007955097737297967,-0.01851465232824534,-0.017123251050237487,-0.015808696002144407
2018-10-12,0.0012647088332888856,0.0011460217309797738,0.0011092410303668032,0.005376704517103592,0.009402928043035663,0.008410640415580373
2018-10-15,0.007247797124712685,0.008026995074529975,0.006036374735538308,0.008848950090436514,0.009102824052750869,0.008590124983552272
2018-10-16,0.010994609347461548,0.012299991310194436,0.009348666176744791,0.013282238064934004,0.01451628214731171,0.012819495925839197
2018-10-17,0.002235366426369012,0.006862132747932792,0.005297411108208472,0.01123034396055278,0.015180556306075621,0.011886217212720762
2018-10-19,-0.014238941271574435,-0.010089210210477373,-0.007545962199041689,-0.027898790070440826,-0.02147282734342526,-0.0214067966417838
2018-10-22,0.0021295975525001953,0.00634578498663374,0.004928745992530681,0.002288154374107121,0.010720219521450192,0.010817229436331344
2018-10-23,-0.009719360611358363,-0.007453420323864202,-0.005566492945108026,-0.019378339157335223,-0.015924191388903997,-0.014077918822970159
2018-10-24,0.0002400449815262995,0.0016518477889506666,0.0013204266023714162,-0.00438281519021011,-0.005824752819284518,-0.004234067263520713
2018-10-25,-0.002007350483976378,-0.004074107171778363,-0.003045345077527739,-0.014469903504865433,-0.0158568754655809,-0.011269698654698956
2018-10-26,-0.00036371060131190625,0.004455318986242185,0.003476215454135234,0.010774848813338123,0.01037563361187277,0.007748166211976049
2018-10-29,0.007888415166503737,0.0018063491951523236,0.0013516646963041001,-0.0002575406798954738,0.0017033284298728635,0.0012919889443989696
2018-10-30,0.018168998409064052,0.014455096721283534,0.01093592155770362,0.04791522169099127,0.036276976045618525,0.02736045671861298
2018-10-31,0.008815742726027809,0.0024286251987202245,0.0018233309049102697,0.006831255500126643,0.005523808249839446,0.004598772894378156
2018-11-01,0.00244566850842709,0.004211886214287031,0.00327322602666813,0.016635482562989745,0.012250363644207951,0.009278164213099238
2018-11-02,0.019465359325128162,0.01644685018004033,0.012487535405582006,0.009254564449746594,0.011738775345844221,0.0086703021723471
2018-11-05,-0.008019939030734613,-0.005604788306510455,-0.004173508083776589,-0.019049789968752395,-0.016750413699765154,-0.012970702267042333
2018-11-06,0.006782535809144008,-0.00027196444689570054,-0.00023901756059074852,-0.0027547877653693043,-0.0017088116999457448,-0.0010483539691632515
2018-11-07,0.0014017309272718048,-0.0010013440242591098,-0.000746260840143953,-0.001770123930167622,0.0007510504963970099,0.000653088601503482
2018-11-09,-0.002351571532756336,-0.00125194551932295,-0.000874159173442246,0.0034107595592258733,0.0019659198170920433,0.0011944875643319364
2018-11-12,0.005751908399285632,0.008429826564585241,0.0063912398200254295,0.009373769453272285,0.008313078981355249,0.007939910543311557
2018-11-13,-0.015017040043938112,-0.019854193748760518,-0.015540513173874726,-0.018323364061521907,-0.017056419951515522,-0.017130557402529112
2018-11-14,0.011958142970157404,0.014264992732310411,0.013173082976075445,0.010333839103139786,0.00915496027728313,0.010467156118599608
2018-11-15,0.0032339130883132228,-0.00034435900264018215,0.00022428983169664463,0.004174206598238639,0.003265934634188117,0.0008954216280769867
2018-11-16,0.007320601819042816,0.00967994733404276,0.010681336027449362,0.006381094317718272,0.006657375110162622,0.008092157365872987
2018-11-19,-0.011938940140193477,-0.01855937634318172,-0.0136651528983045,0.0016758061645136824,-0.0024610608433220937,-0.00344032173468789
2018-11-20,0.008692316663399646,0.007378099262015603,0.003344151440113796,-0.002189426262750871,0.0017932244126928065,0.0014325929685008454
2018-11-21,-0.011494955434093956,-0.010793618830587492,-0.007233433891274399,-0.01000401138245366,-0.006599776707624905,-0.008359420058030143
2018-11-22,-1.5120355307707278e-05,0.003354722677168409,0.00369234938977292,0.0018018297246333859,0.0008710747651166084,0.00036284381961526613
2018-11-26,-0.006709588184193427,-0.013907959935470338,-0.011336853616807585,-0.0018229079491031142,-0.008049738229837677,-0.006054836507576655
2018-11-27,0.011655768674833755,0.006497184631263364,0.0060105391670852715,0.012452725233562667,0.008777377304066691,0.006417022888562274
2018-11-28,0.00490671422035005,0.004253616966151563,0.003959824555495262,0.0007952958749408712,0.002704576865397934,0.002177314444901546
2018-11-29,0.0057666591336189565,-0.007199184593187691,-0.003921384030782238,0.008948380732304084,0.005161098838395439,0.005384755943409036
2018-11-30,0.009201663836263752,0.009318639488711034,0.007293294034022457,0.011060403107644445,0.012567586525716878,0.011050688595181324
2018-12-03,0.017199614491196114,0.0028145681797666633,0.001375534372697107,0.012096592881501556,0.010658440694754079,0.00729220751624271
2018-12-04,0.016184785057862028,0.020540204215927726,0.011744332545396974,0.003077848454055676,0.009470479872020654,0.003324744894391163
2018-12-05,-0.011133487615317739,-0.01171736716233307,-0.010639222541213078,-0.011666315932116644,-0.008350082735315123,-0.006213997896196255
2018-12-06,-0.014727760141003854,-0.01791555812431045,-0.016055859923269078,-0.016265466532193518,-0.015750950750440307,-0.013210473153472568
2018-12-07,-0.00859666354503874,-0.013608670894415198,-0.011686406622197665,-0.015649103835985056,-0.009974461527189171,-0.011635673686691161
2018-12-10,-0.023937989437484708,-0.019824291842029496,-0.01733526947512254,-0.021803856064667948,-0.02133814403973855,-0.0167784375976876
2018-12-11,-0.017623068923690588,-0.021626499122483267,-0.019048569913275415,-0.01653825522011787,-0.01990302739923644,-0.015478400695357775
2018-12-12,0.03677020365568051,0.04331551398698519,0.043680377543958926,0.026909705094296132,0.034337094708252414,0.03519572939144866
2018-12-13,0.02949462163118355,0.02327077632489738,0.022377208581545238,0.026664657214069187,0.023125342207605204,0.022036463332752776
2018-12-14,-0.0066372327134939235,-0.0027002037889581887,-0.0010307374848940176,-0.007341030650520608,-0.005357779059558254,-0.003882553911894515
2018-12-17,0.0003602810954033142,0.0034308177786732674,0.0027685830981609705,-0.0017309975028205749,0.0001850450765377154,0.0015933023042056238
2018-12-18,0.0026681538681732064,0.0005787760032367473,0.0002261311874547367,1.0275912096791018e-05,0.0011156789290691638,0.0008845805376069826
2018-12-19,0.009991775265251635,0.01343237079230275,0.01567689541908157,0.013071282055721722,0.009922316984264379,0.012098095891675431
2018-12-20,-0.009582717868074075,-0.006542253364554496,-0.0011699003627176907,-0.006771991222453866,-0.00877489366106976,-0.0036017578517415494
2018-12-21,0.012328930150819817,0.011200045116538382,0.005868284749933839,0.005076349205053621,0.00900562457973031,0.007159361199298386
2018-12-24,-0.03072255011242564,-0.024085965014784216,-0.02031819162808224,-0.015170173636717799,-0.02205412648261773,-0.021451761947317682
2018-12-26,-0.019088168839904163,-0.013911870673202764,-0.013176062600680383,-0.012596228408098598,-0.017376811477259224,-0.01408043052356378
2018-12-27,0.013750782354008395,0.016081946436804717,0.013038544622543169,0.017331447526399035,0.014972730947916846,0.012440719805561606
2018-12-28,0.01117444321065153,0.0065105689768416575,0.005977346971467901,-0.002467470728947263,0.004261315381635322,0.0032519628092608777
2018-12-31,0.005114692586060787,0.007747218882062201,0.009742985144300498,0.0066046985154306626,0.006754772576601953,0.008032158526758648
2019-01-02,-0.007332694101279902,-0.007197762904049276,-0.006752459258082433,-0.007472690599358955,-0.007836172993305857,-0.005240369256704014
2019-01-03,-0.002406911393290856,-0.005575827230905661,-0.0046577564385849035,-0.004492292264707709,-0.004013400957176061,-0.005159986783664139
2019-01-04,-0.0082183250363691,-0.0073451289243700035,-0.006239081778715239,-0.007516693825911691,-0.009555185698891133,-0.008776420638888394
2019-01-07,0.00440253873574914,0.005328188147262436,0.006041272812868037,0.00861065310528919,0.00841778302366869,0.007375019035026575
2019-01-08,0.004558602128233558,0.0008884449893848956,-0.000179801837483895,-0.006703293368820473,-0.0047871549073916775,-0.004178835102821354
2019-01-09,0.005676300338066875,0.007703507700466794,0.009353712214039467,0.0064257068758171165,0.006136166163011936,0.0060848790356380356
2019-01-10,-0.0002312662701414725,-0.0037352112156434636,-0.0026418597470349026,-0.0019209025474052899,-0.000955616954009586,-0.0021470988522676038
2019-01-11,0.002512793901045418,0.0012929892100987939,0.0020262978313327906,0.004019930997225307,0.005211528707625757,0.0058850728004882225
2019-01-14,-0.00525967464403132,-0.004396194870927239,-0.007057196142575828,-0.00644632714308413,-0.006205682344159191,-0.005934321980693658
2019-01-15,-2.8739060560334373e-05,-0.00043124169601460594,0.0006840343743854671,-0.001143683687060526,-0.0010405316982333712,0.0010622079914859306
2019-01-16,0.005449487875714754,0.0038644092713482348,0.0037319108329179063,0.005344844935946336,0.007310020063673539,0.007094648001095605
2019-01-17,-0.008691568845971664,-0.008097584403667701,-0.0028932241264270075,0.004462074091075907,0.00039833335749506205,0.0025003348061209962
2019-01-18,0.011265234824973769,0.00733653312903737,0.003420721710576391,0.002282406048295327,0.003164289363696504,-0.000994164169326739
2019-01-21,-0.014633291441552787,-0.010748798421461037,-0.011454561690969811,-0.009445343301031972,-0.0077756508037761796,-0.008741038431583914
2019-01-22,-0.003207704465019723,-0.000921337812038292,-0.0025797581372343226,-0.014125602401557358,-0.013799387047054634,-0.009164610341858115
2019-01-23,0.006558290856317539,0.004892025950790524,0.007760815932433385,0.0037753687743489195,0.003283996063928374,0.007920869038509748
2019-01-24,-0.016501788315439136,-0.01394193379915909,-0.014350614058972644,-0.00015502568033975983,-0.003944381800506491,-0.009844701819139878
2019-01-25,0.009619823000510008,0.010389148569893925,0.014161946338449694,0.0020269168075428556,0.00654706489685597,0.011363375942637033
2019-01-28,-0.009442278354985567,-0.008658444698599665,-0.008456821867359299,-0.017318029033906224,-0.011781145995104603,-0.00987649048518946
2019-01-29,-0.044953331147591924,-0.03712005185026124,-0.03028195217304641,-0.042181547777915274,-0.03493862850270624,-0.03143113939573938
2019-01-30,0.012392719196691493,0.009233246538870699,0.011246895907237153,0.031194034132751902,0.021822988533666043,0.01629717843337941
2019-01-31,0.009551429084383,0.003443055295546671,0.0043600818118672,0.01369529061830499,0.01206001164047188,0.010580455607640316
2019-02-01,0.009388569742887043,0.010880900751153444,0.013659912605030078,0.007066387661292195,0.005084074036925124,0.006590427467536353
2019-02-04,-0.000888629771524263,-0.0015989895273986754,-0.002784561238264316,-0.00858335289279244,-0.0071984253692561895,-0.008077608560580263
2019-02-05,0.0023984816291040545,0.0010048336757852994,-0.00030992170743393554,0.0015081728805450556,0.0037526482926488747,0.0031541571748361363
2019-02-06,-0.006362047018381944,-0.0047585954382803886,0.0012239029951488511,-0.0037761081557257103,-0.0006237030585034553,0.0001473234888393904
2019-02-07,0.008754168490084924,0.0037627076434625373,0.0028614895296374954,0.008750804930264922,0.00867400483723113,0.007220517584233921
2019-02-08,0.0026562741329567707,0.006291528755451692,0.0044870951362685485,0.0015498059563188171,-0.0020861090568513596,0.0032511558333681023
2019-02-11,-0.008478144778000907,-0.007486388988556025,-0.006484105968131981,-0.010785562478360822,-0.010924901539861698,-0.008697420886898843
2019-02-12,-0.008420233089892148,-0.006470859823907049,-0.007376625098734935,-0.021136969577082332,-0.015531910791601988,-0.01635803733290153
2019-02-14,-0.00560385885589898,-0.005370235273150725,-0.007413849769627889,-0.010965285815100922,-0.0022218298408054338,-0.007326260128826756
2019-02-15,0.0029152412239068504,0.0030318013178216585,0.001361879088574991,-0.0019924044088073245,3.8666717189661526e-05,0.0027533469834373214
2019-02-18,-0.006142272874859578,-0.006040233266343176,-0.006942724300645686,-0.006995248204621052,-0.006080509254411504,-0.006466244952478606
2019-02-19,-0.008472738248985756,-0.005851540129766741,-0.009140254579218965,-0.01202211125234387,-0.011326538559609522,-0.012429718384191601
2019-02-20,-0.007062361861896238,-0.0018386322143667533,0.0010179395557501358,0.002674044453019997,0.0013778048556334355,-0.0012360644178223135
2019-02-21,0.008537088130035286,0.006926914181202726,0.007605362201584809,-0.001307786306039227,0.0024831865221239813,0.007622775844839946
2019-02-22,0.0028588250193408715,0.0035344157781962426,0.001650791209630853,0.000403773406208785,0.0013893926795220946,0.002323417165267072
2019-02-25,0.005133783520622659,0.003618379489547463,0.0030035944705901763,0.009084021038294976,0.008436453227626872,0.005035833658542321
2019-02-26,-0.0070585910110414485,-0.005471513096579117,-0.006300549527508692,-0.006447953390478878,-0.0012403834137604264,-0.004940643785551813
2019-02-27,0.009307660106465221,0.009263750655543967,0.011828478603340464,0.012626668223243431,0.008814026063272973,0.010820165791001646
2019-02-28,0.003995904520076143,0.003117882337044353,0.0008584057562888159,0.0024503631751708888,0.003289905338961452,0.0027847295019765017
2019-03-01,0.0040453946815222075,0.0035540508213609545,0.0024032196641525783,0.004253316883982894,0.00113059175810859,0.0031516302537986096
2019-03-05,0.0006416621963298841,-0.0012376220600734955,-0.002095196883103556,-0.0007814489550842518,0.002145742495317071,0.0016288137208211317
2019-03-06,0.011473247516533114,0.015593492713877222,0.019585087534973677,0.001550562505861608,0.002790683118951698,0.01021665815283912
2019-03-07,-0.004675220670252833,-0.0038859099987179624,0.0004387253718209916,0.006203154198432426,0.00379306506319832,0.0035735034383002073
2019-03-08,-0.010881782540587137,-0.009238050827205524,-0.006874631223567906,-0.019275324054218168,-0.01739100027054663,-0.012736612087507204
2019-03-11,0.004221323135281674,0.0016301798105002874,0.003950029512469477,-0.0018315325562914264,-0.0014890444944618553,0.003433825422715975
2019-03-12,0.01233276927812943,0.014470688359313089,0.01695916735470271,0.01794737934240076,0.013616773497129087,0.017852604782886194
2019-03-13,0.005134970998359911,0.0018655001082736877,0.0015111766453088649,0.00029840785787382806,0.0016970809096348294,0.00353792389699481
2019-03-14,-0.009936991870228673,-0.004759962762577841,-0.0027113653377998093,-0.008427194473020871,-0.004933789843096892,-0.001569139340556136
2019-03-15,-0.0072054548894041615,-0.005765597746304141,-0.00317707396077338,-0.0004106440691780122,-0.005682322797200712,-0.005847250921903857
2019-03-18,0.00766893220380882,0.011260260562079294,0.008687915987956263,0.011539775382918505,0.014804613886499451,0.009145576171504244
2019-03-19,0.0029735622880611157,0.003049835903041531,0.004029429070965707,-0.006410585611640429,-0.004692369302004229,-0.0027543661504838557
2019-03-20,0.007392128481840121,0.008022775789871428,0.007371559818470486,0.008276943509724077,0.007525538967787515,0.008732034054125926
2019-03-22,0.005809852195693965,0.0001417466113629029,0.003739709543143288,0.007324087410207181,0.006657802833027304,0.006764560127801689
2019-03-25,-0.0004632811790039604,-0.005003556393478714,-0.003058062748247714,-0.0012633625758754485,-7.575024276496034e-05,0.001979879910539717
2019-03-26,-0.0033638010876279045,0.0025098847982536476,-0.0027499249018003713,0.0019153193122158907,-0.0011381213008188062,-0.005148518719255146
2019-03-27,0.0036868062732338114,0.00465106931784387,0.008148855836512592,-0.005427713351738417,0.00010408517393289962,0.003705646950216357
2019-03-28,0.00011760413720662832,-0.0009422357699370165,-0.003048437053201569,-0.0007359882771000859,-0.0018106314987146321,-0.004346670417937237
2019-04-01,0.01552497554429677,0.014325045886716126,0.018224525981708872,0.0007495424052692545,0.009252466574187546,0.013437222713643004
2019-04-02,0.010398112071529297,0.005292277337642037,0.0014875874859630045,0.007496030997208969,0.005801961366340702,0.0027544270370780666
2019-04-03,0.0012308968632637196,0.0019418235853667642,0.0009773819688232432,0.006662942086993695,0.0053368193459495394,0.0007358823593770492
2019-04-04,0.00026097681496062286,-0.002260777386369761,-0.0018137842318389774,-0.006740805656482163,-0.0035404570678176928,-0.0023530890358153256
2019-04-05,-0.0004983470666737322,-0.0015923995672798563,0.0003835911880119003,0.009300605736500378,0.0037359318590726165,0.00436288719136968
2019-04-08,0.01201326400572822,0.011993955387002542,0.007656983648276938,0.007255632739984419,0.006047287387093148,0.0039637708547843875
2019-04-09,-0.004630794178832165,-0.008096295551272337,-0.00839393068830574,-0.013081891514473143,-0.007240679225323454,-0.00705338825909152
2019-04-10,-0.000705125771324755,0.0014627858772398028,0.0009053479936940168,-0.00213935704282997,0.001912964477161605,0.000760379508370157
2019-04-11,0.0015417429663282523,0.002067086292626863,0.0018177002418922061,0.003959575294163908,-0.0012176942778001631,0.0006422824241987257
2019-04-12,-0.008603564187363633,-0.00520229283156437,-0.0015072953653126886,-0.00238853169292641,-0.002682278067016486,-0.0009846244183693287
2019-04-15,0.004277468856062061,0.0052326352209970395,0.004652106863504368,0.0015831154058205676,0.003493401692968856,0.0033551457869065437
2019-04-16,0.01016826996282405,0.009110386139851379,0.008533702981697644,0.006612466862367938,0.004630345972239658,0.006812199445220379
2019-04-18,0.001016163099386569,0.0011254602997903262,0.00882812189677673,4.892242140641656e-05,0.0013637242888433487,0.004802039700648297
2019-04-22,-0.010598666952607805,-0.009265060151747662,-0.010672313347740658,-0.008636538484234846,-0.0073840432916485454,-0.008853897087460205
2019-04-23,-0.0030153911450024884,-0.005600776782700767,-0.0069622798336396174,-0.0072645156899728835,-0.005531255105606481,-0.008070714995229933
2019-04-24,-0.003575563782231117,-0.00287305299076257,-0.002592232176423126,-0.0003345498848136286,-0.0010352908060881072,-0.0003033867402315593
2019-04-25,0.008778957907231044,0.008942087044600644,0.009363677288990013,0.015510536062781854,0.01502494385528208,0.0136044012480534
2019-04-26,-0.0037206568543597385,-0.004199108739920132,-0.003058648156876953,-0.0008826159821444524,-0.0012980642122030206,-0.0034335445112095853
2019-04-30,0.0029966843158044654,0.0016478089771205795,0.0009101756119584969,-0.005288566760136781,-0.0005541537920475959,-0.003318809710979753
2019-05-02,0.009400589038209395,0.005463612074991797,0.0021285299377296063,-0.003141632765835012,0.0013016640848664274,0.0019273316669363716
2019-05-03,-0.010997441012102316,-0.007804691891300397,-0.003211814664093815,-0.0025379591755450015,-0.006658709328282497,-0.0002996257940361957
2019-05-06,-0.019768735285895733,-0.015226025185527958,-0.01080149431893418,-0.014495063611115078,-0.015278052713908696,-0.009729029031998904
2019-05-07,0.004307929059114368,0.004015578391649788,0.0023044456917447054,0.0009711688465181556,0.0004348935970435175,0.00026099813314517384
2019-05-08,-0.019254927330860427,-0.019068626383923815,-0.016581300968374846,-0.015341386318148187,-0.013154970262754806,-0.016369104197269002
2019-05-09,-0.0035124644816901807,-0.006192603964116694,-0.006985782022563614,-0.012583285731140648,-0.007808094783410824,-0.007231132799516482
2019-05-10,0.009016726029791533,0.006342529030983091,0.005008611045240086,-0.0002846203902681088,-0.0006970497555318644,-0.0020823247794293787
2019-05-13,-0.01360024808456406,-0.008657504461913601,-0.006758204191795736,0.0024089603379227054,-0.0024012620255204897,-0.0017344987099444653
2019-05-14,-0.00894486529277938,-0.008680573335887232,-0.0055088539493688415,-0.014756506155110038,-0.012850762650818859,-0.014477775158337258
2019-05-15,0.0008769860715946987,0.001628610190284041,0.003874666088399925,0.01397936889578566,0.010840965529200552,0.0094097943765723
2019-05-16,0.0066250026436665,0.004719414477762918,0.0035002384585931523,0.011813372709350567,0.010878142222992437,0.004729613789336451
2019-05-17,0.0009274314142286855,0.002620201581725823,-0.0010183147586055874,0.0022587441585688595,-0.0020678832455048868,-0.0039855777166496464
2019-05-20,0.02410010535995233,0.024831342580911908,0.027791336533526723,0.027063564766336867,0.02298801379161919,0.022026826845798597
2019-05-21,0.00411367762346071,0.0028879986685714787,0.005031567653714042,-0.0007162198423543709,0.004660989922965042,0.006466977892233938
2019-05-22,-0.006032664093202356,-0.005109579876570569,-0.003919765263701969,0.001896092053830678,-0.0006198097962308857,0.0007786233347413241
2019-05-23,0.003771347671566394,0.006652465836373134,0.007726800018711399,0.009360364902212037,0.00891946167334745,0.00942830121051097
2019-05-24,-0.011478683780224985,-0.010187456462107725,-0.009092942117958414,-0.007632740832602014,-0.010648407855198605,-0.007859885916457365
2019-05-27,0.0170411039364069,0.014634179872746733,0.0158258266500535,0.008152172700764071,0.009754783128294031,0.01177947382048461
2019-05-28,0.005200336277874307,0.0041917435972043116,0.009849922474539863,0.014325603122471664,0.011723925651170752,0.011808691551391304
2019-05-29,0.0016504958747272092,-0.0007650157436429605,-0.0035994993621231153,-0.008911972979924632,-0.004505514088834928,-0.003989060243737574
2019-05-30,-0.002362222698159333,-0.002615107599840849,-0.0032032838173655653,-0.004691101242927598,-0.0012564076419063763,-0.0013917916950010323
2019-05-31,0.0033524079376927585,0.005321122356985342,0.0064469065250025714,0.0019097074832425953,0.0043930285610238595,0.008856654047554313
2019-06-03,0.010838629032487779,0.007976249221062437,0.006665732468568164,-0.005594406794161233,0.0038974286669726244,0.0016612477819351046
2019-06-04,0.01004276590344455,0.009507661967286474,0.007860560908901748,0.009384378825648465,0.013438188388283479,0.014608552489126181
2019-06-06,-0.0004016972481545311,-6.383163471457287e-05,0.001130474514392743,-0.003218406822644404,-0.0028650277594370888,-0.00075723447211129
2019-06-07,-0.019260564309756867,-0.017096884360497278,-0.01621317331738925,-0.014404354007679476,-0.018181656330340856,-0.014763377356528329
2019-06-10,0.009562018509305714,0.004164842216466846,0.004025020077920827,0.008870520765349221,0.010850614036460815,0.00942475744169391
2019-06-11,0.0062957642329122265,0.00797307982632156,0.006214459365260883,0.00538043548230549,0.004493939959054449,0.0023241087488117262
2019-06-12,0.0025018214033045716,0.002932572872889949,0.003477545730954379,-8.777537456894358e-05,-0.003179489876373953,-0.0018987430832100305
2019-06-13,-0.005953146023364053,-0.00752890766631098,-0.006360034101540513,-0.006085284280248793,-0.006641803843391969,-0.007991495841563667
2019-06-14,0.006782150238088702,0.003424966974445498,0.004399663430711298,0.01191688833745963,0.009681447588062664,0.008277492295500677
2019-06-17,-0.008981808178673556,-0.009614259709450068,-0.011620804934609485,-0.00927790912899562,-0.006524323768030027,-0.008529474819855332
2019-06-18,-0.010773870296492682,-0.011719479633165775,-0.011168451560774173,-0.00857289099680747,-0.00853773002389513,-0.00749745474676311
2019-06-19,0.0031402826718984755,0.0029018549210289013,0.004626816310473902,0.015238066394190009,0.012365132330574014,0.00676891605216845
2019-06-20,-0.00880001060808866,-0.0052879664464976495,-0.00843899250572877,-0.005458971130838264,-0.0007613151612280156,-0.006715794722635948
2019-06-21,0.020755340273288292,0.015472966222745077,0.011859189423139016,0.015849442419709314,0.01283271415031395,0.013762365724302228
2019-06-24,-0.007059023125066011,-0.006622103681954372,-0.006227374487895454,-0.007427788690189119,-0.005454035592812101,-0.002480449455302236
2019-06-25,0.001681371174932611,-0.0012476415386019069,-0.0008642231408478862,-0.00032003399216296025,0.004670522861788706,0.004235382609773186
2019-06-26,-0.00282288276460263,-0.0004424685412178775,0.0038951500318600285,0.008527371803205064,-0.0004427028958577939,0.0044613633117669416
2019-06-27,0.01004799852666971,0.007225207547340906,0.0047398318720528465,0.0045256664754775855,0.005267659318766826,0.007555029682152936
2019-06-28,0.005536429584047431,0.003362036503461896,0.005475089146516288,0.007901775637415565,0.007872702320526948,0.00885989177934543
2019-07-01,0.0006586586578161135,0.0008469441126772725,0.00043616879217012183,0.002827719286628394,0.0006804286072670251,0.0029471107655696382
2019-07-02,0.012228729737701727,0.0062595887846488285,0.00543430390063393,0.011284148336063282,0.008832993671783917,0.003960949101146749
2019-07-03,-0.01303141959595111,-0.0062864807608982165,-0.005021436206977481,-0.014128954543184413,-0.009376593527337662,-0.0032625652659036275
2019-07-04,0.00039213922696679226,0.0005499732630949161,0.0003945502403093215,0.0005428480926130685,-0.0008682372659113424,0.0016170840786078333
2019-07-05,-0.002676013219296225,-0.0010342315776540323,0.00041720372989106913,0.005648653433456552,0.004622479855330042,0.004054225043034876
2019-07-08,-0.030828782206833272,-0.023991507462238326,-0.023650297994878833,-0.028453765193046765,-0.024688743916410627,-0.027196592767519734
2019-07-09,-0.023588748274323112,-0.022738135385181324,-0.02864720553127531,-0.04808186553592675,-0.03780688487169459,-0.03285456983451984
2019-07-10,0.008466678396013894,0.00635014300175385,-0.004799349769542549,-0.011896602963734626,-0.011235065388629839,-0.007790006918808379
2019-07-11,-0.009790912682296482,-0.008054509138311627,-0.009403135344062896,0.0007787078655645541,-0.0029631806223112678,-0.006824785703944736
2019-07-12,0.005984003679589289,0.004908947318312595,0.0013978874611293435,0.0036535944886892935,0.005177781075471399,0.010051717670901406
2019-07-15,0.003389139601699398,0.004347347967914805,0.0007851845148081349,0.0027313175773289178,0.0050998696385013975,-0.0008063756470558792
2019-07-16,-0.0037912556447037282,-0.0022877101838324476,-0.0038708539379415097,-0.0063661508248002985,-0.005049982365620376,-0.004064308713999765
2019-07-17,0.0137159352792251,0.008557932856468886,0.0086134761157719,0.014402049356713631,0.01058146659348047,0.012082680726980932
2019-07-18,-0.0005795474384141519,0.003075002142239658,0.001412953376564774,-0.0023930917441404853,0.0006623612781395671,1.8256552464679388e-05
2019-07-19,-0.005281722748415096,-0.006983572453493014,-0.0058506045337825,-0.009503939846496778,-0.008233987969668455,-0.011394211719543246
2019-07-22,-0.013836935110371762,-0.016649902226501645,-0.014954190521986543,-0.022992545192936586,-0.02397846532058845,-0.023598397502397783
2019-07-23,0.0010601258323259533,0.00029842246838862607,-0.0025576637471180774,0.0005216113727164462,-0.002233436188373572,0.002225332082835596
2019-07-24,-0.00037289708086152284,-8.601468865188089e-05,-0.00024012914993987167,-8.227931712811998e-05,0.00025261891021455263,-0.001199023616804018
2019-07-25,-0.008824603223398286,-0.010233863635480067,-0.007522737341550956,-0.015127921947121425,-0.015348115228864256,-0.016704532886189227
2019-07-26,0.00795217535448045,0.0034249658817220308,0.0024431620688882827,0.0036813279561429546,0.0017422876325847714,0.005334469720386759
2019-07-29,0.009437177630344795,0.007902296122302754,0.005961626323559122,0.008696486167469653,0.008388541553041584,0.009355979477875476
2019-07-30,-0.005938689522485885,-0.004601743694831684,-0.0033607567153155493,-0.011171187152370865,-0.009296625438747097,-0.011098561678929086
2019-07-31,-0.00796335951995275,-0.005317085743157479,-0.003906280666922668,-0.013373547252034768,-0.013525927322457054,-0.012537622392380876
2019-08-01,0.005449844713912855,0.0036764571211413966,0.0027260316148711716,0.009656491198460238,0.006163666726150874,0.006094135038735349
2019-08-02,-0.006452236949636703,-0.005623257829270423,-0.0040387707051532384,-0.009752359569587643,-0.01418522036708647,-0.011315949585098184
2019-08-05,0.007502121298475828,0.006351575102184537,0.0048931017131284005,0.014430559939310639,0.009314899127807585,0.0035099416857846677
2019-08-06,-0.002345855421140741,-0.0031058876928390378,-0.002180598537150913,-0.0077964465943396455,-0.007758176888628787,-0.00886961145274534
2019-08-07,0.0194696031679078,0.015439410132647824,0.011533798536851325,0.021091946760481095,0.020118198953073874,0.01867633798984225
2019-08-08,0.004681772233728676,0.002845940935755964,0.0021799292703237327,0.0056320496298980505,0.0039565226865005965,0.0027308463602044863
2019-08-09,0.0019056338999352551,0.003929773344292675,0.0030865862111533193,-0.002203170231497187,0.00037577088387763524,0.002949809257677849
2019-08-13,-0.009408249499500476,-0.007662026710570369,-0.00576922367249888,-9.411789883928545e-05,-0.002510788904768413,-0.0005168260266059654
2019-08-14,0.0030381125592984226,-0.0061071345270433675,-0.005352226290842865,-0.010241406866967173,-0.008598606793970398,-0.008539180805428925
2019-08-16,-0.006125494428571909,-0.0014049686360714242,-0.00043157727510645394,0.00019240086576211013,0.0008370228347709396,0.0018012857414226868
2019-08-19,0.004906106853150405,0.0045935015739400065,0.004477917035671464,0.023885314943087543,0.01499611147230051,0.017140835460307535
2019-08-20,0.00037100884391660927,-0.0021127945275165594,-0.001380853900359691,-0.00015768276480521148,0.002348965486361765,0.0012666250065369589
2019-08-21,-0.00422938385438143,-0.003039163972308745,-0.003232688035166409,-0.002021315297892734,-0.004793701394173677,-0.004747931024702168
2019-08-22,-0.005291159623126096,-0.004977664300684581,-0.004171144502496782,-0.004584249620059877,-0.002580880985209144,-0.0030258081734748643
2019-08-23,-0.0043265543579826815,-0.005636618138005756,-0.00564719614732867,-0.011764186253559794,-0.012298997488860097,-0.013732052487071544
2019-08-26,0.016068669275338454,0.017861546091940683,0.015131492251516443,0.016855845569986316,0.01770792595928894,0.012598509629838661
2019-08-27,0.005867347513884846,0.006275393169900223,0.005509669370064252,-0.00012551781050440525,-0.0005492951908933064,0.001822234727839156
2019-08-28,0.0030359492182010506,-0.001995220769337669,-0.0017872431004184453,0.004136626337271299,0.0024873021892999336,0.003684172517008033
2019-08-29,0.013349005984068185,0.0032330653556849054,0.001797435507010281,0.0005224313589864416,0.003092648901986239,0.0024493273115204772
2019-08-30,0.001701681572073177,0.0012488409155313462,0.0013381216268171237,-0.0017335101598873193,0.0026879306182037155,0.0028429775379676947
2019-09-03,0.010162459252399003,0.006377259238590671,0.005602445665443101,0.002767447470472195,0.0039657993832977745,0.0022305868635832393
2019-09-04,-0.021879974656873635,-0.017590281554968223,-0.015844587013225553,-0.02085440720188725,-0.016384835049028434,-0.014903728361652768
2019-09-05,-0.006148572994397528,-0.004912192153167405,-0.002547441306731568,0.001984044740026336,0.001479160569611393,0.0011578488542440812
2019-09-06,-0.0028414174439029827,-0.0016085335655400268,-0.0009793212299801235,-0.001866348991254596,-0.000859674098052543,-0.0007068656920009575
2019-09-09,0.0035929185723424517,0.003461647108020882,0.0019113925495337636,0.001513405938056378,0.003584880689818659,0.0027795520284108477
2019-09-11,0.001036424685968207,0.0026400249560167843,0.0023274696051396315,0.0041879066180186,0.0044232229392944244,0.0034773398752319107
2019-09-12,-0.006185850275510885,-0.006314253825809635,-0.0057981039848836735,0.00013107745173401852,-0.0064499627896114076,-0.0028680694275674545
2019-09-13,0.0008229041043186225,-0.0024328999457848832,-0.0014042333936972184,-0.0030711682919267735,-0.0020233064260781752,-0.00701265217430469
2019-09-16,-0.009834745119158383,-0.004322543890507458,-0.00467122227529182,-0.009165288675290761,-0.006422785688971255,-0.004925521470541483
2019-09-17,0.007226594015287802,0.004224175451472911,0.002920036645422508,0.007635265541541925,0.005567695771604431,0.004364364010460697
2019-09-18,0.0035026704294720545,-0.000556616897450346,-0.003564994919292741,0.0008713295198332638,-0.0007371521647937529,-0.001570888781341817
2019-09-19,-3.113966340684282e-05,-0.0007210672714853539,-0.0009042355087834908,0.00440483059745489,0.000442249664195149,0.0020311300678710342
2019-09-20,-0.000204382753945187,-0.003996305729789262,-0.0037202664349037518,-0.00994725759470394,-0.003790798662737682,-0.005725842709014328
2019-09-23,0.04694150343367398,0.05180647770731084,0.050852482933144705,0.052755435285251506,0.04961334626025238,0.05062290405442549
2019-09-24,0.024179814998453786,0.027703450914190242,0.02224590173331742,0.006768511868394,0.011154243584091006,0.012525851346220751
2019-09-25,0.000405237419387694,-0.0010502836140322547,-0.00013202396012479412,0.0028497906632585224,0.0005307200020114866,-0.0012216196147968317
2019-09-26,-0.012431815725801765,-0.008947652134545403,-0.008486210539348504,0.0029945238874033997,-0.0003013507111973013,-0.0005262992523672461
2019-09-27,0.0055719187745784104,0.009046611192671472,0.005431759963992366,0.008541201793952569,0.007138311082377724,0.004789363076205921
2019-09-30,0.005753436754634578,0.001560625390306214,0.0013268125313308232,0.0071122613294629655,0.00730043707980732,0.005147761119553396
2019-10-01,-0.005207317597970218,0.0016819061022950166,0.0013042288653180023,-0.005430031894270715,-0.0017082303917237418,-0.0008242073616716583
2019-10-03,-0.01639496829172382,-0.013789044625251656,-0.013955764664460912,-0.013328962496216401,-0.014990051672961413,-0.017921651959872387
2019-10-04,-0.0006302593127626155,0.005802084035331445,0.0020864625033532036,0.004225976650425123,0.008419121865130164,0.008119401295970885
2019-10-07,-0.014445422247315043,-0.017561315302886182,-0.017511298085640448,-0.017204440713386115,-0.019884091464845932,-0.018855964283619353
2019-10-09,0.004005703557524276,-0.00010294635285756915,-0.0011923030775530252,0.003149010573934463,-8.070503405588347e-05,-3.19954253438226e-05
2019-10-10,0.010509688191080446,0.010076389092658733,0.0074924629821548905,0.017241879683656647,0.006565830943662476,0.008799708200131429
2019-10-11,0.016185215645599715,0.011149700609453417,0.009444194872181289,0.006536159715157197,0.007894180634430592,0.0068009045024022274
2019-10-14,0.012837931485831566,0.011406858636832107,0.00958370606696124,0.012457511429187385,0.01025467977495631,0.009843454609471669
2019-10-15,0.011747997209681671,0.012032279888814168,0.010154591533752866,-0.0017345774930223046,0.0016018672596120886,0.002427491574392704
2019-10-16,0.003152556972069176,0.004326909039084281,0.005101059759984761,0.0034936396991087637,0.005786809731968212,0.006984190755046971
2019-10-17,-0.011920333787460047,-0.004983501031018078,-0.005587778231957996,0.003872009186532077,0.0017028623361314832,0.0021617460485212625
2019-10-18,0.016698652083193544,0.012677423540035981,0.012633152128670222,0.012009245416056746,0.010114489240746538,0.010786279336021831
2019-10-22,0.009609137251630706,0.012700469996644204,0.010167134741444928,0.008360053598130746,0.009470618925522034,0.009630265683102879
2019-10-23,-0.0021818449615133018,-0.0024030604020373048,5.89086455151655e-05,4.784812542912853e-05,0.0025243056527795016,0.00536558976354784
2019-10-24,0.005311769915668396,0.0004998711241761544,-0.00044663254572974154,0.0033033496483076963,0.0025814011564277983,0.0028452219282000257
2019-10-25,0.007975118392446578,0.005565010721533925,0.004352936644743899,1.581156521535121e-05,0.0017950714855980987,0.002900439276303235
2019-10-29,-0.003103095051992466,-2.0073975583567716e-05,-0.0022363428615027603,0.00584285699580489,0.005871958392616783,0.004741761686379853
2019-10-30,0.011125014505740438,0.011509542764094993,0.011885627033514146,0.0010813960887061658,0.008257681619731505,0.006694656969035817
2019-10-31,0.003176257502967683,0.0019626030782893267,0.0008726218231862592,0.0112087221988999,0.008562707044393658,0.008145014511827808
2019-11-01,0.013109049570944498,0.006826228825498326,0.008062991881723658,0.011510938693962247,0.00866066767594953,0.00988307542019573
2019-11-04,-0.01147299177894201,-0.0028480954729341867,-0.00037879991565481497,-0.006259861243667841,-0.0029921589164181306,-0.005008958895684978
2019-11-05,0.0024917552568617385,-0.001496587588091458,-0.0027559225675916066,-0.0024632898476194542,0.001953430458402794,-0.002460037788642677
2019-11-06,-0.003363605121036728,-0.002285642589192838,-0.002887659275394583,-0.008497966413918867,-0.008108462943705042,-0.007658307215476112
2019-11-07,0.0023109561890379826,-0.00022461413315677525,-0.000549883148555641,0.0012619001515079553,0.004576600123119334,0.00430072827801542
2019-11-08,0.008868590474127025,0.002186850080607039,0.003581698743659212,0.008428535081443922,0.004318904939920154,0.0032320884892707014
2019-11-11,-0.020308039436065517,-0.016450245371468664,-0.017434130278283666,-0.02625354747252051,-0.021937100357525607,-0.020610237229299777
2019-11-13,0.009949124292893519,0.00948967717392235,0.007224144199279747,0.0009986356599309687,0.002900469556647911,0.0031568000104140737
2019-11-14,-0.020766478010964207,-0.01961727116451717,-0.017125057281763167,-0.011105302715990306,-0.016292643883628832,-0.013556497177303561
2019-11-15,0.004855557628449025,0.003602289492440347,0.004265060238210827,0.0023795122386613965,0.004771596046171389,0.004621890964902509
2019-11-18,0.00070982462264646,0.005663701659907927,0.005024677745975037,-0.00310143337858515,-0.0037232529985146146,-0.005911331138299891
2019-11-19,0.0012055417134830826,0.0036662432537040157,0.005154281467191435,-0.0062884868192164545,-0.0035823906042675713,-0.0031141057583992104
2019-11-20,-0.005459292223986445,0.002746998883887297,0.0013293925892114977,-0.0057631175191896755,-0.0055391610796601265,-0.005321989806521987
2019-11-21,0.0013126833709979913,0.0016583175217710355,0.003542337468905643,-0.0007618817901519082,0.001181836962488525,0.0030190991124328104
2019-11-22,-0.006545213607984435,-0.013130499120981631,-0.011214179999605056,-0.003921737288317906,-0.007918840777874414,-0.00831208796181837
2019-11-25,-0.009196095231245982,-0.011543607548368806,-0.008987291062886538,-0.004130396347315712,-0.007334014621378393,-0.008531234779790675
2019-11-26,0.017575595683899214,0.01792138559411449,0.0187580715934903,0.018932622511359076,0.0175641609444539,0.019130652002649073
2019-11-27,-0.008734582253622558,-0.014675234194824971,-0.015621223497373826,-0.008266785918821684,-0.011163590352502584,-0.010838793332819563
2019-11-28,0.008077602730815148,0.008380134391057892,0.008808669996105856,0.0007938249188981228,0.007060992983833003,0.008418618945468026
2019-11-29,0.00812943917718223,0.007914832232122526,0.00768177596712416,0.007149847496321637,0.005582312002895051,0.003923463144849704
2019-12-02,-0.0019636784483643144,0.0005394803587943642,-0.0008455690876616462,-0.003369483860446776,-0.002280559113099101,-0.0037179661992500224
2019-12-03,-0.0038117326211638547,-0.0047860904898748835,-0.006963825810869184,0.0016874045352244238,-0.0012937226780455058,-0.0017540230630292974
2019-12-04,-0.003996496402549732,-0.00407951365669279,-0.006099932251067752,0.002159545054766454,0.0007990832902398104,-0.0013628763721219572
2019-12-05,0.004614530364005942,0.00508424445894784,0.0052212987779596265,0.00263630326555786,0.002970332347853155,0.005725227002819411
2019-12-06,0.0013468881884008965,-0.002373937915860047,-0.002631213558435208,-0.002587295659004507,-0.0013355330535157472,-0.00216206169934674
2019-12-09,-0.004234318682035609,-0.004858349883277158,-0.00732840564015802,0.0009386333359251431,-0.00335176773043111,-0.004195227070385332
2019-12-10,0.0002490440805920091,0.0015592133245976303,0.0027232115684661107,-0.004096088204960213,-0.0015055749687156172,-0.0009478661373659714
2019-12-11,-0.011506643850001108,-0.010262601143727013,-0.008772036260195293,-0.007499105084147528,-0.00992515702330199,-0.00900579600458562
2019-12-12,0.008590918686174343,0.008944106773193239,0.00910263453977933,0.01050376268061437,0.014520932512561036,0.011050570274114824
2019-12-13,0.005472550712299018,0.003965672534996578,0.004069706015295882,0.0059352826159406735,0.004375920384474208,0.0061512127769929315
2019-12-16,0.0029744164750389324,8.953744002226927e-05,0.0030160549567623818,0.002789182920781119,0.0035593987739208632,0.0033418407789840288
2019-12-17,-0.005908987654797859,-0.0043431302576363295,-0.0029747972364079223,-0.002654203501679331,-0.0015045149775034794,-0.0028458404602499376
2019-12-18,0.005173808312489481,0.006791174590942584,0.005652221761308418,0.00219445912948224,0.004861917748761657,0.004330780070318951
2019-12-19,0.00110190334708693,-0.0020819453168070545,-0.0013189197521602525,-2.682670002807086e-06,-0.003649245217869801,-0.004117838121550199
2019-12-20,0.004642692238284285,0.006889950132995759,0.0038612605721550786,0.0064092557828543395,0.00478589659866846,0.003918525016142871
2019-12-23,0.0030675223751146508,0.0033693254843161213,0.0034792104159135917,0.012153625273022772,0.008249518857228466,0.009344743578085568
2019-12-24,0.0043357063846858335,0.002902004753473131,0.001842452248570714,0.0006204579123141318,0.0011337256611843038,0.00025483437612483506
2019-12-26,0.002017720081591401,-0.002158250863911526,-0.002198061707485377,0.0005487735510443237,-0.0005260709749024262,-0.0020799019277820685
2019-12-27,-0.0047188745630198925,-0.004059706377964711,-0.0056597030006274585,0.0004555966903423414,-0.0019085804738018242,-0.000636580815750909
2019-12-30,0.0010274449469260816,0.003939387915930848,0.007446045599848183,0.005635652906113675,0.006452346559543409,0.007918484100756018
2019-12-31,-0.0011317249888512793,-0.0014132153883910092,-0.0019344134060294005,0.0018942356123676785,0.0006601230173826078,0.0002243303568982835
2020-01-01,-0.002374605560564347,-0.004039953709292776,-0.003428687250136786,-0.010524495016649205,-0.007240180788453565,-0.0071158376111287724
2020-01-02,0.001998806968303013,0.0009225566536286145,0.0014737120515242452,0.004506035255550822,0.0012210304634949765,0.0010059381095768316
2020-01-03,-0.003523801216336997,-0.002083608137348536,-0.00043115606484611657,-0.0003888145923337527,0.0014428183679817685,0.0016061949894508043
2020-01-06,-0.0024749976772640014,-0.0029936024846121123,-0.003122222057094337,-0.013117556715337653,-0.00995047133105531,-0.009518354161242804
2020-01-07,-0.0065197716034461894,-0.007298619651468163,-0.00758031980528151,-0.005308510107041808,-0.005249626729657786,-0.007417104665384366
2020-01-08,-0.007408229137655931,-0.009522628388488164,-0.009956082020545765,-0.013055817293727179,-0.014701352726503747,-0.012629513279401428
2020-01-09,0.02340758732629067,0.022431968510331135,0.021201566111437975,0.02583119503058784,0.028666283769675616,0.02554401965372355
2020-01-10,0.00837302864818823,0.005341771161619713,0.0048835480741140636,0.011263880366182422,0.011643034910803207,0.011605725442115356
2020-01-13,0.006916233918047299,0.004139378496549773,0.004613212771711117,0.010811174360345177,0.01035902379540321,0.010161965124002581
2020-01-14,0.009298155971793065,0.008000606174756397,0.005522305880044653,0.006259741646145178,0.011915112975480868,0.009220579039076915
2020-01-15,0.019816728179856913,0.013914109127283192,0.011169027744361015,0.013441234499821153,0.010632114045314722,0.009998485379690836
2020-01-16,0.00998582816266902,0.008095832704962724,0.007013099211248264,0.018304638595947775,0.014411943363007884,0.016245251218774293
2020-01-17,0.0006701941826763314,0.007298000962542961,0.0056870090292329145,0.0019940740872428364,0.003626761277519819,0.003135139497291828
2020-01-20,0.006120673579211644,0.007316607497014571,0.010174159382496217,0.002723098081987896,0.0056264371305654315,0.009108863862440808
2020-01-21,-0.007986851838034936,-0.0047330253698874,-0.005545971060302413,-0.001112052029402566,-0.002108081720542665,-0.006257984699756247
2020-01-22,-0.0035996010147875124,-0.0002659636398359977,0.0001077347721760713,-0.0003080316693113705,0.00121611556002299,0.0014612815115899735
2020-01-23,-0.0028278091275121264,-0.002535389254818776,-0.0028341678846989238,-0.015465732901917217,-0.00772273841903981,-0.0047972468365492515
2020-01-24,0.01691204086286091,0.014884030776440849,0.013505132242399354,0.008592074320187493,0.011490921932072462,0.010504488340878915
2020-01-27,-0.00012753869334758416,-0.00016899805308145943,0.001108785564921888,-0.00032898702699613036,0.00029477847002779,0.0007760810688179909
2020-01-28,-0.0009732416017034229,-2.0921134278761855e-05,0.0009133662866567249,-0.0023778615844153306,-0.0016830429988431428,-0.0017832129261167173
2020-01-29,-0.001131378209238032,-0.00492652364730084,-0.003435213640702761,0.004695408795919009,0.006927199093428316,0.0032175294346674654
2020-01-30,0.00549938778788972,0.004836264918494981,0.004173297681450361,0.005393221936998094,0.004302999306240229,0.0024670435039075844
2020-01-31,-0.01009303427969821,-0.010263920828763262,-0.009241346697005492,-0.005280159734100787,-0.005457691136700471,-0.005686800613641241
2020-02-03,-0.015547962664804182,-0.017193146099492074,-0.019359380855546116,-0.03826199480568104,-0.040083862335320575,-0.039257774672423196
2020-02-04,0.031148033229627448,0.02677567496249833,0.024467957540075247,0.037280189566700095,0.03151068651973299,0.03106844963663513
2020-02-05,0.0067761438589379885,0.009011382927459621,0.013498838176077665,0.008727492233625789,0.023975507358306336,0.023366576289071572
2020-02-06,0.00769138471891706,0.009714861248083295,0.007795048519480208,0.00899933315970669,0.013547742054431877,0.016318973096774547
2020-02-07,-0.007902715692459483,-0.004259008358139527,-0.001669825683783377,0.0013594538361509922,0.0011055027039075238,-0.0009545189984287994
2020-02-10,0.0025339195892739586,0.0035770778842654227,0.0025059181152387033,0.013310069005577407,0.008629897990640067,0.006074605694006863
2020-02-11,0.002944113003212845,0.0041701171680619264,0.0015218266075600617,0.004852902913770496,0.0017496782136696698,0.0021183255759977815
2020-02-12,-0.0040557584401778035,-0.003634623471405418,-0.004143791455847534,-0.01331987917529065,-0.010754506146576803,-0.008822613633770904
2020-02-13,0.006588776732317614,0.003962091166090698,0.0030681550808226987,0.022997874985149158,0.01527829666658187,0.012702727937847325
2020-02-14,0.0006635358044617679,0.005737447659492023,0.005230882982047547,0.005122655776162555,0.00646637967857866,0.003504821820360826
2020-02-17,0.0019477323984531392,0.004226221672073649,0.002959473102864818,0.004209466753848368,0.0008933677893723235,0.00044571455891206924
2020-02-18,-0.008406240404697729,-0.00803810603177757,-0.006837973707640499,-0.011668975883518895,-0.011482468962111136,-0.010639493888348728
2020-02-19,0.003327114924025265,0.0066647527032512865,0.004453489351158746,0.010112176254339245,0.011329309221307815,0.011065900031411502
2020-02-20,0.008862917923441849,0.007568404718943267,0.006654117854651531,0.02438881312624952,0.022802717411087636,0.019918240909800655
2020-02-24,-0.013565598144086088,-0.010253934233193984,-0.009165739054918465,-0.003520655515910076,-0.006149694244751425,-0.003394392555990944
2020-02-25,-0.010552186109232586,-0.010666082612625472,-0.012451562432721164,-0.004354787636145052,-0.007524051363525075,-0.00820164615901664
2020-02-26,-0.00044528049083014665,-0.0019939214259011573,-0.004838060816309553,-0.0013177921448676022,7.793585851123552e-05,-0.004825761401762163
2020-02-27,-0.0020062031233520905,-0.00553985813182889,-0.006125439236255414,-0.006810278530436031,-0.004914505633730415,-0.005330384921217957
2020-02-28,-0.015725710207238452,-0.01414642517217679,-0.014941975143322739,-0.022494918237284223,-0.02115360830526758,-0.02326967358165477
2020-03-02,-0.010282599334131559,-0.006977056886774524,-0.0038809360272110682,-0.004196916417954388,-0.0063812191292146325,-0.005287639325973759
2020-03-03,-0.005355942654639678,-0.010454325535039666,-0.008320377721233507,-0.009286837022981609,-0.006361009796252204,-0.007865982132973404
2020-03-04,0.013500124425880555,0.012537784776001981,0.012437055820750498,0.008263605615387748,0.010059141343944589,0.011279460342791037
2020-03-05,0.00535051214311788,0.004069440410296998,0.0023899448763156084,-0.024296455275247264,-0.018516940890960787,-0.015666177176655083
2020-03-06,-0.017423667207814186,-0.017920979794992187,-0.01716656342978229,-0.036910695203295485,-0.03208943220924765,-0.03254754258390169
2020-03-09,0.005095678105027979,-0.0004961427058797208,-0.00189944949885823,0.00375789958726358,0.004849307741485731,0.00286354792354504
2020-03-11,-0.0262465530400926,-0.026660265875223077,-0.026274622637349032,-0.025026107261355235,-0.02894336335973835,-0.029213779869041834
2020-03-12,-0.022447715421596626,-0.022967834220094185,-0.022608409842337696,-0.04009887599619233,-0.031791271369568386,-0.03314928193247246
2020-03-13,-0.08810873423421495,-0.09127865245574995,-0.08221967211263725,-0.10601511931694452,-0.11153973797996408,-0.11491889126777588
2020-03-16,0.017313862671675118,0.021955013362620956,0.017728734608054575,0.040742576505727435,0.0496145181006753,0.045939181081226854
2020-03-17,-0.01086148934981801,-0.006689589652642658,-0.005194782040796042,-0.026437970962473245,-0.027777973443948945,-0.024098502323690707
2020-03-18,0.015522048715057135,0.007904766287224918,0.006356178464928641,-0.011303507671376112,-0.004745912344178871,-0.0030400149798402998
2020-03-19,-0.0372833902131563,-0.04593459129796951,-0.03676126332946683,-0.12258634531065016,-0.09552643113403847,-0.07799666278246054
2020-03-20,0.003066309559044633,0.0022393631191590657,0.0017259313710531465,0.017650399584189458,0.012561273069487955,0.00945997420279343
2020-03-23,-0.013199157049297194,-0.009765684441922717,-0.007336076222712484,-0.021472714164013085,-0.014180209396691512,-0.013300840505955147
2020-03-24,-0.0016882782311963274,-3.2390873625387506e-05,0.0001381080165003823,-0.0004348340469290113,0.001858326664829102,-0.0004216065573700023
2020-03-25,-0.008680387487079555,-0.005726486516554163,-0.0042400409850773535,-0.010213733027303995,-0.007007328760439302,-0.005132390578225454
2020-03-26,-0.0009295815408708608,-0.000539876696136754,-0.0003448406475597965,0.0010850837731155583,0.0010598302037796437,0.0008396413353748411
2020-03-27,-0.0018569306055794543,-0.001153327866125875,-0.0008039228454409519,-0.0022812492433998965,-0.0014852235122576607,-0.001055054172512393
2020-03-30,-0.0028478994982344963,-0.0018100416300764754,-0.0012951906108148448,-0.0030122771366040135,-0.0019397040754136619,-0.0013927993604623268
2020-03-31,0.0022666645381175243,0.0015830319698360018,0.0012444290441961936,0.002266431084670506,0.0015837221146428604,0.001243834560229029
2020-04-01,0.00010075924011498927,0.00014608232301083213,0.000168604456743493,9.970410656756634e-05,0.00014557191422071014,0.00016809186821120647
2020-04-03,-0.005005505879751793,-0.0032565650087351683,-0.0023786912641607927,-0.004999328217525578,-0.0032466283299686927,-0.002378500854049226
2020-04-07,0.01379218371106905,0.00925681987272231,0.0070004420008085155,0.013796336157473776,0.009258100601734265,0.006998231299467195
2020-04-08,0.021078741121066447,0.014165839774196609,0.010684972028131678,0.0210588508218994,0.014132631930079853,0.010683815454124224
2020-04-09,0.03618800107478104,0.024296468082785072,0.01831884808169648,0.03618310570843586,0.024276889475423946,0.018321368735084498
2020-04-13,-0.011402772480063383,-0.007669980786770947,-0.005746638700746098,-0.011380545549437127,-0.007672205529733356,-0.005763036016089851
2020-04-15,-0.002377871165022305,-0.0015445098796806889,-0.001116508752356249,-0.002385196321076921,-0.0015376257623784806,-0.001118533030594393
2020-04-16,-0.009196179271112492,-0.006124982292055603,-0.004569256143691747,-0.009203958469378937,-0.006136926942960641,-0.004570773201096889
2020-04-17,0.03420730348497103,0.022888026603672618,0.017226912033135422,0.03420177837451499,0.022877052601539827,0.017220021513383532
2020-04-20,-0.027622462778753576,-0.019679396364136514,-0.014773661711129704,-0.027625286076343958,-0.019644808594765917,-0.014766996898480711
2020-04-21,-0.025784279866069126,-0.01662552960730934,-0.012429914718475876,-0.025766315536055795,-0.016599851053246795,-0.012421961216583344
2020-04-22,0.027597458307519362,0.03357439514272054,0.025183002527614518,0.027601140936447166,0.033552418725691924,0.02518313756618973
2020-04-23,0.009762697569852818,0.009523890428070114,0.007213763821403374,0.00975164790212446,0.009516521305493741,0.00722067339002197
2020-04-24,-0.009405703071544869,-0.015774915531421185,-0.011828894159533143,-0.009392805709127927,-0.01576901881050219,-0.01183902811665083
2020-04-27,0.02193848998670833,0.014064370969085527,0.010723097878665877,0.021952935731859302,0.014061851289366212,0.01071195824540605
2020-04-28,0.012792808375174491,0.012775593430689236,0.009660099585137694,0.012788277397582926,0.012772230877305724,0.00966556291212295
2020-04-29,-0.022317604457338325,-0.017888127081053806,-0.014175841905208153,-0.022325944256298302,-0.01788221897558695,-0.014169623219532967
2020-04-30,-0.00026301932403427486,-0.00027452093490887286,-0.00024145687650756198,-0.0002562903761574864,-0.00025159568292520973,-0.00024204647080694475
2020-05-04,-0.03708148250905474,-0.0346534588358719,-0.03104085906949372,-0.03708507253207238,-0.034608810248837885,-0.031035043852418398
2020-05-05,0.029159269221454842,0.027863972649998958,0.019536829669149602,0.029169414070578048,0.027912225715480243,0.01953542505978567
2020-05-06,-0.02365555863248392,-0.02678422268782843,-0.024752085717694383,-0.023653905728163394,-0.026794285455205236,-0.02455458197781135
2020-05-07,-0.0070620915895428515,-0.00323190205801438,0.0008845994909207899,-0.007053380822038435,-0.0031885314685843325,0.0005711995605404141
2020-05-08,0.006113887323818901,0.0014730844634793794,0.0031811063983924193,0.006098494873073124,0.0014438916146437553,0.002993794750432599
2020-05-11,0.020080533644240672,0.018923973715003983,0.01522347616181663,0.020087485028913665,0.020180014227589416,0.015614835856157416
2020-05-12,-0.010417185429035358,-0.00399797935260493,-0.0029141119409378247,-0.010410811331719616,-0.004599661434836477,-0.0034957929618674166
2020-05-13,0.010305952555716091,0.019939069310027868,0.020233813874311668,0.010278082415118961,0.015150731113228622,0.02238691590537556
2020-05-14,-0.03354516555579867,-0.027612136363614148,-0.027582900070737826,-0.033450347531312374,-0.028580050870666618,-0.030253996581338538
2020-05-15,0.0034793082409059206,-0.0034538440466594933,0.0017604340611621083,0.0062585497050648975,-0.00196244284279512,0.0008396754077901747
2020-05-18,-0.007769608730450739,-0.009077307891437902,-0.008017076456098948,-0.005943701035692528,-0.005336929820120684,-0.005699857593524871
2020-05-19,0.0046818114348423645,0.001472564090525541,-0.003710004129156008,0.00762995494227936,0.0031117289545743443,-0.0016119255285402811
2020-05-20,-0.002168097428634219,0.0019051071690654453,0.0005445032033581931,-0.005216499238664629,-0.0016590427522200635,0.0025186114920925373
2020-05-21,0.03188730577395327,0.029121676155905885,0.02504051296405585,0.035847232551114994,0.032568940823158865,0.026920220977915577
2020-05-22,0.0048635583999796506,0.006443512354770142,0.006597581131827734,0.005834894424797454,0.0068234962543076705,0.004489300585983624
2020-05-26,0.007253318222064209,0.003976597216988287,0.003779099551522558,0.008213182635122829,0.0034599692750039157,0.004087660852036157
2020-05-27,-0.004126222266951363,-0.011782097563360905,-0.010791545064050334,-0.004238076273477165,-0.011669052318528439,-0.00799318160370488
2020-05-28,-0.01193316461473004,-0.00521769839398456,0.0012867664808948742,-0.012759687774639428,-0.0034365187700755584,-0.0019429374822176326
2020-05-29,-0.003271482762062905,-0.0004844790566738144,0.00216796560727861,-0.0037548185653056843,-0.0027108877619176353,-0.0016758495270048357
2020-06-01,0.028330544371319988,0.033594040185240814,0.032516661699451,0.028056487367227323,0.027776967999214586,0.029952189307510535
2020-06-02,0.006502211439960659,-0.0008270131011360871,0.0022572062388601655,0.005236777175516627,0.003684630707599057,0.0027190882047913867
2020-06-03,0.0011599662359407237,-0.0003528222874851217,0.004080137972470865,0.0013780589503300522,0.004848046019354735,0.007708051134972971
2020-06-04,-0.006127689159426963,-0.003908372465702636,-0.005898486750171572,0.00012736465993468116,0.0007064561356358023,-0.0030161605776556355
2020-06-05,0.02605137674165703,0.023635086903247116,0.02076066111439001,0.02429824572387429,0.0233126165120352,0.021205966298427636
2020-06-08,-0.0026627113715971262,-0.0008476567002335678,0.0007156096875788887,-0.005272430465100064,-0.001363102008005046,-0.0013919218131152045
2020-06-09,-0.020160976918586315,-0.007858499677600217,-0.0075591972147149855,-0.018761573053477365,-0.011682486042494888,-0.009763053317227599
2020-06-10,0.016503984525650717,0.01285997063972566,0.009872495546661364,0.017415161304361604,0.010100603458294666,0.007440068814295708
2020-06-11,0.004883199812760974,0.0032160994734020676,0.0034091467384493868,0.006349696682645289,0.005306295834826225,0.004556425690394272
2020-06-12,-0.028866166732629317,-0.037223119942384475,-0.03835690117408197,-0.028658826336647403,-0.039314391418280414,-0.03939202009572784
2020-06-15,0.028734078251728468,0.03410101182828229,0.03702200288169166,0.027150921542591133,0.03400457797352541,0.032298371959015526
2020-06-16,0.000375319214408254,0.0045168305669787134,0.005280181986895283,-0.00044852100319592303,0.0038088942651006708,0.004334085968369816
2020-06-17,-0.004735568204654483,-0.009304313072901693,-0.008164227926750645,-0.0075968246496821434,-0.010562072660553756,-0.008972948698527827
2020-06-18,-0.0010247967636436428,0.0014564156354717195,0.0057155564932354075,0.004585819570722016,0.008758215381481804,0.007709476958045691
2020-06-19,-0.0017643431914116103,3.499101755455314e-05,0.01025293307588071,0.0010487581453848538,0.013515918056181908,0.011452855325628786
2020-06-22,0.006413846554427671,0.0050753369982572405,0.007903559604551358,0.005350034835426065,0.008621823625598823,0.009126609037990896
2020-06-23,0.002416300238742286,0.0048623389208155565,0.0034471144334919934,0.0030856337219593577,0.0013913524805211352,0.0005950940193211185
2020-06-24,0.010051159715086966,0.013742346365030578,0.009792994400204424,0.008861734439685742,0.006115025031500965,0.008747825800877518
2020-06-25,-0.034465436241806424,-0.03674492636365989,-0.03118452788495718,-0.026264209485974188,-0.024430691912320834,-0.023543280438930503
2020-06-26,0.014546146185026254,0.009606597374291148,0.009007112063577294,0.023183223019010546,0.013917030829135424,0.013329707871911012
2020-06-29,-0.009084618490641017,-0.009468532191499679,-0.008024684614336142,-0.010399396538908312,-0.006345161859153903,-0.005721442318853298
2020-06-30,0.0010354629283757522,0.003932158515913997,0.005944143703596527,0.0058491689243842515,0.006678959867346457,0.006782582193231246
2020-07-01,-0.021104218143113362,-0.01674176413878936,-0.010951201207725081,-0.02415588164853988,-0.01953962340693771,-0.012371857302331257
2020-07-02,-0.009587015115834152,-0.0019338932017919364,-0.0012265325701708019,-0.01283573297186058,-0.002573276120536261,-0.0028361809993309173
2020-07-03,0.022041950632371243,0.014457049866770433,0.014662482358556606,0.02721477843835096,0.020255453922200406,0.01744682177914747
2020-07-06,-0.0020918562923641915,-0.0019075958539764848,0.004000465161653199,0.004214717886915187,0.008375279162335936,0.008149975108042495
2020-07-07,-0.01013460127096244,-0.008082705624315012,-0.005499071292669466,0.0010341822648374244,0.0009486363239334938,0.0034337222207885265
2020-07-08,-0.0014250742937105265,0.003160444564916931,0.0010430111029515743,0.0037106127463839567,0.0005994164971381277,0.0013566235917776837
2020-07-09,0.009170821341518254,0.010088788872878673,0.004235801995080557,0.008499524954770354,0.00375397049522741,0.0038577605462906117
2020-07-10,-0.004869714630387434,-0.0034548730997279176,-0.002828119549400321,-0.00420022168372669,-0.003909738823224207,-0.004750936445293563
2020-07-13,0.01380288515437278,0.017606439921176165,0.017257357898473824,0.02042667872387094,0.021720852232274712,0.018208509173353482
2020-07-14,-0.012397182463593004,-0.014280827095362492,-0.0076389031683388176,-0.011293856840693395,-0.006404246111051837,-0.004499517359843441
2020-07-15,0.007458217668568912,0.004860507355288313,0.0013132970671283495,0.009185935950025925,0.0051342822888322814,0.003629570179139563
2020-07-16,-0.009036054044013087,-0.004035002529336862,-0.006575745346789064,-0.0037395586698915073,-0.0011347845348143037,-0.004385267265559767
2020-07-17,0.016179771571561696,0.01178363259226578,0.015285648766155013,0.010158769968702686,0.011434923424241683,0.0115495857574337
2020-07-20,0.017852297781198123,0.013285865301508881,0.013110355860789236,0.022406411774259283,0.016492007460676028,0.016628683068125927
2020-07-21,-0.009519224719583552,-0.003926389200330727,0.007604686833622587,-0.014913200644842917,-0.003887746928508462,0.0007393555823347331
2020-07-22,-0.009998984779154951,-0.01202722783043031,-0.009022443448643558,-0.014240556101873802,-0.010575647799152654,-0.01067398517490148
2020-07-23,-0.0038171449781375655,-0.000476426210818337,0.001963614546461212,0.0007251438943773891,0.00706819383289381,0.003283573734339962
2020-07-24,0.0035213892577117267,0.002235002915034201,0.0026579502284438394,0.006320533840239673,0.005142949831909327,0.003083492588577874
2020-07-27,-0.009555347709192419,-0.010458825388923176,-0.0031674309620760566,0.0016581465485752123,0.010904587817260003,0.010662401335543414
2020-07-28,-0.017394576783985816,-0.018445930148272227,-0.011806337750283835,-0.017180227178692276,-0.009688844616463022,-0.007484693699365885
2020-07-29,0.006329093534761077,0.00864855943045928,0.007332783454874869,0.012724789352068111,0.011329442024972325,0.011562048407055103
2020-07-30,0.014545580508157796,0.012317414193290688,0.007303054128733333,0.017741413427580177,0.010321049268914084,0.011167857629286626
2020-07-31,0.014669140054666352,0.010269670463799896,0.0027062477523780437,0.015834414917227146,0.007903571611604265,0.004748571896428411
2020-08-03,0.026722082633965805,0.025479246661804344,0.015156244005977815,0.024310508365923633,0.015155242396321711,0.009885115028054559
2020-08-04,0.002865553368260443,-0.0003937515639687028,-0.001625869734639962,0.011668240328909452,0.005427659260367479,0.005616052140922534
2020-08-05,0.017519579092229343,0.013982734781478268,0.017302776895428806,0.01511838766972895,0.012865237816356956,0.01472816409907729
2020-08-06,-0.007562182585045263,-0.0018796107821720254,-0.002678894370935714,-0.006814970988771374,-0.005207440562422727,-0.005875524059776094
2020-08-07,0.00021491983859300845,0.0053803150422937485,3.0927031002825345e-05,0.00356292450434581,0.0019853064861667935,0.005509113525196785
2020-08-10,0.010554543511267278,0.006530492730789872,0.008271283097062598,0.0074480317019332,0.0068218603554168755,0.010475925279281428
2020-08-11,0.03478114407280608,0.032168119372432136,0.021263662231818747,0.03692972179761367,0.02410571504647052,0.018881102520216242
2020-08-12,-0.021437276655936865,-0.019292799723081733,-0.017903030524390462,-0.016099724210025035,-0.013168215380299109,-0.012972404601390819
2020-08-13,-0.006785686812403324,-0.011055220279060807,-0.009511338656155499,-0.005343159205270842,-0.005751640350841192,-0.004420209757284854
2020-08-14,-0.006489037451870905,-0.00836231460924719,-0.0037180312758328116,0.018949615092783256,0.012680178721858892,0.011946779506994076
2020-08-17,0.01736296606622667,0.011691810885555043,0.009916518109509775,0.01684500608475603,0.014480404439181749,0.009490818138783386
2020-08-18,-0.011142552456697485,-0.009582657044684417,-0.004536432060989082,-0.015951364165408433,-0.010553137964915082,-0.00725815949548525
2020-08-19,0.006249679152655618,0.008073161323071343,0.010204031567467853,0.009470602175217113,0.009126862186557227,0.010534114262158667
2020-08-20,-0.0069838330219242906,-0.009444966280983569,-0.010268269646194317,-0.013294835273000571,-0.01216669568184403,-0.012436751514956379
2020-08-21,0.01184452682481174,0.010196438785341044,0.006841994069511914,0.0025265346583682735,0.0007842239993969269,0.001890209303378132
2020-08-24,-0.0014008049464304673,-0.0019588268785747376,-0.0024955552931850145,0.005011877846105239,-0.00019386923218123187,-0.002128628553276113
2020-08-25,-0.005215909485879244,-0.0035011362752250808,6.57260930150283e-05,0.004397904754836368,0.006274259675372207,0.004864989348732474
2020-08-26,-0.008766013193844846,-0.006042537227115674,-0.00521125012873469,-0.019224303116257446,-0.016394816002898605,-0.014933889569175851
2020-08-27,-0.0012275621630849498,-0.0012646055915416232,0.002629631950368694,-0.01158123419889745,-0.0025666776370745215,-1.2822638387754992e-05
2020-08-28,0.006860834262420568,0.006987945671637963,0.0026446185693989044,-0.002281969147932106,-0.003966591078721771,-0.003016849389604781
2020-08-31,0.008438302689646848,0.006821942194936925,0.007628936790039287,-0.004473760421542128,0.0001004569345854911,0.0012828303326621882
2020-09-01,-0.0450153144835328,-0.04342299418375384,-0.03950879290917819,-0.05022162432129784,-0.049519105417804465,-0.04419017350891308
2020-09-02,0.023552344571589057,0.018475189992455343,0.01471336600678308,0.016459044581544457,0.013631420192895982,0.013824905531393705
2020-09-03,0.010112648108895783,0.010895105854460407,0.008934683520367193,0.012472975540687159,0.011079721721506619,0.010390834633317247
2020-09-04,-0.00962707424696474,-0.008355377314340107,-0.011372892765304066,-0.0037532836195376396,-0.006813171678722418,-0.00413004785485982
2020-09-07,-0.0056045814861325205,-0.00560483362489117,-0.004453132178015129,-0.0034944436901429565,-0.0023393460383172027,-0.003436263885791102
2020-09-08,-0.006654147754479589,-0.005444597067916224,-0.006253585319102584,-0.008944152019598972,-0.006303085577268996,-0.006170958098651758
2020-09-09,-0.024067790545603374,-0.021991832074831907,-0.019117346927485568,-0.01737986590310381,-0.014842254461898352,-0.01548961357955414
2020-09-10,0.025237126369637375,0.02134724027550572,0.022547804865791887,0.019997403750592335,0.02217405987534571,0.02097620240164577
2020-09-11,-0.001623637623826446,-0.0008066240055898399,0.0020545574877579575,-0.001355289663585113,0.00017514141638974579,-0.0003032734525549863
2020-09-14,0.009518361416320564,0.00724445628562953,0.010602419988048561,0.010061588442542124,0.01746795537268775,0.01886629477175572
2020-09-15,-0.00864320612445757,-0.004068959988377863,-0.0037056459252891027,0.009903026631876921,0.013944681905119216,0.013873125974455558
2020-09-16,0.018035513241414947,0.019036127749447296,0.014557283221083184,0.021973897474756976,0.020215521515317025,0.013414331642406241
2020-09-17,0.01481261055363059,0.007564950171555784,0.007539554890897193,0.009164058388847929,0.0055171485949749854,0.004569710685752737
2020-09-18,0.02199477211468448,0.013085020601466324,0.008470813891336304,0.020783093339947545,0.017165171221848574,0.015379972990783308
2020-09-21,0.027951007910989478,0.02079994818740949,0.01491036845425131,0.02420463780509663,0.019273966041804425,0.011858718877268748
2020-09-22,-0.03852428762174909,-0.03613561391556519,-0.031406976516585305,-0.03289100720197258,-0.026303313100041747,-0.03154549064927459
2020-09-23,0.004741995171448021,0.0025272006992431706,-0.0009606050611944417,0.0065203094172860965,0.007329967131948223,0.0073524169372942705
2020-09-24,-0.030892525271540294,-0.02338617536660148,-0.021589417855869875,-0.01833358527189588,-0.01603773983032608,-0.01766424767156416
2020-09-25,-0.0059546576911306826,-0.004189843084161815,-0.0020674765060749722,-0.013789382292844654,-0.018650814584502906,-0.013907090874824224
2020-09-28,0.018351071639970185,0.015972095785990792,0.01683677474231815,0.025600140808574867,0.026520410132112815,0.028104784550339712
2020-09-29,0.008421983367217223,0.011280965837234369,0.010874886263420036,0.01637078706147488,0.017520996068524308,0.018726395758466907
2020-09-30,-0.004274073596114314,-0.00151846322733995,0.0006884399451461132,0.0015502775128584112,-0.004367842868221561,-0.005196967572288602
2020-10-01,0.014169376688262458,0.011876063162645778,0.009701478673878716,0.013639861700073919,0.013485523848874248,0.011016538041084933
2020-10-05,-0.0013109193086920934,-0.0010214101166995393,-0.00014198976158597,-0.000896139932661244,-0.001550388534495739,0.0013112756039654894
2020-10-06,0.01217549492012271,0.006724904016226052,0.003674034454579367,0.02002789322166798,0.016920665267680324,0.01798303212298835
2020-10-07,-0.003617270927498195,-0.003006027906261144,-0.0029287937575518397,-0.011209977669757176,-0.005935951836330111,-0.005766702910636634
2020-10-08,-0.0012759405802014179,0.003548336620317505,0.0048029377427687425,0.005893479303052729,0.00927121882431714,0.010607578142582508
2020-10-09,0.023467479341719777,0.01676275721482079,0.01233385161650924,0.02347169876664479,0.01939324945184584,0.012365498021481347
2020-10-12,-0.012723124816097164,-0.007377381927882398,-0.005403853293066363,-0.0025778516845755828,-0.0014824450434036684,-0.0017654575158109198
2020-10-13,0.007425412875284865,0.0028238371181477095,0.00010671074168411288,0.004162459650821404,0.008989959951171134,0.008540774544067098
2020-10-14,-0.013586127476893695,-0.011436508593180239,-0.0074716691918775835,-0.0014382796966674327,0.00047381745096086725,0.0016851650867963919
2020-10-15,-0.005658511612827044,0.0007323379386523499,0.0034698349441764087,-0.006815477924087765,-0.006528839116247798,-0.0018528814030771557
2020-10-16,-0.023326135374616586,-0.022805400685924515,-0.021498860646084306,-0.03069122240677502,-0.028212785568537346,-0.027674682879305523
2020-10-19,0.030571843805447196,0.0267967501490185,0.02177400247248773,0.019126516176035002,0.010060595262309402,0.012394556232251164
2020-10-20,-0.021232161132995975,-0.0177169716828679,-0.015775438317621626,-0.023423056526040376,-0.01723868038857812,-0.015262330351457742
2020-10-21,0.006228842405823665,0.006524706307381223,0.003138271002552262,0.0035846615088570566,0.005699131815831704,0.008121367580452787
2020-10-22,-0.007236799346602485,-0.0063187023345169235,-0.00816991564026981,-0.0113873415542588,-0.013406687112131555,-0.014408590045999481
2020-10-23,-0.0039734853892378075,-0.0027849427398041193,-0.002809479053927477,-0.008010373362052237,-0.0009948682094103045,0.000614036635179227
2020-10-26,-0.002618551543361658,0.003806518895692168,0.004441160108998865,-0.005956338423600105,-0.008802783459893049,-0.00975362024302906
2020-10-27,-0.020641979849501668,-0.019325193346324432,-0.021565157730613627,-0.011587996104426956,-0.014619963151580317,-0.016536430964900428
2020-10-28,0.01415620136613982,0.013395875846559324,0.013833774741239813,0.007887967041799282,0.004470271327258635,0.005657214744709593
2020-10-29,-0.02196148412320742,-0.02141531765139093,-0.022234147240891122,-0.020660074837211884,-0.02243460515597484,-0.01931055510525015
2020-10-30,0.0010149814438105143,0.0009090228287929047,0.003512583379934986,0.0061323905575538795,0.009313791739428812,0.011810886656887565
2020-11-02,-0.001191616351688518,-0.0004496686677131212,0.0008746680920537209,-0.0033563624512069623,0.0004974495309622018,0.003202714381437044
2020-11-03,-0.0005763326575812799,0.0031124064501986126,0.002169542548624559,-0.0030719888756293168,-0.0060240886925359005,-0.004692652324461255
2020-11-04,0.011414515751087428,0.009894034815046027,0.008404597063869534,0.0013648925445230997,0.0037689865097609854,0.0028188432584907996
2020-11-05,0.023469961995469468,0.019844218252873524,0.01552178632834389,0.02167422208585368,0.02011268594766813,0.023400097077763027
2020-11-06,0.003956245202419328,0.004104207967728257,0.004187110934994909,0.003397329708664465,0.00625222559084726,0.006704237338601482
2020-11-09,0.012527402588655034,0.01466082114019085,0.013844447955944528,0.003581799505591343,0.002006515817660537,0.004493756526585457
2020-11-10,0.0029908006742065396,0.007193647409665216,0.008145847182636778,-0.004239765472986434,0.006818516414943243,0.0067697138008877555
2020-11-11,-0.018847668397153017,-0.014781160554772299,-0.011258167874893754,-0.03122510634720943,-0.025783678442322433,-0.020298809373951232
2020-11-12,0.011087260833599677,0.0075298345667385025,0.011869067587906512,0.014070463752408946,0.01572334289679511,0.012253018911424274
2020-11-13,-0.00012524117797640955,0.00145128634677949,-0.0015048032007309864,0.005544541075389153,0.005394062147118905,0.0037877571084554695
2020-11-17,0.016358677221878892,0.01718761196911589,0.019916810381126027,0.015353712082593063,0.012676394652215484,0.014420739900455004
2020-11-18,0.00285790476177894,0.007520981485698464,0.008530238535122692,-0.0041068403366614215,-0.002551817758595698,-0.00016560116512154277
2020-11-19,0.002098257789549862,0.0005529247867985809,0.0001646628025886443,-0.010258276942698097,-0.006529530611314116,-0.006619343348715168
2020-11-20,0.0006284548847397264,-0.0022049723175638913,0.0005855874760531954,0.0001840202219536291,0.0013300142264311976,-1.753178723873372e-05
2020-11-23,0.011130945688349048,0.017795532445777695,0.015194743190777071,0.0034941490144331233,0.003972460114626708,0.005345334223519682
2020-11-24,0.013457472034197782,0.008197353118564399,0.008150645821816127,0.017794796261147106,0.011947875016071974,0.014422215945446348
2020-11-25,0.012999989309260496,0.013381380127645448,0.01170880068652691,0.010854795311175502,0.0067876957285544215,0.005918877870485062
2020-11-26,-0.015766277094961034,-0.016435018542027335,-0.012601066337823763,-0.024844102269455548,-0.02336455524457448,-0.021731801888283497
2020-11-27,0.011105825094552602,0.01285938194599101,0.0160128980067078,0.012397653598609226,0.009732803061636819,0.009450679690816033
2020-12-01,0.017839205677962378,0.019860009441161397,0.01759051185447813,0.015460924429026912,0.007198709662955771,0.002896036693609938
2020-12-02,-0.012670905959005885,-0.011940836168544688,-0.006856070191422203,0.006821186051393369,0.010167123011588064,0.014559079836887756
2020-12-03,-0.00029362801288768114,0.002485164508380322,0.0066645916896290736,0.009772847944769847,0.010435907432128078,0.016676385329582155
2020-12-04,0.012164750582859929,0.005728197807554958,0.009743627865047566,0.007080219786535391,0.006814690112315391,0.003142246493730072
2020-12-07,0.004260818035266789,0.006368013420027241,0.007075468531181794,0.0032721072490020653,0.00483162352089983,0.002885996892294962
2020-12-08,0.017813857043835313,0.015100356031993112,0.012056838065221731,0.00926633762810436,0.005873038492992588,0.0064594839991720665
2020-12-09,-0.0034376522343213534,-0.0014173270488960776,0.007045056856565202,-0.0013086924630661967,0.0015597595864702551,0.0021562373521768485
2020-12-10,-0.002620210318133087,-0.0008717206598946037,-0.005405336906327163,-0.0024505791252918963,-0.004772331183687917,-0.005065715253492531
2020-12-11,0.007484175323603681,0.009760092849735447,0.01004923850715933,-0.0006245787350811494,-0.0017381223277197488,-0.0016502990632243364
2020-12-14,-0.00493019999944011,-0.003938190208394254,-0.0014292538269555788,0.006057451861500862,0.0034461942035117765,0.003523764891302239
2020-12-15,0.0038417318399097677,0.005461851781703997,0.005193848346938923,-0.00422180343362466,-0.0037938327745358214,-0.0030647276390980416
2020-12-16,0.0038134740057558236,0.005691873517437829,0.007814104213014872,0.009792029882680797,0.00631536787333431,0.008857377670391964
2020-12-17,0.0023218079992193275,0.003128897133004127,0.0018063113630073513,0.0035314441395513096,0.002945631961639883,0.004967165520656458
2020-12-18,0.007717161344239054,0.005974671431418388,0.0009129246728536433,0.0048518983254628445,0.0023366539648921325,0.004099071650556674
2020-12-21,-0.0015083419943945353,-0.0007943106465599925,-0.003999073343550541,0.0017149701706842269,0.0038564057297973964,0.0014218397660952231
2020-12-22,-0.03191061077971569,-0.03176561377311227,-0.03466317830862653,-0.02201547688254668,-0.031243169632031775,-0.03265836002066613
2020-12-23,0.00976477333587944,0.011981329476851599,0.01227517647872367,0.031038594295493382,0.0368038598683571,0.03621125131983205
2020-12-24,0.016184946020518343,0.014424369045113572,0.016880283928315754,0.02110211137010798,0.031964674350764444,0.028115278362512708
2020-12-28,0.013575330998573776,0.009933478450020683,0.008088874889885078,0.0035700966079870167,0.0001545041292323468,0.001458151922838713
2020-12-29,0.0043763588035425904,0.005934026226094735,0.008280717226896162,0.001240810468307041,0.0031557295733550816,0.007911886164630344
2020-12-30,-5.664735484822714e-05,0.001648472833578607,0.00046446423853119256,-0.0011242151184532867,-0.0015194147340422681,-0.0018645289790876207
2020-12-31,-0.003586475088191432,-0.0018137296470768227,0.0006112391337218526,0.013688226587036834,0.011596247072670929,0.006943249923987427
2021-01-01,0.0031760968576972637,0.002959186988311213,0.0017431018772733342,-0.002051191410277209,-0.001191723180645643,-0.0004252728220269786
2021-01-04,0.012998174839984555,0.011182662323970582,0.012868538238688831,0.008388051309797584,0.008156964988186521,0.010447289397234494
2021-01-05,-0.0035592806815926137,-0.0027027034399168537,0.001855974553497619,0.004543398745669336,0.0037789061479964747,0.0062635527456160744
2021-01-06,0.014208608400177791,0.02285879861089657,0.01935930530388963,0.017558968238734263,0.019038968570818993,0.01710631770327753
2021-01-07,0.017997485857336404,0.009822087720079864,0.011536317186401801,0.0010526927917282602,0.004155875996294522,0.0032707027623222196
2021-01-08,0.008372529246802873,0.005187312017725043,0.00801062146715048,-0.005392082871491177,-0.002034887912461869,0.003787051618844295
2021-01-11,0.007159151234198635,0.009756263853255787,0.007763770335267983,0.02934185687671742,0.022584070093327524,0.021438860043851538
2021-01-12,-0.0011790370120099425,-0.0009180605217835591,-0.004473037405207991,0.016755630952626444,0.013438326977619264,0.008851509934082014
2021-01-13,0.008860223591544036,0.008442835740156696,0.01491528208040993,0.0008585576045430088,-0.001562492361278478,0.0008198514610082697
2021-01-14,-0.013395064293014736,-0.011777599094021096,-0.003977267437861753,-0.006305967207032137,-0.00959900409812775,-0.006755358685811563
2021-01-15,0.011704387530554916,0.005757498181324205,0.003851786069808627,0.008648147205979617,0.009343560039220877,0.006440536961083598
2021-01-18,-0.017994505028588903,-0.016577956734879495,-0.01594125296225557,-0.028351283708860975,-0.024983816648649793,-0.022203753178746677
2021-01-19,-0.01707393523171985,-0.01279610755799998,-0.017466832072366323,-0.010937707405378916,-0.014008297039797335,-0.01382704743683616
2021-01-20,0.013424742144690915,0.01147423162642447,0.015070177687656061,0.0073024693572947275,0.008796739628810446,0.01256721365696456
2021-01-21,0.012930600272498927,0.017387013333680867,0.018684174866037795,0.02473112185826709,0.02308673348682766,0.02430767865356298
2021-01-22,-0.016235754877485076,-0.012864238800253558,-0.015613228984187044,-0.017426915743072757,-0.021082765587603913,-0.016838769022490485
2021-01-25,-0.007927178973395121,-0.004029288749005544,-0.004743490020340579,-0.005853565242710079,-0.0005630541394889832,-0.0021353265231899288
2021-01-27,-0.003942377371506156,-0.010757047751044135,-0.0149189951279729,-0.01858937777138292,-0.020303259409556573,-0.019762749011514535
2021-01-28,-0.03134224351755044,-0.034841054910975444,-0.03081403605501387,-0.01614007918051663,-0.016196687578886704,-0.01595344200901716
2021-01-29,0.019067168641920818,0.016476631919982054,0.01084884544019471,0.01069098859989115,0.007080046738325407,0.011144204253644707
2021-02-01,-0.007628982911329185,-0.010827117497399064,-0.012290994065940697,-0.02801565040170495,-0.024554158243459856,-0.029419685374714954
2021-02-02,0.036662036633140715,0.04221017289532614,0.04840239386714762,0.022762415524941515,0.02758581896321699,0.03046379122637921
2021-02-03,0.013401368799757618,0.018473301054799718,0.019306714815072956,0.021497637669111835,0.019449899190990605,0.020970967188260525
2021-02-04,0.013475343596349498,0.006651149536216927,0.008810680336333698,0.012544163080917548,0.0075349609108652515,0.006042525883003025
2021-02-05,-0.00015433906119399765,0.002850955334910754,0.009489554045275739,0.0034184498159717247,0.006932596972272664,0.012105972050200586
2021-02-08,-0.004136787451461399,-0.0006781451605283317,0.004423072463490829,0.001190185641806396,-0.000872341506481189,-0.0013445247156584905
2021-02-09,0.00808205764364578,0.009951817071038205,0.008967219418157368,0.014655259780117058,0.01592108838582762,0.018233486053290893
2021-02-10,0.0008770263583717242,0.0006231660996729449,-0.0006130215051914911,0.0009694582692751919,-0.0011205860818402913,-0.0015707593218750038
2021-02-11,0.00450263539701834,0.004936103182458185,0.0007382144830185844,0.005068249201860109,0.0004270183202861322,0.0036254419532668614
2021-02-12,-0.0009278876088588683,0.0027548814598601368,0.00507813234172505,0.0012959312789257993,0.005814019818175309,0.005790772643191833
2021-02-15,0.00462777435097439,0.004573866119931047,0.003734326235883101,0.004071272845793672,0.002990941209712439,0.01088448193311975
2021-02-16,0.00449298435134704,0.006675881139284412,0.0056534046870673205,0.0025852730747863983,0.0058006248756627965,0.008256427389577325
2021-02-17,-0.0070390621212557125,-0.010770140666844785,-0.0034325147352949337,-0.0058744200633191745,-0.00616166729910439,0.0013128194982336971
2021-02-18,-0.004885327287384222,-0.006586112681433498,0.0013176756710138182,-0.005772873740286677,-0.004042618361681516,-0.004854299751010704
2021-02-19,-0.0019693890155383365,-0.0020373243568228006,0.006226542603374963,-0.008867399715053348,-0.005053393082488533,-0.0014312152009320345
2021-02-22,-0.01222422393147049,-0.010485592263476784,-0.01469130177321265,-0.015827660402405686,-0.017432352933140605,-0.018438094635231717
2021-02-23,-0.019982689054761416,-0.012728226033718926,-0.009191085560143697,-0.012146075291961322,-0.012560920579564594,-0.007686693257536348
2021-02-24,0.007446494993046837,0.003334427672660789,0.004695617372536542,0.006059775256076483,0.004157352300009354,0.002385588257184823
2021-02-25,0.00831662481037787,0.01026629512503896,0.009514190428021152,0.00641089561803021,0.0033504681771237,0.004874956543266418
2021-02-26,-0.007294557750116448,-0.0074870000798480385,-0.008384117960365423,-0.01105455971831315,-0.01134098071821743,-0.0054507017965108595
2021-03-01,-0.010607878073697563,-0.0090975373143799,-0.010282030534146003,-0.0036732215532105927,-0.001550112276592186,-0.003128877589058443
2021-03-02,0.004154616363676311,0.007769845987149138,0.009412052508286584,0.02441597298464182,0.01896834258368596,0.01642846620391225
2021-03-03,0.016131730182871618,0.017584641216387142,0.016587010357678622,0.018889197340256292,0.021227743228278806,0.022565001106535476
2021-03-04,-0.009307207043814048,-0.011263799097691374,-0.008403814026789136,-0.013236161020778736,-0.007161893342000125,-0.0004037346371421613
2021-03-05,-0.004379352392387403,-0.0011192633091751114,0.002957111442876359,0.012468104771888422,0.011572645513293178,0.008538175258101077
2021-03-08,-0.010965344923365317,-0.005755578430412633,-0.005562969838318388,-0.008941358592234772,-0.011960997104505378,-0.009557157988974385
2021-03-09,0.001380571403423403,-0.00016261128017769355,-0.0005768729900734737,0.005059129203903501,0.00394534793494139,0.002387676609937328
2021-03-10,0.004527167030887735,0.004857447138621573,-0.0002670693629637233,0.011550092029934067,0.008752079313804284,0.0048545719946566646
2021-03-12,0.011444859062602397,0.007945536746205795,0.0063323560255001965,0.01191512064747724,0.013729081916045605,0.012318778920560991
2021-03-15,-0.013993953696471717,-0.014011473065362323,-0.014769446704232081,-0.0068077686754444144,-0.00619914879597383,-0.006107689427104823
2021-03-16,-0.008581555671677621,-0.008036819750784852,-0.0029340896533853744,0.0006844769010492247,0.000892176740664663,0.002206307468992197
2021-03-17,0.002135277173173078,-1.2729819771406525e-05,-0.0022881281693631905,0.013301239759823558,0.0154955282536402,0.010423339230184459
2021-03-18,-0.004426484641444128,-0.0062215873102287045,-0.00997390636413642,-0.01048102678256757,-0.010115636485778179,-0.010783607692261277
2021-03-19,-0.02450919300351173,-0.028353814542863676,-0.02830168406622291,-0.025169282149401617,-0.026408528683754984,-0.026708958325497467
2021-03-22,0.022531102535143566,0.022053729696725144,0.02682051023531118,0.03221713559517059,0.03094927745149989,0.03041996008194081
2021-03-23,0.005382931297840843,0.0067584729906182694,0.005576306457841351,0.006467265883533191,0.006722849509158024,0.019346448260483262
2021-03-24,0.0017336950546524843,0.004262310520741774,0.0030229779167756377,-0.007175122391788857,-0.0051771546975757365,0.0032852811430768014
2021-03-25,-0.010619598833802701,-0.01144588963235127,-0.01292394873870406,-0.009124941760281668,-0.007511308917664494,-0.009742101169481043
2021-03-26,-0.00823145600930042,-0.007323317005808572,-0.005916817166961796,-0.019751759304627137,-0.016540955841757188,-0.01669494458944043
2021-03-30,0.014958413799872394,0.01369574525785544,0.014776251665066242,0.013142453866491266,0.00849189198078304,0.008637621408412954
2021-03-31,0.004862003408159676,0.007516693849881184,0.008381903488031028,0.009770494806391028,0.018487726536038807,0.021880784044079782
2021-04-01,0.004958963575429021,0.001578312455792652,0.004588791617893939,0.0004240660050909284,0.0047728430345468364,0.006115393935420377
2021-04-05,0.0012296212245859195,0.0007214153237400378,0.006173794466038718,0.010971626950549096,0.0032223514656526397,0.01269579470943727
2021-04-06,-0.008909013201125138,-0.005984602896360158,-0.004529586843157962,0.00408368637003953,0.00646996068126815,0.007533578088094517
2021-04-07,-0.0011904277518779427,0.005765352186359429,0.006394526516454446,-0.0012657511581057879,-0.0025143898013427757,0.00816506016272256
2021-04-08,0.008760363707255081,0.003472670341341466,0.0027901174995592637,0.023391204406872257,0.020051228389312836,0.010347873352149373
2021-04-09,-0.0012654960161425644,0.0005785250588916657,0.005336544424465073,0.003049857618516061,0.006761338836030584,0.010617218107237703
2021-04-12,-0.016859101557593736,-0.013230171651556044,-0.0170343295573393,-0.007255000135026779,-0.006891566638519864,-0.004477592882119907
2021-04-13,-0.016940147370927083,-0.01784175558498624,-0.018601770741999868,-0.03007264743142435,-0.030914949336402486,-0.0381596022081071
2021-04-15,0.0034423130266714175,-0.0001227009575218707,0.0031372748243403414,-0.013289249752564736,-0.019018830487062544,-0.011518108340974886
2021-04-16,0.003069881153875409,0.0044546040365203154,0.003749655265695262,0.005598803080092196,0.010153878816151707,0.015079137179611957
2021-04-19,-0.0032692923531554285,-0.0034208170899915347,-0.0072095075093847605,-0.004811153047654337,-0.007299474043261922,-0.014016321708713253
2021-04-20,0.01844463404182406,0.020597927695526153,0.020566476486046037,0.02196235754114384,0.024747480731745375,0.028236200513815035
2021-04-22,-0.011661338503468066,-0.01157049846205993,-0.014863786284938896,-0.02982361494234076,-0.02837614657305898,-0.0229484014273984
2021-04-23,-0.00481712462724837,-0.0015652320685906052,0.0027590656850835504,0.006114984231712306,0.0031328235198522236,0.005361882203605006
2021-04-26,0.02351215491074643,0.01136778252541415,0.008700262612997278,-0.0010160451492147171,0.0024401795655502045,0.002535213607373743
2021-04-27,-0.010583674056085846,-0.00951312931759718,-0.005355434595952113,0.01438440959884546,0.01250043452652938,0.010450215170015209
2021-04-28,0.008925802736236221,0.007573175631679252,0.008561136041536965,0.013602319399673934,0.010960885461527958,0.013485066535176005
2021-04-29,0.011321697526344598,0.007552306113386642,0.005617759224573415,0.015212444263272396,0.013413775866423228,0.006857493069579723
2021-04-30,-0.006275484483910354,-0.007255195045756779,-0.003727417465731575,0.008169141246345824,0.002798499861969894,-0.0025268692640960655
2021-05-03,-0.007867341175408216,-0.00486572602448565,-0.00422738251256527,-0.012704266293600885,-0.013204453423814932,-0.014749281879419596
2021-05-04,0.012653067857884892,0.012123485702299153,0.019645384636724383,0.028740483493078228,0.024537234410357822,0.035302405348684784
2021-05-05,-0.004132867346591351,-0.00798792391242309,-0.005585192984841392,-0.004701423616319533,-0.00829724421229161,-0.010488041933118475
2021-05-06,0.01223301142390909,0.009158138489082868,0.00404784714965345,0.015523417329483147,0.015295739844430889,0.011321015775575649
2021-05-07,-0.00586712899329167,-0.003998435462174377,0.004956045379059804,0.011683198040477683,0.018574463281855857,0.021206192534805046
2021-05-10,-0.0042724207244174695,0.0008954909331508887,0.008165954620962923,0.007223782315744609,0.00325499305996102,0.0042841121693273365
2021-05-11,0.01158490348685759,0.002853686891172824,-0.003553914677993486,-0.009163359838203489,-0.010215761043021021,-0.009575093177173866
2021-05-12,0.012197991264336183,0.009680629671998231,0.013026616184728335,0.011000766014979124,0.01146808806230215,0.01213067843148763
2021-05-14,-0.0014677341746158756,-0.0003927332742990064,-0.0061723326438923865,-0.024260624893739036,-0.019797833143515797,-0.013773615396452277
2021-05-17,-0.012731286248682694,-0.012769693518911218,-0.014715171805001703,-0.008913362980174422,-0.009282606297124962,-0.01475433345239685
2021-05-18,0.012641730744399782,0.01194045516536213,0.013547585433387743,0.028799195885721218,0.020028222784162608,0.02464920926274261
2021-05-19,0.005949771536349235,0.006438450454957501,0.0043967793374264375,-0.002142399221099045,0.0009632567887987165,0.0009921940960169184
2021-05-20,0.0061454361929973444,0.007550118290506447,0.0028216650811010435,0.004813575937380632,0.003860234995014089,-0.004708353320013514
2021-05-21,-5.219566390879393e-06,0.0006302951758476727,-0.0023928797066102847,-0.0016044674625806943,0.0016970690071496097,0.0038458346117882236
2021-05-24,0.005000090701102078,0.0020582684577261645,0.0012649109697449035,0.0056756913865378955,0.003812362588230256,0.002085553217999081
2021-05-25,0.008874056173165057,0.009906050136739841,0.008123221639541489,0.005651654734274647,0.005921329806939601,0.005154114608800997
2021-05-26,0.0005219785071843841,0.0011221429466368171,-0.0030504203315447898,-0.003750317644792056,-0.002661691889282114,-0.0039074604211051245
2021-05-27,-0.000283261034218496,0.0007144329318438114,-0.0015985932112330126,0.006573856785411891,0.006566993648938979,0.00876264499557644
2021-05-28,1.4029172607399332e-05,-0.0008402432803713555,0.00529885086867754,0.0017238137762045636,0.0054090518258123055,0.005656904556048614
2021-05-31,-0.001302070975813474,-0.0021248250335798025,-0.0014921261688239928,-0.004826892384896531,-0.004821895211673866,-0.005190198359475207
2021-06-01,-0.003150118959456605,-0.0007729217489133022,0.0014134439609070348,0.01220732142892711,0.007980405081839503,0.009005772623261521
2021-06-02,-0.00740253900332144,-0.0023221149245294948,-0.003300705046795138,-0.0012411467958942657,-0.0006720720265152025,0.005909879986643274
2021-06-03,0.009834772441204453,0.009235781394824727,0.01127102528710644,0.016428471138145717,0.011822690662289803,0.021047959039822484
2021-06-04,0.001170849752524461,0.0017888961903291811,0.0010742100007616884,0.004676577553457184,0.0075351872536937314,0.007165588917303678
2021-06-07,0.004660658819059638,0.003777063557584448,0.006210796456301848,0.026498168435117098,0.018649729595520803,0.02073262767715356
2021-06-08,0.022194636549029534,0.01656170333556517,0.01602341384420125,0.011911574835196337,0.012255351201837517,-0.0021239504973544765
2021-06-09,0.007296694609966181,0.007213156031047996,0.002581914965841703,0.019990200269662584,0.015771964366099844,0.008039013223670954
2021-06-10,-0.008131948543730338,-0.008547748134217437,-0.00814227301575432,-0.008450645923789968,-0.006981779942480837,-0.007270141287334275
2021-06-11,0.012650194782346746,0.012844059790980022,0.01118712619022233,0.010042635378997744,0.01177958400176804,0.010994046943457292
2021-06-14,0.0020545429507743407,-0.004843822014078403,-0.004189704737925126,-0.025787375468776408,-0.014674023520000912,-0.01402043859249269
2021-06-15,-0.0040093442542809,0.0024943386699221026,0.004859633621082882,0.005603765965146668,0.0009164787473436853,0.009857193437353917
2021-06-16,-0.00020633604074726808,-0.005544026559115234,-0.006934052217966058,-0.009509548315819294,-0.003462094664681392,-0.003474636977019774
2021-06-17,-0.01359763772769984,-0.017256454882829897,-0.019186423581117107,-0.025543729078169153,-0.017090454937276456,-0.02134994968469217
2021-06-18,0.002181275517015191,-0.001608393564851096,-0.0011773529158993767,-0.0007487562510997137,0.0010385769590344207,-0.0007598855009190997
2021-06-21,-0.02279122202362438,-0.014398825387797576,-0.01577835423581353,-0.014807114915265207,-0.016241252321094413,-0.0022731680302643387
2021-06-22,0.021445776788425075,0.020188406988584928,0.023634370996974186,0.03475807609401116,0.028919575238209205,0.025200878331585574
2021-06-23,-9.895085742228638e-06,0.0003327749189114826,0.003989588345967299,0.01279579347409232,0.008781738820727636,0.004888037539746204
2021-06-24,-0.00876847777978762,-0.008503588112750537,-0.008475780702552838,-0.01866791906960208,-0.01675053394067927,-0.013627682607739944
2021-06-25,-0.000202846209028551,-0.0015121969365322618,0.0013849198234885396,0.0006754122448260347,0.005673930562970497,0.009188819196181974
2021-06-28,0.003313105923258064,0.004303871456033281,0.007955904627709343,0.010937909845648353,0.010203974750712108,0.009113180963208567
2021-06-29,0.004643272077306637,0.0038988012509315606,0.0032604408448728694,0.006428879625019146,0.0023167257264835595,0.0012507588926733426
2021-06-30,0.0002199416490160644,0.0018322319046490954,8.756291615874545e-05,0.010992611801522667,0.008397356006960788,0.007971775293196925
2021-07-01,0.001351393084842778,-0.0007879137331575636,-0.0018149854561824164,0.005981897833989169,0.006210288261296215,0.002478251774327811
2021-07-02,0.0037121405871356483,0.004613899239399588,0.002961904802529336,-0.009592109837533003,-0.005530056545760331,-0.00103733238092929
2021-07-05,0.011303651586866748,0.00809241069268074,0.004943583310086153,0.003373022071707865,0.004780118653590071,-0.0045065930455459036
2021-07-06,0.006559417023618064,0.003131076685678913,0.0033095215036667014,-0.013178389183924555,-0.0109962072146641,-0.008732124986222556
2021-07-07,-0.011028893554442254,-0.009381403515692832,-0.005199618274928985,0.007926386832425525,0.006576345447070642,0.0036080159710947246
2021-07-08,0.003901788320292754,0.004725404091748153,0.008825703822884279,-0.005709934439628861,-0.001178227011336408,0.0017567045359496714
2021-07-09,-0.005979514705170774,-0.006118235783324377,-0.00789268296676926,-0.009350878826537734,-0.003925044018477819,-0.00317742283174427
2021-07-12,0.012026547478673377,0.01972038182820235,0.020555869150988837,0.011615421353996291,0.011703028683689443,0.010826592566654636
2021-07-13,0.006191026248719034,0.006446100988513281,0.0063603174182926825,0.004533504509492081,0.0036329015096698836,0.002102219486300516
2021-07-14,-0.004767171402456638,-0.006418990738885633,-0.005501282008295805,-0.0004841629017128257,-0.0028450048051781307,-0.0023786247190006327
2021-07-15,0.0007785622713696316,0.0021062151403632434,0.0034622145198786036,0.006289799231373072,0.014389667061634581,0.008333731606462225
2021-07-16,0.0008739547625333799,0.003821600498242539,0.00465038219211511,0.009664958601968587,0.009321754072239452,0.0073543415853269956
2021-07-19,0.006154863543713418,0.002556152669238365,0.0018444457501889389,-0.004828732892100507,-0.0049145251023514636,-0.004511310849336425
2021-07-20,0.007123640124628183,0.005807421091320819,0.006102813083187497,-0.008333576289465627,-0.00504567633970765,-0.004512039416987412
2021-07-22,-0.004499160158899396,-0.007107534533638438,-0.005798689661058676,0.0026666753599251525,0.006997685334246606,0.005322803176349922
2021-07-23,0.0010882070418891665,0.005838323108602994,0.008689493871911536,0.03891091263330693,0.03364102369776378,0.028595057450475192
2021-07-26,-0.008590827725421746,-0.006102262380498047,-0.0036831286227763105,-0.005405349791349656,-0.006005812635159868,-0.006424566313958269
2021-07-27,0.002369708486872124,0.002166488433848812,0.004341352917874408,0.02080939661261061,0.019634566738173875,0.012716346531598255
2021-07-28,-0.009232200194220996,-0.012209338041618722,-0.005741744741460608,-0.01117007193157793,-0.009182007800745184,-0.011609962758198589
2021-07-29,-0.001106193927455923,-0.006450945031904687,-0.001710493975768168,0.0019511585446629898,0.001519118702456801,0.000879144474015936
2021-07-30,0.0015189913475388561,-0.00026931107505645535,0.004911612683028643,0.006574574472529182,0.0072172381738391245,0.009229755557294883
2021-08-02,0.02296203558023957,0.01782798270257291,0.011941518764963632,0.005834389938050855,0.003122134000208998,0.0065519887040126346
2021-08-03,0.007586946999049715,0.010113891367639294,0.005411374219170817,0.00686725794878007,0.00925895510310526,0.007919109918751221
2021-08-04,0.008259976221783427,0.007889296856400163,0.010440058244870487,-0.005824425438662906,0.001711300630516277,-0.0008021166808652724
2021-08-05,-0.0020968733503530235,-0.004591711663023967,-0.004001604428579109,-0.011287224375180371,-0.010230629254087353,-0.01178240756281057
2021-08-06,-0.003960180581535466,-0.003983325863589626,-0.0007891735234613062,0.003557252662597765,0.0025940384939187044,0.002240703213738815
2021-08-09,0.005220307159942816,0.0033486444595951514,0.001260768402400636,0.010300670281800706,0.007373513429861367,0.013633742827340534
2021-08-10,0.00260009802065575,0.00025852653023217265,-0.0024978450725866574,-0.009965767021583583,-0.00721220355265606,-0.009200896706345163
2021-08-11,-0.007871979057469614,-0.009535876963386203,-0.0072466569484194165,-0.004494579404547783,-0.0017936266994919015,-0.004470883193485875
2021-08-12,0.0036695174392802343,0.005189278200524283,0.006992788191875876,-0.006921072029272057,-0.007024481617586176,-0.003753592822058116
2021-08-13,0.00415431103537478,0.0029417110061495944,0.0013667110831243612,0.012090856699461972,0.014661501428903545,0.010674203406485283
2021-08-16,-0.002513087220857524,-0.0007983139601183131,0.006279330468772271,-0.0017267478306475237,-0.000250357755132935,0.002629486597496733
2021-08-17,-0.005118899214626604,-0.0011698133107924669,0.00037292983850867323,0.0008752152215927289,2.2059063303769832e-05,0.001799632754806657
2021-08-18,0.001969190984211,0.00393309843664702,0.0018659781424181787,0.028197006474784514,0.029572402332813663,0.02246286197456504
2021-08-20,-0.009701326543761657,-0.008910016933217135,-0.01107973754779401,-0.0028224274359223145,-0.006001299959559225,-0.007662452609002446
2021-08-23,0.001619932398836621,0.010179251253190857,0.004014368034794602,-0.006895735014826765,-0.0005584483388151318,-0.0006777018083037323
2021-08-24,-0.00991790673188786,-0.01115034786572,-0.008551933252751609,0.00015163458690459208,-0.00032185386498762014,-0.003963310252107832
2021-08-25,0.010651512519136208,0.011712417345814963,0.009813313408062019,0.005511813500322482,0.0022911038832613695,0.003941440747663005
2021-08-26,-0.0070063615751937425,-0.005137421471884562,-0.008703916975992265,-0.003964881507326656,-0.0037989808597864716,0.00175170076000275
2021-08-27,0.0026881585172280342,0.005086367835844596,0.0018322100647121253,-0.005967884480822194,-0.004455096635561762,-0.004586929264469797
2021-08-30,0.014832066771031549,0.012427587637982018,0.01341616016926106,0.01725914025387487,0.02108259482151298,0.02025689522367502
2021-08-31,0.021082924446724327,0.020715946512339878,0.022335783206886672,0.006556376020603549,0.007677742675467947,0.011261539965951917
2021-09-01,0.015216913658472775,0.01529129772176474,0.015134763298849219,0.017579611113427873,0.019644608371751415,0.021057475723728514
2021-09-02,0.004886167410672826,0.006364329515127887,0.0015742114960914932,-0.0028978779403860955,-0.006320062685771344,-0.005822957274507989
2021-09-03,0.015386406546000542,0.019317598254254387,0.018967532445252067,0.009360564373507074,0.009677127444256861,0.01169177898881868
2021-09-06,0.013977954537933712,0.012223643225043768,0.012598200692688799,0.009006232305752038,0.010590324876269097,0.008062254042746853
2021-09-07,0.006523680924432895,0.0043140061611939284,0.0009600999382479714,0.012615141064766133,0.009417966363380659,0.00976836892659616
2021-09-08,0.008681960099039099,0.0015850771708958433,0.002765647215196232,-0.012115015982792854,-0.010230750475486827,-0.008625896473561379
2021-09-09,-0.0014892283092658998,-0.002381711695066291,-0.0029641476557167312,-0.01242457641522643,-0.012590236617155082,-0.008973082955352707
2021-09-13,0.005571828685612346,0.005552383278439432,0.006464234344305098,0.0033946057789804307,0.00508054146283321,0.003493016009547434
2021-09-14,0.01087337038254832,0.010109732105856972,0.010617252353035456,0.013201647052590193,0.013123745589605829,0.012274131054715864
2021-09-15,0.018253396548831402,0.011019813156068148,0.0052345132520690285,0.00013895530429719471,-0.0003389106004972886,-0.001245567274577697
2021-09-16,0.008826933758284916,0.003810908660492718,0.005866029465305456,0.011516827846396183,0.01503344307838339,0.010824499525878828
2021-09-17,0.015386273800688244,0.008951092530729454,0.0038806643545823416,0.0006269233248423767,-0.00018234153591245583,-0.002632207431521927
2021-09-20,-0.006878246545233946,-0.00872287712311648,-0.013434239189406116,-0.02116925702723982,-0.019090947005475645,-0.01752342124219952
2021-09-21,-0.015283861590981163,-0.011180600239628413,-0.017400733078669184,-0.00659533065851825,-0.007098076007935328,-0.011049360386964358
2021-09-22,0.007395289986498854,0.011479057711577312,0.013864626613848685,0.018027099905156607,0.01845637234642661,0.01573332363254032
2021-09-23,0.008488868756899581,0.010755809962823548,0.010629867313648234,0.0201104051443477,0.015502842143600093,0.01301909437047799
2021-09-24,0.006284807584772567,0.006649970540623107,0.0033929321043060234,0.018766221706726816,0.017548534143405403,0.01550896592943829
2021-09-27,-0.006455925067161639,-0.00856811598804974,-0.011309896330129687,-0.014596341710773952,-0.012431378149847405,-0.011466555047662363
2021-09-28,-0.0037349330445692885,-0.002880343218033876,-0.001115958543434492,-0.021082509966557805,-0.020930232926325565,-0.011509137619357568
2021-09-29,-0.010316068820413693,-0.013270693168072722,-0.013312378944462466,-0.03507230734352729,-0.03172568769750195,-0.030472682734616452
2021-09-30,5.305674784406023e-06,-0.002571109400677951,0.002425218215641234,0.014757586365624853,0.012014923992231807,0.010797908432102155
2021-10-01,-0.0013032226286483484,0.0009453314710425875,-0.00389745177524492,0.00015602174065776353,-0.0025636227171604853,-0.003310582179610111
2021-10-04,0.005091956109089635,0.0012530583397110107,0.003903822970318771,-0.0013097502877941203,-0.0017620896276183684,0.00012240816205899563
2021-10-05,0.03230698728915371,0.019607216315520093,0.017162838954932758,0.011953100103227365,0.01481092018022978,0.014606904440249702
2021-10-06,0.006691028609404848,0.008926350261393878,0.008602841106903236,0.011210085857815244,0.008652375033086024,0.010397508237834918
2021-10-07,0.009378436819207359,0.0070378555301982,0.004236918533517153,-0.011321546589239562,-0.01019738007704274,-0.010864272710966572
2021-10-08,0.019202871866218718,0.018308907878645808,0.013425880560872905,0.009228209497146533,0.008475924437122861,0.012841854574852318
2021-10-11,0.010660599351044242,0.007934191363682563,0.00502763937967754,0.019540150015443736,0.012668234090940977,0.012218370567280479
2021-10-12,-0.0011683229797629924,-0.0010325022639361414,-0.0029220183905733776,-0.011734179610372042,-0.008743311257077169,-0.008802710639986833
2021-10-13,0.02851503378833975,0.022434040427246282,0.0182989074360973,0.0018331210621269634,0.007989536407149833,0.011389335577582704
2021-10-14,-0.007128541023339707,-0.002336180966479029,-0.0016780742977620111,0.02518910606430258,0.015943991133949176,0.013586591205956289
2021-10-18,0.040680549825210965,0.03304760047303534,0.026607258114136112,0.028586687957081303,0.026492040443191867,0.02441247689065218
2021-10-19,0.02157981283164201,0.01371545859554435,0.015402568756474944,-0.00638975363781058,-0.00610749138283273,-0.007621790691546004
2021-10-20,-0.0648164910496406,-0.05642807236145997,-0.05360845025833516,0.001479565797614102,-0.001766388889573367,-0.006899360548055178
2021-10-21,-0.02702676552965111,-0.02273509650870431,-0.015428319402209012,-0.005893836059236435,-0.010156242761620637,-0.00895945409487875
2021-10-22,0.00309079374548471,-0.000498449883791996,0.0013704152716955686,-0.02448900313571012,-0.025300082090861875,-0.025440116010256086
2021-10-25,-0.009260723075875665,-0.008742768331387873,-0.010092654231230846,-0.016309035616409506,-0.009536074792101834,-0.010990280839929367
2021-10-26,-0.04514315737580432,-0.041255392149104564,-0.03261173377521165,-0.0014791883030706998,-0.012946755373266061,-0.016209222438413717
2021-10-27,0.016241176152550496,0.024303038823745737,0.02614419342154828,0.01164184778396482,0.015162282684141548,0.014473201731622476
2021-10-28,0.0002528574439291109,-0.003532613027421916,-0.004308174368128914,-0.0063435422140784015,0.001339841330347591,0.0003102560874681526
2021-10-29,-0.009987401607961965,-0.010774080499300842,-0.011365091752703393,-0.02775354186566903,-0.026208908173151912,-0.03155176473813648
2021-11-01,0.03187042433135123,0.02422025667064509,0.020373031945265963,-0.0032623312084251177,-0.0018611858081502008,0.005177120882678521
2021-11-02,0.007930916764780527,0.014718882632106522,0.01525945765377168,0.016629117636995927,0.0160393615005896,0.01725508759556771
2021-11-03,-0.003532933421913742,-0.0006867400689311021,0.0034381129351841455,0.003212869656788353,0.002119260413085744,0.0018822982216728512
2021-11-04,-0.002738210485370818,0.0002560505680440084,-0.0013192588746032685,-0.002410969173481714,9.574233058207149e-05,7.657783078340863e-05
2021-11-08,-0.0008043428744426429,-0.002046083708844404,-0.0003246320124895563,0.003672114012653216,0.002380838235545024,0.004552727289891312
2021-11-09,0.01745075782873773,0.016241210241288107,0.015496550434133782,0.01995312501758484,0.016983474971894452,0.016990681704297295
2021-11-10,0.0022241473939919043,-0.001217132965582679,-0.0018843164657200706,0.0046959267165653795,0.00025729481997260883,0.009576501901808365
2021-11-11,-0.0033347530409723047,0.001949558067853907,0.0018069747245172962,0.0010922512978048804,-0.0007208852598814541,3.59062462806925e-06
2021-11-12,0.00235928270467034,0.0007711819221254412,-0.0002659903349366832,0.004889922061137364,0.003189340661493123,0.005791784134647315
2021-11-15,0.017136102956667454,0.01382040992019462,0.010286925944884784,0.008697594141239495,0.005737410398058751,0.008684351690864123
2021-11-16,0.009227101075388822,0.0064404462267366736,0.0052912341280424435,0.011601047025368239,0.011128268025909716,0.01323273177672779
2021-11-17,-0.002031323864948864,0.0034917778116454468,-0.0028730805185711583,0.0013985104402041149,-0.0017750120731874208,-0.0024884674967069476
2021-11-18,-0.009364985910955248,-0.006853826820649611,-0.0054439889963063814,0.00545469922356645,-0.0011468917857891947,-0.0018084548024321911
2021-11-22,-0.0017235325989500838,-0.003962138773602519,-0.00567639044707946,-0.02599628983309532,-0.020489878152539776,-0.01636802815760008
2021-11-23,-0.0414137294287612,-0.035719558131072415,-0.0340615170406966,-0.03410404903026554,-0.03460707590345291,-0.03435572990463576
2021-11-24,0.027174067455878248,0.02165682834892002,0.02213033640525275,0.025665608918799432,0.027248805252712005,0.025687196364877707
2021-11-25,-0.021858310008865067,-0.015378487869793567,-0.012946607348627848,-0.00891831731961168,-0.012962876519589939,-0.00876194049574075
2021-11-26,-0.005748558187015584,-0.004442519538271239,-0.005247837568712277,-0.002975395652198287,-0.0008879356330377952,-0.0031258278671805195
2021-11-29,-0.042394627596538115,-0.04056400257230264,-0.038802486321557916,-0.044762048497124174,-0.04716237437583615,-0.04794263606478544
2021-11-30,0.00526041767301888,0.012670278660442236,0.008622124109175067,0.025153539940734104,0.02239436344500989,0.016656465804389287
2021-12-01,0.005978194542851201,0.0049105357176146835,0.002528654780842965,0.012027974548481923,-0.0020258248707046844,0.003945349657642261
2021-12-02,-0.0032593910028709816,0.001056466974199699,0.0012639470307884704,0.012798113961234092,0.010441153897884803,0.008188473810792019
2021-12-03,0.0078018937540980104,0.0020118137370459532,0.0018584558503016435,0.024654004819700814,0.02489199425164723,0.022439216798924022
2021-12-06,-0.004056721734467028,-0.003973438828429043,-0.0032593147524693222,-0.012042766152528195,-0.010276440089040384,-0.009254260328476094
2021-12-07,-0.0036864728896063292,-0.0019828280208565863,-0.0030227037727457162,-0.02072032919611999,-0.018095700563945494,-0.01791341534255042
2021-12-08,0.0133776874712348,0.009323323591125199,0.0086295134424339,0.0055134678371124846,0.0072932780973917755,0.009809599202791341
2021-12-09,0.010838337095193218,0.009609195964139117,0.0099448888482212,0.019172777912791927,0.01693004452135205,0.018821275363670287
2021-12-10,-0.0057262716454037355,-0.004768829231668659,-0.004132429626596323,-0.006968245606406964,-0.00711348319798466,-0.007276066819103977
2021-12-13,0.016006958660295778,0.009333007922776027,0.00887251748394191,0.011632989735543608,0.010951730844086738,0.01598930916912744
2021-12-14,-0.0059495607633268666,-0.007301688515658378,-0.009020731190837905,-0.000502613101725724,-0.003190293994549287,-0.005749754041796562
2021-12-15,-0.0016651524450366217,-0.0063441184585055765,-0.007150945268440068,0.0005867496906375447,0.001512493567243256,0.003428895613257099
2021-12-16,0.0007493101308040373,-0.001846237785344207,-0.002193886650603938,-0.0026704400781337734,-0.00036396456436038616,-0.0035737486053560863
2021-12-17,-0.007338835411641598,-0.00572316207010215,-0.007651828362586155,0.0023885955173563733,-0.0018479782984476278,-0.0021494706439953992
2021-12-20,-0.02928630965782497,-0.03229466952155957,-0.031196420059516172,-0.013965639648234607,-0.015874688999057196,-0.025330651959568073
2021-12-21,-0.006445250969431049,-0.0068224326805118585,-0.0068539187043570315,-0.015418028331938172,-0.014871466564324365,-0.011116712789782324
2021-12-22,0.011412577522305956,0.012114761049459633,0.010180175303512673,0.004538381867710939,0.0062319416049745335,0.007405307314487297
2021-12-23,0.013895397744627891,0.015330238209092961,0.012628403262933574,0.01988963707053948,0.01877838813713839,0.019862614308688187
2021-12-24,0.0055367118902636125,0.008973617255779054,0.007590558749233756,0.011152268571676949,0.011656595655030078,0.00867284972921567
2021-12-27,-0.021712139968569688,-0.017507374022742828,-0.014094023240515896,-0.004218087161354411,-0.008075048582005029,-0.006586535758214329
2021-12-28,0.014733829118162234,0.00805643473248896,0.006018476787949423,0.012560829760807524,0.010581618154808625,0.013273433940800716
2021-12-29,0.009877496604078884,0.006726645278988697,0.005051154696450677,0.0019472012262002902,0.003365470999152187,0.005219909162335279
2021-12-30,-0.004192343417443678,-0.0006217566041462064,-0.00016400719719222856,-0.0003119648770401051,0.0009454250557470179,-0.003560098012666657
2021-12-31,-0.0029969187471385883,-0.0015372963813349294,-0.0012185166320329843,0.020445087131995887,0.014341497216590948,0.009604725883123999
2022-01-03,0.011457491385688634,0.008120572052211061,0.006047123415760414,0.01614192107860668,0.014807355481638584,0.012474904108288998
2022-01-04,0.010721323723768439,0.010577149519217288,0.008483975890204443,-0.001137565815602981,0.001175812914862684,0.003608481607241476
2022-01-05,0.0008436890168621591,-0.000827379351108215,-0.0006304168978920055,-0.0024137189293984562,-0.004096414353798594,-0.0013043056269670394
2022-01-06,-0.008817853562016809,-0.008849974477602052,-0.0069570729402193,-0.025926988700159415,-0.021945944234831427,-0.01998452001810247
2022-01-07,0.007388735165804405,0.005856865464119787,0.004579720545265564,0.0010879811024859798,0.001493740548363931,0.0033938814740441803
2022-01-10,0.010698685140326347,0.010962104303523734,0.00878591351914948,-0.0024888876312327834,-0.0005661212462171328,1.473474147162257e-05
2022-01-11,-0.0018930691727346849,-0.004331399633890176,-0.0032620456654904872,-0.0040975302985004625,-0.0018783914755005071,0.0031635678243320253
2022-01-12,0.007993536956580005,0.011974671932134973,0.010138515345755161,0.01611488112570303,0.013600437800225462,0.016609361342002193
2022-01-13,-0.0013548397772846776,-0.002910684109644901,-0.0014933531994970606,-0.0028752109717752328,0.00039970290726421,-0.0014751097116623146
2022-01-14,-0.005004650280770906,-0.004275550387807248,-0.004944665483353927,0.0013235368564061822,0.0009778170801506558,0.005384870666808261
2022-01-17,0.009810527063010666,0.006869475605478348,0.00379065986135374,-0.0035900858483205456,0.0002542352890340105,0.005921288850233353
2022-01-18,-0.001530837020722875,0.002233645059023459,0.004196150698945633,-0.0034309444921147847,-0.0030633046576213907,-0.0011013577577779765
2022-01-19,-0.02064425887179011,-0.019310056247113017,-0.01830323865483341,-0.021983208065757043,-0.018437708791391394,-0.02200287644258958
2022-01-20,0.0015664032320923393,-0.0017697488052743626,-0.0034641378355564356,-0.0009875135426269388,-0.0061946816016832384,-0.0017988254103999957
2022-01-21,-0.00674671332026866,-0.007924961362007377,-0.008136286096520395,-0.009888911716193882,-0.007312739492471687,-0.0077940056487280085
2022-01-24,-0.009556060962784718,-0.006852475228758204,-0.00621442704904529,-0.002256552256277411,-0.004920576509489627,-0.01148055284977878
2022-01-25,-0.03903412434069087,-0.040073667257604306,-0.04051919203764598,-0.05482656825616716,-0.04221414413000002,-0.049306065650917996
2022-01-27,0.005111490573757704,0.012388258314022238,0.013235855014598563,0.012630932692589525,0.0073421670631956815,0.012155590390126703
2022-01-28,0.007026387739349493,0.0048125352465462345,0.008602743364204635,-0.010390719953107364,-0.012996211150245407,-0.00789774255052167
2022-01-31,0.00850070177966411,0.010262862385042704,0.0068676126902640355,0.026279753912026083,0.01872821845845296,0.01736030247648901
2022-02-01,0.021911272057924647,0.017687948216891014,0.01752920253205903,0.013022334483466347,0.012657240692165006,0.012938236783497814
2022-02-02,-0.002625388530651418,0.0018608416623604462,0.0003786028101828709,0.00663040267911974,0.005857602458919864,0.0042585952698881435
2022-02-03,0.005657708569558384,0.008535204379789274,0.008185506714673885,-0.003375018644938388,-0.0040001982346425935,-0.0018384202663590532
2022-02-04,-0.000919379843604462,-0.004016552347759661,-0.0030568900252558873,-0.005475479492360602,-0.005597313681065641,-0.0046286187352240216
2022-02-07,-0.012443685159775453,-0.011770855696058513,-0.011644852540604655,-0.003724087709655488,-0.0032594807184638253,-0.0011512941467365367
2022-02-08,-0.01151991145072484,-0.006178654601894595,-0.0042729531448270075,-0.015004920156943657,-0.011505874656628778,-0.012752721192296423
2022-02-09,0.0034333895307152584,0.0005271629454139948,0.0001001980703754235,-0.00859544367792009,-0.00409008663068422,-0.004434556289545366
2022-02-10,0.011034900484983678,0.00967697792527189,0.008285198141964711,0.024036743638518265,0.01910398540167413,0.020572746067361702
2022-02-11,-0.01229352009095619,-0.011357223713559739,-0.009298992000428163,-0.012126735920173104,-0.012640110320028652,-0.013504456633200879
2022-02-14,-0.022814861529339203,-0.023830022685744412,-0.02406407714645742,-0.042441555510231765,-0.035097253797364614,-0.03234465852012269
2022-02-15,-0.01362706649670098,-0.009499032219289272,-0.01113124846746083,-0.003934714626419367,-0.004793702705327307,-0.010305912780977589
2022-02-16,0.027760915110121687,0.024889488755710065,0.026963068357315656,0.016819988512490447,0.018337379975911672,0.026988192933126376
2022-02-17,-0.0021293826796031645,0.0011210284152007866,0.00045440241830951855,0.005215151895334058,0.002841223054947939,0.0005444560979319668
2022-02-18,-0.0034820169083807917,-0.00616995326085823,-0.008502419220512092,-0.008799859916911346,-0.003389167961554751,-0.004859937918438084
2022-02-21,-0.0029938964782759703,-0.003871915240945767,-0.004741343261089437,-0.004029483090244312,-0.006474007462435316,-0.004744259514713911
2022-02-22,-0.02338396620159333,-0.022365662354219107,-0.02162397517968795,-0.02269979986571824,-0.025075852456804215,-0.03559620960437393
2022-02-23,0.02062891334084438,0.013128500069154336,0.013764939285128897,0.022736058514999824,0.023843979380754332,0.026652835693947496
2022-02-24,-0.03019670276821773,-0.03490606360694215,-0.036427967202691036,-0.024612130743043803,-0.02527992551912195,-0.031022787405674324
2022-02-25,0.0023806626446318813,0.0007903923377969857,-0.0009591674122639837,-0.006561226211457827,-0.0037915657252133306,-0.0031816166510367783
2022-02-28,0.006832156941380507,0.005262429528796186,0.0024406586002934105,0.008498721134843512,0.010918543228636945,0.009714187407768193
2022-03-02,-0.011401744980697903,-0.005443752789642375,-0.0052735642079028144,0.0019192780567547363,0.011598693275004957,0.007695508682525887
2022-03-03,0.005772252432761249,0.002916397745839072,0.0019344390301960779,0.0030424927207102215,0.007558761246058587,0.005333297738192355
2022-03-04,-0.013134862702815941,-0.011431451162126405,-0.011011347339386246,-0.01725519960212396,-0.0166843105046538,-0.020288334963223686
2022-03-07,-0.022787896077017478,-0.016485582663102072,-0.012728234441288677,-0.03063359166415691,-0.031420660441002224,-0.03256220993295633
2022-03-08,-0.0005874041254871898,-0.00029823223979452695,-0.00033063563075008684,-0.0027607475247407587,0.005190692081214809,0.006095297880419848
2022-03-09,-0.0009060656304481496,0.0028997824420919915,0.002282673182000705,0.0031772660438547096,-0.0015603828536676634,-0.0001151768349373361
2022-03-10,-0.0028426919344621826,-0.0005991685869202179,-0.0004272955935165079,-0.003475565486140142,-0.0055059566673272275,-0.0028002340066427545
2022-03-11,-0.0023379317811522693,-0.0011663577532500247,-0.0008186104270940797,0.0015808706546616147,0.0032448007977297078,0.0030859736120438797
2022-03-14,0.005614829978951796,0.006940486469997564,0.005246047151675315,0.011540929482004136,0.010111929692703248,0.008194881379456564
2022-03-15,-0.0008753184987640994,-0.0010040624202386494,-0.0007127307178560471,0.0009970471760880617,-0.0027769419303974585,-0.0015644753270663836
2022-03-16,0.0015733652801366294,0.0015102096319417058,0.001207130723152705,-0.003639726892881945,-0.00469400622602123,-0.0020153212428779543
2022-03-17,0.004845094240965686,0.003429607800731871,0.0025747513489196017,0.012359210369368379,0.01806788940767068,0.012509732440798116
2022-03-21,-0.0014191371754622706,0.0013859412839789531,0.0010902305696582903,0.010594799111318887,0.01024193167280063,0.006104831701928992
2022-03-22,-0.009565317377339677,-0.007197071833673796,-0.005283199486154633,-0.003982228216682704,-0.0007629684927107361,-0.002818068769218751
2022-03-23,0.014086443989957731,0.009792936310054401,0.007400472480362019,0.005727417996591377,0.0054416032368940215,0.008202726907727165
2022-03-24,-0.012829585986424474,-0.0112476017158466,-0.008415478473746019,-0.0034926300066495664,0.000630556329670906,-0.004735701391461067
2022-03-25,0.016960605474959145,0.011593576109823367,0.008771384957564132,0.012114893814665795,0.010506213083664395,0.012117499953466115
2022-03-28,0.0017978643108076398,-0.0018401246565113993,-0.0012696755564549633,-0.0011293623097006211,0.0009860803746719604,0.0013371059023619125
2022-03-29,0.006405736131297468,0.005748663444188118,0.0043787581800349695,0.00872420724847478,0.012510759494989587,0.011216604978187439
2022-03-30,0.011801487123373144,0.0092593702467747,0.006994783126637039,-0.005023398651117894,0.005074273187414491,0.007065637283152126
2022-03-31,0.0027752128409779253,-0.00010390382029368261,-0.0010245767736029032,-0.004756691536099589,-0.00842060808460754,-0.00722258722633673
2022-04-01,0.002275653956833601,0.00434132204372073,0.004064236775758179,-0.0033668035300207233,0.013507065180757172,0.006407539619696756
2022-04-04,0.009002927322295795,0.006113185532952592,0.004662855963248891,0.014865443904474418,0.023395455003189625,0.017636167142612402
2022-04-05,0.004692686122874434,0.009622168820834665,0.008807044441250467,0.01025923298313125,0.018381071417078454,0.012462454170098614
2022-04-06,0.004777230667281085,0.006094215663135394,0.0024350422195924537,-0.0010552381627877416,0.009612303243713427,0.004609598973556617
2022-04-07,0.0019539584234851137,0.0037418133700060086,0.0053590140344468296,0.012256374963632855,0.019964847671187558,0.014753946083150282
2022-04-08,-0.004845116538448879,-0.005055240191577104,-0.005641845534981038,0.00012515544917413024,-0.01789698081815827,-0.013293997425370407
2022-04-11,0.009857093224715285,0.005481460907736491,0.005712286748944084,0.005270877558254172,0.008172221951524339,0.008375800432874891
2022-04-12,-0.007947845974728085,-0.004936882524453456,-0.002792087845864488,-0.0031939716179506528,0.007889221032700622,0.0024314174967905444
2022-04-13,-0.00553201521319302,-0.0074004461051034864,-0.0085684747850725,-0.002132955709453932,-0.005542785888412061,-0.0064311941599567435
2022-04-18,-0.018257227306103796,-0.014173700587423732,-0.013289265197554578,-0.006606974367362239,-0.00734398476431708,-0.013302935603833665
2022-04-19,0.015546991667930943,0.013538830314631545,0.013277960708050651,0.013203611013037353,0.024542555813734213,0.018453736247215247
2022-04-20,-0.021756214803096974,-0.019092511599182904,-0.015877914251756553,-0.002614757769020537,-0.006967152860823056,-0.010865625518738264
2022-04-21,-0.000512794929225957,0.004367867214010168,0.006273923585991437,-0.005543462021454837,-0.00581434962928129,-0.0006561083869111028
2022-04-22,-0.002686624112490432,-0.0011177136242597197,-0.003313536153551122,9.115746951993131e-05,0.004481165857707303,0.0018533613426081619
2022-04-25,-0.0175070827572269,-0.01794829928105457,-0.014319671966011027,-0.019610841070090035,-0.008983575234243646,-0.013707080256304405
2022-04-26,-0.002034488374559773,-0.0051086586232437226,-0.0022996959464401945,-0.0030241189827543424,0.00577733550036319,0.007019698225221527
2022-04-27,0.011758279070931632,0.00989751411003481,0.007527980911194998,0.005776558356745509,0.0099470868113396,0.01454444167071478
2022-04-28,0.010975813900962583,0.005789875353452434,0.008832450526838675,0.0069924124583322644,0.006375556802348692,0.00869279127471878
2022-04-29,0.00046339102999848336,0.0025462158799387513,0.0035737894677365656,-0.005925147561121946,-0.010131325315316908,-0.011117528567218482
2022-05-02,-0.019799510122365582,-0.01483990452496975,-0.015918577762183306,-0.02441949461186943,-0.022959081360130695,-0.02173713714947767
2022-05-04,0.0012326019925621434,0.0020422424708519404,0.00296226198121885,0.015558275715428005,0.01585642031099721,0.012421458625673898
2022-05-05,-0.014414914012175317,-0.012779585207164601,-0.013963457090208298,-0.016765186996719583,-0.017767457115187346,-0.021238527059254775
2022-05-06,-0.016816683781885167,-0.02276059077793091,-0.02452148953188138,-0.016614299117702624,-0.006795838113447195,-0.009507499087189508
2022-05-09,-0.0018479070767467576,-0.006546854636521493,-0.007704056728757291,-0.0007012958507274236,0.0037534804233561037,-0.0030887333349722823
2022-05-10,-0.011943175605129253,-0.011746342395974718,-0.010422493783658782,-0.006994104211243246,-0.01502784330222362,-0.012195376217661646
2022-05-11,-0.015401581775080775,-0.018800611099159426,-0.017838722877069224,-0.02851831193003851,-0.02858558924497545,-0.01927198989273604
2022-05-12,-0.003446891206494218,-0.003467344297109376,-0.003847977321924212,-0.014459542188140051,-0.012362612135356499,-0.011862983791909087
2022-05-13,0.00145606105859164,0.0017832414307441535,9.300673186585229e-05,0.003985536257718136,0.0008491193928923391,0.0004480963269721805
2022-05-16,0.0072558889949752015,0.008911970173661521,0.0052627179743880426,-0.009836943998751901,0.0013439444803808875,0.003547241612947838
2022-05-17,0.013828100707169888,0.010775515393062207,0.00840723848766789,0.017484840633221976,0.02142650819930858,0.01766786188145142
2022-05-18,0.01360348724578686,0.012483931349335675,0.012338574393050639,0.025569744242728287,0.028183617674687467,0.026271347936785316
2022-05-19,-0.015475302122446188,-0.011492306393307783,-0.011017041790873261,-0.023109665380786737,-0.022708352778963437,-0.02117849845304276
2022-05-20,0.020934234944625985,0.014662736903736873,0.011661744050364131,0.022155203425681336,0.027683895350447907,0.023290410571232822
2022-05-23,0.0094380855992513,0.007780579477765226,0.006583905461335693,0.009674965695208426,0.016525113015020354,0.015373267636520138
2022-05-24,-0.004834051731566591,-0.003516595659338928,-0.0028980567103793486,-0.004911031600180804,0.0016000962430486876,0.003493857095923314
2022-05-25,0.0008080161237786765,0.00018092321061469185,-0.0003267451804309651,-0.013875166497116842,-0.014465494078304664,-0.01151981770143129
2022-05-26,-0.010428512189245898,-0.006305392993316228,-0.004698039045250235,-0.0003825201243624621,-0.004805428973663761,-0.005926474063262854
2022-05-27,0.008025458098718241,0.004051707426121931,0.003999627051177512,0.006655667134660259,0.013021489836081868,0.010276239175178947
2022-05-30,0.00547593642176758,0.003772904408269051,0.002695910918170341,-0.0018692013049022016,0.006850043982685516,0.009325098311577573
2022-05-31,0.003277113144103838,-0.0007542477562748617,0.0005379501810935938,-0.00464855173938572,-0.004945105767508173,-0.0022642210006759145
2022-06-01,0.002369510800254826,0.004392396340672011,0.0038894528630002423,0.006562775508422991,0.007080401429462313,0.0044879552301024805
2022-06-02,-0.012393818113904609,-0.01603301717451433,-0.012338190336984356,-0.013595913459953035,-0.007675427560701276,-0.010471104864284486
2022-06-03,0.008479184283033181,0.006930010567550493,0.006378687241886505,0.015357498983094242,0.010148970143167846,0.008513285999550702
2022-06-06,-0.020398162957306565,-0.020115658664741853,-0.014932395028078527,-0.01839813034942317,-0.020573774984025794,-0.01704975647593765
2022-06-07,-0.004109349736384993,-0.005375275585596917,-0.0063270688864858204,-6.033565499419247e-05,0.0037934478923684622,0.0011332837343236424
2022-06-08,0.009500104963063194,0.002754366005580433,0.002250857815497387,0.0033200698317774613,0.0011075767318118324,0.0006299973186105756
2022-06-09,-0.011292626261445449,-0.011956025072827003,-0.009933880657934324,-0.013190889131283967,-0.016585667604538945,-0.015037431066882934
2022-06-10,0.010874498908150843,0.008172283895947041,0.008185755226625568,0.005062686142915052,0.0017468034251231224,0.004651826303303519
2022-06-13,-0.007540016046802878,-0.008935542736323576,-0.009700500773784038,-0.01227137857855054,-0.010063097138757415,-0.011111605916603318
2022-06-14,0.0006736716577380175,-0.0006113370573281873,-0.0003151403151105958,-0.007872322205712767,-0.012813055822667896,-0.0074652850130838555
2022-06-15,-0.0014709595163413525,0.0004485463715171445,-0.0004158521992528863,0.005400051476420087,0.014728993274687907,0.008014351673425013
2022-06-16,0.005605986347384295,0.004493431612766718,0.004062369732868554,0.004967522186190232,0.006356691672680936,0.006781324532881161
2022-06-17,-0.030787601832770628,-0.02934434741196479,-0.026750039943016057,-0.0430971261538291,-0.04668050262706713,-0.03664575950581872
2022-06-20,-0.005033949053145581,-0.007692037199311996,-0.0036258210351507447,0.0005253032765750731,0.00955669653182345,0.008708967746160479
2022-06-21,0.007012335702109906,0.008005608414882959,0.004234985595051199,-0.014120806491260351,-0.021084288708405508,-0.012738191494188422
2022-06-22,0.013489716467284474,0.012058644985506684,0.009760518649505556,0.014862015637104209,0.013917887711813126,0.012025973980976046
2022-06-23,-0.0014700704480542504,-0.002723193083015718,-0.003634038299451414,-0.006216285221326778,-0.004770133538339105,-0.004903182409713214
2022-06-24,0.031032836552617127,0.025017419236615934,0.018588142024703602,0.011816754122329742,0.020106885055027446,0.01969290730598705
2022-06-27,0.0218406976139518,0.01770080475610225,0.015055191452878036,0.02203339068618182,0.02623676079224735,0.024477013958480454
2022-06-28,-0.009884851364767466,-0.008850580829431354,-0.007266391238026415,-0.006088220362771235,-0.005406275286414686,-0.005998888448425221
2022-06-29,0.006437872749738727,0.0036668719599384225,0.002921712825024514,0.007200649028279216,0.002225123529894679,0.001903722542955677
2022-06-30,0.00762852776339451,0.004919720504036773,0.0032970405183834206,0.008020340777462609,0.005743171462151864,0.005310340809629777
2022-07-01,-0.006869227791645116,-0.0055446415130663285,-0.0039028489852637183,-0.008033561832295755,-0.011346069357965116,-0.010550353563647974
2022-07-04,0.010405994662159523,0.012159933295657455,0.010174079363159061,0.011364771865979284,0.007086210787305092,0.008816645721323013
2022-07-05,0.012240337043365468,0.015932565270178056,0.012189023589367798,0.0038343978203454476,0.008381014181892521,0.012032477308924205
2022-07-06,-0.008660272402788105,-0.009037949560107283,-0.006926977499585152,-0.010165154227473105,-0.007777836034361552,-0.00716826804693671
2022-07-07,0.026984501545564088,0.030723833907539744,0.025965222492904783,0.01901128872923752,0.018679597912705237,0.02234070330413762
2022-07-08,0.00013899281025486765,0.002230814840647577,0.00449196225795534,0.010463334752688791,0.012296741690084101,0.01263030037239754
2022-07-11,-0.003992145181205942,-0.004770306521437728,-0.00476377576646192,-0.006803880905929871,-0.00920929413973548,-0.009208417154615733
2022-07-12,0.01648418642725402,0.011408887142706492,0.006879604626631064,0.020713007068654976,0.01935065637040001,0.014520490044308776
2022-07-13,-0.002369988894694086,-0.004751564393614238,-0.004104529570241877,0.005832460561214781,0.004176394503768277,0.000473657044258724
2022-07-14,0.0015158439651301592,0.0018679789043860584,0.0003503951255898752,-0.005248902383231169,-0.004962076850134944,-0.002536071936759199
2022-07-15,-0.0009559932973866037,0.0013046371426932435,0.0012709003510609218,-0.0023192752969077857,4.0847119245013275e-05,0.0014251528897422094
2022-07-18,0.018529097324903043,0.01990941647094302,0.019998460149375674,0.017006231835130725,0.019421745111396715,0.0200590976702979
2022-07-19,-0.006340601023461567,-0.005972844561787816,-0.002857476666443315,-0.009568261396935562,-0.005936010038769646,-0.0037211926509932436
2022-07-20,0.011180248185384434,0.01051479443315495,0.011116025101178373,0.011608657550715051,0.016201458024242443,0.01524580258355801
2022-07-21,0.0006702743027491298,0.001173893331163578,0.000167155550652609,-0.005592550116116368,-0.005567969846527743,-0.003892985052775466
2022-07-22,0.005195365176711597,0.011240839150588045,0.014498455137321953,0.004056526696876395,0.009250708206439029,0.014155879414864181
2022-07-25,0.0036269179402896867,0.0015099052718712258,-0.00036479151338464355,0.0029652688011649886,0.003065549758881847,0.0006411467946114691
2022-07-26,-0.005036300446707664,-0.0052376816872842236,-0.0029978682852301874,-0.006801439726488501,-0.004731708230900966,-0.00348380528904646
2022-07-27,-0.013237269702584098,-0.012028631032236947,-0.012113182936193345,-0.0029931927850258555,-0.004984429423012471,-0.006935755429046231
2022-07-28,0.009583535375848662,0.010508900609860428,0.012645946271794939,0.014404739255870602,0.022380993885974698,0.019319129595681606
2022-07-29,0.004447005102397705,0.005414070352832034,0.006325875941224801,0.007424301235617881,0.009517728675445314,0.008071900496833706
2022-08-01,0.006182035767065663,0.0034100691992540177,0.002796427967843851,0.007423208187736785,0.00360452970122882,0.0004967172036558498
2022-08-02,0.010514886454059846,0.008494801804317165,0.007054697928148723,0.01387562544383214,0.012279375379144808,0.010145189380426523
2022-08-03,0.0012137277958459425,0.002997227420171278,0.0014876348143155749,0.008851354109435938,0.009222470995869703,0.0066423250520133426
2022-08-04,0.0033353862713823013,-0.002818239498637354,-0.0031147983385492184,0.0038076699559992377,0.004993755930723376,0.0019780098283388448
2022-08-05,0.0004177530768654236,0.00012860178148876855,-0.00044491031295468275,0.005199712945495039,0.0038578303571275008,0.002394236375745429
2022-08-08,-0.0045129206739426,-0.005703022965670268,-0.004748717042594719,-0.012177779966549784,-0.014808802247081365,-0.012335830868612674
2022-08-10,0.009833252793786329,0.011605178506583602,0.01122832205367641,0.011461930037280244,0.017009545680576554,0.01665276387471004
2022-08-11,0.012028036136379594,0.008088638452120156,0.00528313250411494,0.006400370919428466,0.01163490461180583,0.00995740157310876
2022-08-12,-0.009250560657187101,-0.007595272848811119,-0.001874481638146519,-0.0016768338938600857,0.00019403238013726565,-0.0005541405352031958
2022-08-16,0.008513704350594509,0.004541186354517501,0.005441013128391958,0.008317271197335163,0.009214489981435703,0.006949250081570435
2022-08-17,0.019166916821495183,0.020172676948055024,0.016562120810641234,0.024185574551389033,0.023641780530067713,0.022076715666565105
2022-08-18,0.003847426784610697,0.0007068701068264627,-0.00016489956651977167,0.006428902361195421,0.008455218163520462,0.004719009061082469
2022-08-19,0.01018815557941033,0.007438705626575448,0.005918679455294118,0.016413371004950994,0.015333429448833646,0.012559372559344695
2022-08-22,-0.01590338440332051,-0.014779000179835133,-0.014487146962334663,-0.01108857079187997,-0.009726077367745778,-0.008117318066933832
2022-08-23,-0.020463413400032993,-0.019047879856261885,-0.018793797211148044,-0.017727896758833572,-0.013308754792453414,-0.014064859134307883
2022-08-24,0.014181416174600114,0.013479195666464827,0.01430378037472968,0.003201961643340301,0.001359499666865105,0.00453464551007432
2022-08-25,0.011314663391057245,0.01340768017077898,0.012256527083858604,0.002703115790967603,-0.003549385753206735,0.0016325830125003549
2022-08-26,-0.0056173615259196286,-0.0018037701845522447,-0.0008332442335490242,0.0017554638501859898,0.006361889202799009,0.005496379416130903
2022-08-29,-0.020487429613000208,-0.018645235468351173,-0.019434833036478527,-0.025709059334515727,-0.026237637286752102,-0.023705665205603244
2022-08-30,0.020467541698973246,0.020890835320593215,0.019374833076047926,0.032699538192991096,0.03693738832876248,0.03298617794688474
2022-09-01,0.008783385788201148,0.008792494213033297,0.006533593189994802,0.010050128162103045,0.008247296697125428,0.00805709820479783
2022-09-02,0.023096226489707883,0.020819910315142076,0.02012111022241614,0.01572585321663511,0.017935620062244917,0.019185112971292106
2022-09-05,0.0043899491348964315,-0.0005407682964344573,-0.0025074348145921466,-0.00013275627535636048,0.001429322113724707,-0.0003581532485977812
2022-09-06,0.0017712756115384476,0.001382384504114098,0.00199238763916032,0.0023829187132426988,-0.0007506425612930911,-0.002135005546236468
2022-09-07,-0.0019122170771819214,-0.0021274747683761586,-0.0014097044866056008,0.005163107092115871,0.003957085764995538,0.0034449332881059114
2022-09-08,0.005419634829714193,0.00486818741751982,0.005358596194488197,0.013043302396416268,0.012609265364842859,0.009990635081212229
2022-09-09,0.002987588227274296,0.0016032163558485912,0.0019500533184670932,0.002317902115248849,0.0018587758014798617,0.0016955813507371076
2022-09-12,-8.608599719628351e-06,-0.0008313689985832706,-0.0030689624911456326,-0.007289109056747511,-0.004643623721478085,-0.004985352870018556
2022-09-13,0.0028771656145014646,0.0030472989361483016,0.004375948458716028,0.004803966191492259,0.013204272424594654,0.011898801399117032
2022-09-14,-0.011125833310118405,-0.009842616158134088,-0.009442718232952507,-0.009507354232881848,-0.01563412685934662,-0.014492486506838653
2022-09-15,0.01640968846335311,0.015268631258491538,0.016342994810692124,0.02188626202631294,0.019531834217069388,0.01820577696490444
2022-09-16,0.0024834370693664898,0.0005796387136984826,0.00027490031896615363,0.004286010640746962,0.0012031965647858467,-0.00014423823228570942
2022-09-19,-0.017462094342376222,-0.0188118743659349,-0.020483953174654346,-0.02171357658294859,-0.018773952311953224,-0.020259636284348015
2022-09-20,0.01580730358083504,0.01250174474132737,0.012156683677831959,0.027375235570755274,0.02068108019232584,0.017524743143573218
2022-09-21,0.009867093269367633,0.006928490534689136,0.006085293492415156,0.009748082129293234,0.006483944523048679,0.0049611598616727814
2022-09-22,-0.010244977755456186,-0.008387937921766841,-0.008162599634048195,-0.02165713690350346,-0.016932207568655766,-0.014528538246778688
2022-09-23,0.015986218658299522,0.01429025917166138,0.01198270040682603,0.01348468996623442,0.015800864557316885,0.015046373758671017
2022-09-26,-0.02014549720713954,-0.017930863895771254,-0.02093513949850412,-0.023897945742447302,-0.02868440641345671,-0.02727922555685003
2022-09-27,-0.014107462376218516,-0.01580495512022717,-0.014109610562557662,-0.017853595335552752,-0.020862049236232805,-0.020621267113564712
2022-09-28,-0.01741085278602139,-0.013276159971126633,-0.013960563492115496,-0.013244506370771347,-0.012672225273041016,-0.010477410677495858
2022-09-29,0.008652344349104002,0.008266063980872485,0.0064934356324517495,0.008870435481024286,0.012186613991159057,0.011773905304991006
2022-09-30,-0.009412425384591305,-0.00833715557306669,-0.007019916404309878,-0.012830689006051,-0.010530153318993651,-0.010776812353490262
2022-10-03,0.011797688902596803,0.011762634924060711,0.010717804821601895,0.012536074567554678,0.01671984951015415,0.015771885990219614
2022-10-04,-0.02519239985348265,-0.020439124211298454,-0.01474099949819685,-0.01514626080216086,-0.019633422819238966,-0.01895036228842162
2022-10-06,0.011812201205453565,0.010278028381788928,0.00880325300544782,0.006589320817648403,0.008946272832943247,0.010731393492074526
2022-10-07,0.002374298416537135,0.0029311737195396592,0.003131967244895728,0.015519893919444527,0.015021783968143687,0.01204532907499356
2022-10-10,-0.009197754199854136,-0.00573483698427113,-0.0067454641830952955,-0.009278008569335361,-0.011247797369598467,-0.0083568165906438
2022-10-11,0.0029783979187698595,0.003441248324846269,0.004560144694560453,0.0076523514980282314,0.008070693370118676,0.005830601387514234
2022-10-12,-0.014458961808191728,-0.01230915319891368,-0.010968722286811228,-0.014535411993948366,-0.019405165914188283,-0.017386540468599776
2022-10-13,0.0038810853173985027,0.0038119457036389637,0.003507867961370259,0.00403829281925594,0.004305273402169574,0.0046402143555714925
2022-10-14,0.009434972981164247,0.0092498828233889,0.007196180681045661,0.004622995608394964,0.005479916942319862,0.007040009480879794
2022-10-17,-0.013527827239282475,-0.013545239895625727,-0.012667055256305404,-0.02339970780097389,-0.025772324917673117,-0.023825424327378553
2022-10-18,0.013026494794701415,0.010981129015446678,0.010903623573871979,0.016581984838863528,0.018449741651465734,0.016553038257968833
2022-10-19,0.014509677771044949,0.01001962882348928,0.00952631282698424,0.015064235213809063,0.018657293305314182,0.013149652322731686
2022-10-20,-0.008203811803427663,-0.00563123019762779,-0.004976610633069756,-0.003541930382623737,-0.008769061921463206,-0.008354903639503752
2022-10-21,0.017493203812756652,0.011577881934710321,0.009735872138722845,0.008893720924120219,0.006229966252883079,0.00752771797402918
2022-10-24,0.0015652584254020052,-0.0014873583786244593,-0.00010444571731649255,-0.006584580317113287,-0.006435120625150947,-0.006986514610329508
2022-10-25,-0.000727325628160802,-0.0002844130006701695,-0.0006984161679179923,-0.0003462411638285312,-0.000783652637371901,-0.0009719255828875006
2022-10-27,0.008162977641555935,0.005068492254020507,0.006303789713370422,0.006600856349349149,0.007923912178368298,0.005767336867019912
2022-10-28,0.002119080000896778,0.001653642644737774,0.002212427803882422,0.0062996988066983395,0.0074440041003940305,0.0019157130452840399
2022-10-31,0.00019248887602496545,0.00038313765418607204,0.0006497302577506137,0.002517564463430988,0.0025136850443712166,4.1201505688315265e-05
2022-11-01,0.012384326895980902,0.01239053413687019,0.014308262097002977,0.01872793748585333,0.015959091909435008,0.01697293902377517
2022-11-02,0.00956410699473298,0.010133922367154158,0.008587626370280432,0.014061797597783476,0.005021225829517251,0.006835321950275253
2022-11-03,-0.010907340448354508,-0.010740338641489267,-0.010884886381059444,-0.006322549461215465,-0.01050323528012398,-0.01012778845507023
2022-11-04,0.013559033748693494,0.012480807160451857,0.012030188187551305,0.009837812557020653,0.012816110655039958,0.011554793404791264
2022-11-07,0.01091099125005135,0.012452880234023134,0.01167356832339439,0.009273991508577994,0.007671353151716964,0.009096728844260271
2022-11-09,0.015021809758612115,0.014573366904016227,0.011770540739470148,0.006331387079466344,0.007310904847176669,0.010209029344685261
2022-11-10,0.0018386267171968118,-0.004232726871395864,-0.005074500909625912,-0.0004674734013704329,-0.00866350608948907,-0.012819078029736475
2022-11-11,0.0004042992114763333,0.004459113644535551,0.0061696753523843295,0.00028166250411354454,-0.0035825777341087495,0.00152549744904662
2022-11-14,-0.015503836764501955,-0.014152313829633445,-0.008736378698482206,-0.008184470971511093,-0.008646124180267334,-0.009199792936178008
2022-11-15,0.0016342095700341286,-0.0008712043260011848,-0.0008716269831077206,-0.000287768021265733,-0.00016255040558110778,-0.001590430711571389
2022-11-16,0.0004888054858263047,-0.0007898032203945693,0.001028433537267448,0.002990297717591961,0.0026735511269351253,0.001422380666789902
2022-11-17,-0.007115413617466704,-0.0040991497264231125,-0.005611262710169096,-0.006379554047188596,0.0013466556022441178,-0.0004409352892281726
2022-11-18,-0.0021612010102473045,0.0011965679646586125,0.0012281233034021621,0.0009255124481477583,-0.0011983174984578904,-5.866398616782842e-05
2022-11-21,-0.01453498776225437,-0.012366071153564917,-0.01143632932834393,-0.014752156183016507,-0.015916837489689306,-0.01327632818222979
2022-11-22,-0.005893472473480266,-0.004564167485503479,-0.004935824954836909,-0.008744120761265184,-0.003467221254901176,-0.004388336082959854
2022-11-23,0.009517494967022921,0.006339823533891176,0.007019082579163394,0.010552285537609452,0.011400120904513145,0.009946614215605276
2022-11-24,-0.004699656686921738,-0.0021274778342281753,0.000331831647802705,-0.006066216285982473,-0.0031865250464575556,-0.0028712851443101206
2022-11-25,0.004775413907148307,0.005386047873534583,0.00689081958197213,0.0041254829719967745,0.0035173611976118124,0.005302770904248577
2022-11-28,0.00036407148270645173,-0.002799545016306415,-0.003543737017814741,-0.004622016604794665,-0.0006518932653145626,-0.0007734636543569318
2022-11-29,0.003696250623903996,0.004034317913317098,0.004337455085220432,0.005040743193350128,0.004128015174014177,0.004542483494152538
2022-11-30,0.004654089202037692,0.0029108088600877657,0.0022191226628960337,-0.00462668538343558,-0.002856640765547369,-0.0036839072934015116
2022-12-01,0.010331222499426307,0.010214442463494233,0.011383130880573189,0.014562160229042664,0.012316712149828879,0.012953095371506018
2022-12-02,0.0014714320840334416,-0.0005440035719668224,-2.2257544979087385e-05,-0.004917322707654659,-0.004332406159508806,-9.14439510202314e-05
2022-12-05,0.001938381556827462,-0.0008175072276996875,0.0011031925598661285,0.0003093326552996434,0.004096344931805884,0.0027539176564754797
2022-12-06,-0.010826919630817833,-0.008424353298136955,-0.007717105027869264,-0.009296861261604339,-0.008766434881046559,-0.008214848358797155
2022-12-07,0.006933614778485309,0.006797185681008511,0.003423601243581098,0.009920159138510742,0.005616240721119992,0.004218048142845543
2022-12-08,-0.005157929063521305,-0.004326603263792084,-0.002693043453186217,-0.0018303964560354435,-0.0011875321600832711,-0.0012708914588166476
2022-12-09,0.005206532299118605,0.00576687161395828,0.003700953430140874,0.004139087845174805,0.00920189921278003,0.009713130741999088
2022-12-12,-0.010849388620512435,-0.010403636872666322,-0.01109155097496306,-0.007700677947446,-0.009616586314141196,-0.01629942993650091
2022-12-13,0.006439487217126505,0.006731450565791386,0.005218282118211182,0.0037753702472682615,0.004267104019190393,0.008442075872870936
2022-12-14,0.004039844596477549,0.0033042307184372177,0.004663193492330242,0.0062217267427917555,0.007051191914290822,0.006982541263850672
2022-12-15,0.006290262382255385,0.003568409505266157,0.0029962798630744913,-0.0009131458911532109,-0.001965158440292658,-0.0007860870824681898
2022-12-16,-0.00946200104751449,-0.008678412557369342,-0.012532477658243502,-0.017580206801481424,-0.016097622607771034,-0.017823535581492744
2022-12-19,-0.010449872202635269,-0.0085585995859917,-0.006516308361970258,-0.011339426419811338,-0.010748211468171065,-0.01136979485951961
2022-12-20,0.007591981195866682,0.00813331040431442,0.00582062032755748,0.014707894752135076,0.011446227494873673,0.010776924639797736
2022-12-21,0.00878804263801869,0.0060082405585868415,0.0072461012068059105,0.0028144368329483527,0.004191505458628786,0.003618903851061228
2022-12-22,-0.013414295102968765,-0.01157286108823019,-0.009553545905691907,-0.01922149145744656,-0.015336908498554847,-0.01484079094738977
2022-12-23,-0.014207247677269219,-0.013757392448404127,-0.014916921237535408,-0.018560955937142354,-0.020542173162899857,-0.021202189181968034
2022-12-26,-0.020538774977072127,-0.017418985775679574,-0.01871142722089747,-0.03160854857241746,-0.024620659014029322,-0.02559276021543777
2022-12-27,0.019126508883598792,0.01519514980070813,0.01619044146474269,0.030064395778041764,0.029796539431638625,0.029407982927488252
2022-12-28,0.002439347784984003,0.0006588717243034559,1.7659483995124958e-06,0.00025675920728485124,-0.0015843062705164224,0.0025465856925639407
2022-12-29,-0.0005785967143524529,-0.0004693947047218483,0.0005514726304560735,-0.00022347579819970154,-0.002050906882181014,-0.0003765878065595807
2022-12-30,0.009441549011244055,0.006551452914635325,0.008637763781681684,0.010527919957440846,0.010665137068333053,0.014534119229644427
2023-01-02,0.002756032083309101,0.0018881176652727483,-0.00046477294606872555,0.007442372177924206,0.006035125167151545,0.0060977842789042835
2023-01-03,0.004345997363069065,0.0004899906109836483,0.0014320450023861397,0.0072458512826107935,0.006555619613907382,0.008379802736619757
2023-01-04,-0.0013049709400747567,-0.0008758713341855406,-0.00014412207687608536,0.009187776749899568,0.010273826368349726,0.007546783318613137
2023-01-05,-0.006574096178311284,-0.005715642288535827,-0.0053317981778761014,-0.009340352492850257,-0.010051647778794637,-0.011523104928810812
2023-01-06,0.007663813677113218,0.007476340247685176,0.0065686264218691726,0.010655643383786328,0.00840517070170299,0.007314919976376455
2023-01-09,-0.00041656045698112987,0.0008609162451014285,0.001522432130946827,0.007579292427404072,0.005851284272150981,0.004067584208629738
2023-01-10,0.006047770078549286,0.005229289136168491,0.006223225688751333,0.0008200603880541557,0.0032341734939071998,0.0045271484271975915
2023-01-11,-0.009326482098000133,-0.007217197153481347,-0.006580985661824079,-0.018730519496982123,-0.013327960148653673,-0.015777866061628343
2023-01-12,-0.0036052725070593317,-0.00399965274708014,-0.003343145575715578,9.04867918125607e-05,0.0003896643904732766,0.0014649562611204203
2023-01-13,0.00408658940591633,0.0030496695244450756,0.002418316923315178,-0.00032128034234157887,-0.0036574755434695128,-0.0029208655246982795
2023-01-16,0.0045588895978718735,0.004959961284949577,0.005098230526194403,0.00910237326177099,0.007513596899467068,0.010548717027187626
2023-01-17,-0.004170472372468148,-0.004146533779277761,-0.0032079103035258516,-0.0028012724958472734,-0.0064529200392439146,-0.004250658093688298
2023-01-18,0.0008144709909645442,0.0029385889105058016,0.004554299338743295,0.003923332862856066,0.0010772264805607445,0.0005403820376901347
2023-01-19,0.00034898257045656855,0.00033989757547980837,-0.0010301565545890456,-0.0012987838294458154,0.00046077035654490395,-0.003052034849370555
2023-01-20,0.006341565405514338,0.0022029385136597135,0.002644585204979455,0.003391375180281875,0.003761432301390144,0.008959088795512882
2023-01-23,-0.0004405168930210479,-0.00013676895665726274,0.000891925338906363,-0.005130045300103414,-0.004454153419535034,-0.0019177222091374402
2023-01-24,0.008850693069924587,0.008451805996103845,0.00938861918282563,0.00183749436975722,0.0012800100710801399,0.005930819748931393
2023-01-25,-0.008677995179600773,-0.005633767161073222,-0.005762950593081406,-0.013557844795883844,-0.01257851440303126,-0.011017118097148337
2023-01-27,-0.010724213081884426,-0.00560227524152479,-0.008164587237305065,-0.010596298192106168,-0.009195118772463484,-0.00988178026964559
2023-01-30,-0.011399596092758868,-0.010345509367383432,-0.011065851387108028,-0.020037242250512177,-0.019994356279925185,-0.023127938299335904
2023-01-31,0.0011031445591047628,0.0019486431860089581,0.004055190988685009,0.0018137341227464354,0.0003592059316512852,0.004400155528174743
2023-02-01,0.014755355130145587,0.012529485695008669,0.011571295061728382,0.01521944940815767,0.01137518750910238,0.015442998494183735
2023-02-02,-0.0211703373615858,-0.012064767181385272,-0.010154816683591306,-0.019624785585880433,-0.019528962254255933,-0.02701259217887897
2023-02-03,0.0076692196098588905,0.009253674036117543,0.00976799604837253,0.009397198628059655,0.004580840080446791,0.008485972065618297
2023-02-06,0.004222410794183062,0.001962562139614432,-0.0014181684020283525,0.006452107986301137,0.0006093126858781606,-0.0014156491635778368
2023-02-07,0.005506359509081626,0.005752078420446782,0.005207575355240079,0.010721920754134251,0.001004599816041285,-0.0011866189635729718
2023-02-08,0.002419529388022479,0.0003130128680959299,7.261505779254662e-05,0.0012134397025254096,0.0024574171830193947,-0.00018677753093876426
2023-02-09,0.0034586747995550837,0.0013379503133879034,0.004769829649535318,0.0015830279806670067,0.0030676432792340336,0.004260013953886643
2023-02-10,-0.0033268640513489656,-0.001518728701149774,-0.00037991756767474794,0.005860998452367205,0.0034771469948025047,0.001336316388064418
2023-02-13,-0.0016432189841929512,-0.0021602023054553277,-0.003798730264207406,0.005454378502220303,-0.0027859157588860928,-0.0019514010812062832
2023-02-14,-0.015808749059155636,-0.011012622860272048,-0.009102426895670312,-0.003791821131096995,-0.004576161878086515,-0.004163267795253112
2023-02-15,-0.0030245866847707914,-0.0012493427616017128,7.811084931086398e-05,-0.004510812556426935,-0.002243925938595459,-0.0024786152753702995
2023-02-16,0.009207160612450416,0.01059973327273478,0.011154848144872442,0.012685729652421207,0.013651479561291868,0.011324065537690498
2023-02-17,-0.0002189138221226905,-0.00020833812984122346,-0.000567451181545775,0.004201769493696883,0.004354197546782235,0.0003803215488147327
2023-02-20,0.0016352158356458535,-0.0007194716942380275,-0.0010432732484808582,0.0026691768369153657,0.0009547166045293931,0.0005960941619029825
2023-02-21,0.0031481906021253447,0.004123036292082771,0.004973967733465479,-0.005769956139989207,-0.0006657963916565368,0.0004952530746453743
2023-02-22,-0.00478510849685887,-0.004636343847969071,-0.005370008151937444,-0.00756044156998581,-0.007295824597455813,-0.007940279988389864
2023-02-23,0.002945874265090742,0.0018842061700810042,0.0025459983222269056,-0.00422926585007577,-0.004745537555372659,-0.0020691167393571686
2023-02-24,-0.0030453918638220223,-0.0010194545140486122,0.0009352455756899136,0.002090675063197711,0.0045961288449225535,0.0010129446823803345
2023-02-27,-0.00376318079393434,-0.0064280744695510705,-0.00741459015243795,-0.007351553770720054,-0.009619598461649947,-0.0090862266817483
2023-02-28,-0.00419260540543831,-0.008225408445771465,-0.0074871180840078155,-0.006535304146600418,-0.011471303678447287,-0.01016562997027537
2023-03-01,0.0054737741376582605,0.006665802383093,0.0032152003533192364,0.004097903981758355,0.005427972798795588,0.0051904025481239735
2023-03-02,0.009524085201206622,0.006465048081157221,0.008254727673420392,0.012555388789409871,0.011897374480478895,0.012721476096146933
2023-03-03,-0.0013407941990278838,-0.0010674152936387404,-0.0005585544482626936,-0.001163216585125415,-0.0005467636038064549,0.0016035995291454608
2023-03-06,0.004229179018210516,0.002993960591492373,0.004443488853111077,0.00912386886681027,0.007252459031024117,0.006208411575982842
2023-03-08,0.0006051932118211756,0.00013010322745810043,0.0011660828644379784,0.006667257552945616,0.0023431420305501938,0.0010144255400996727
2023-03-09,0.00744785112697488,0.008595233268595237,0.010198790908807487,0.01852834638589984,0.014892127647618159,0.014645671498030532
2023-03-10,-0.018450636082382177,-0.015312438195243194,-0.014062387475459404,-0.009806433402602566,-0.010227264180952766,-0.011662235344280125
2023-03-13,0.011477190189070896,0.003932493319299901,0.005061429039533216,0.0032236531414120417,-0.0006236711623829327,-0.00011216232077870814
2023-03-14,-0.016470496751134767,-0.01540254859567547,-0.014579601754813099,-0.015278521847324256,-0.014591778743962336,-0.01562027275256106
2023-03-15,0.0062182467198810265,0.004140333230584048,0.0020700181280057794,0.001347139930639285,-0.0005821492846652676,-0.0008702596251787265
2023-03-16,-0.006634510256584347,-0.005578103549255142,-0.0060430224577544545,-0.005204761455925744,-0.0034719896331192324,-0.005356135243909099
2023-03-17,0.016915232588483153,0.014195625563197645,0.010899687337222908,0.0065006171335091345,0.00627627452210322,0.0072195741806238
2023-03-20,-0.00266403786401026,-0.005523435495450979,-0.007153845661290625,-0.009565664791326478,-0.00603886547585375,-0.004800902078629488
2023-03-21,-0.003822854478850224,-0.001083396888305388,-0.0005971003130691432,0.0004891860925588798,-0.001116541232128565,-0.005905394464243652
2023-03-22,-0.0014348778031314513,0.0016619098413501732,0.0003709785417977951,0.0026916818484743477,0.002126767165030241,0.003558764569864925
2023-03-23,-0.004083137450652807,-0.0053503030950468045,-0.0076649598641820305,-0.007791901443130245,-0.006538522079357678,-0.010553671256707808
2023-03-24,0.0015064976756269388,-0.0013329118512354077,0.0010520290554587586,0.0011909396429763408,0.0004110113226047929,-0.00048596903151998383
2023-03-27,-0.012303139393881724,-0.011097581309543414,-0.011660578400140786,-0.01667607433345797,-0.012363072990068558,-0.012372427351758808
2023-03-28,0.00590586491500833,0.00246801484331316,0.000538536059624839,-0.0005522161594762043,3.881389876636554e-05,0.0011739927668208416
2023-03-29,-0.002632354377767543,-0.0031236444876161507,-0.0011500564902003907,-0.0030441647997303534,-0.0024919115876219644,-0.0029527967983092873
2023-03-31,0.01802498189556645,0.016919089116856467,0.014862030253209424,0.017898583864514483,0.016891635958657503,0.01805759920257266
2023-04-03,0.011155001441963242,0.008306182994940903,0.00621613709183122,0.008542308684309052,0.006493509743620063,0.0068484108292274914
2023-04-05,-0.006943216299542199,-0.003119602686865952,-0.0034469454874711536,-6.749205511580314e-05,-0.0002731989108506472,0.0004173032578076441
2023-04-06,0.006994622794525229,0.0047432788037158335,0.0029870339107189725,0.0006732021774666919,-0.0004014161098617741,0.0011667144550446817
2023-04-10,0.008203704357876429,0.00515171228773692,0.00418933907852459,0.0062988686282148265,0.005019911709049918,0.007346466951381858
2023-04-11,-0.0006385497991058253,0.0034574908619424694,0.003209320438579688,0.018769900344827617,0.01674488893117254,0.01380246455435552
2023-04-12,-0.0009838397516139796,0.0022588513912349395,0.0026307274792851665,0.001241108273210001,0.0036104014967288656,0.0015786045373000768
2023-04-13,0.0019443362420357158,0.0031036727922235663,0.00023365750650317096,-0.0029906710611032894,0.003045523146100404,-0.0005221111797899525
2023-04-17,-0.007925666922978802,-0.006138041690375462,-0.008295755922425707,-0.015194670509765196,-0.01166419028528265,-0.009085045477260412
2023-04-18,0.007134069218059258,0.006122102598341339,0.0061874997243069885,0.001282497457574694,0.0027757528121732378,0.005688928391525128
2023-04-19,-0.0023974213695099333,-0.003650553203798701,-0.0036113336684442388,-0.0007274802945015368,-0.00035386565821637905,-0.005141953326988524
2023-04-20,0.0003506656904235239,0.004237718595700102,0.003336198716402894,0.0015487424771918334,0.004227486070166764,0.004427575256135796
2023-04-21,-0.0009703387495538784,0.00048764046962146423,0.002635454202084553,0.000668350324088518,0.00038394609727210316,-0.00018082634864857727
2023-04-24,-0.0006539122596713742,-0.0012606738987551713,-0.001034619625019717,-0.0015889999695644086,-0.00033202496810569304,-0.0006077695043806841
2023-04-25,0.005915822707906582,0.006990052701551397,0.007221875784990672,0.009418883334950667,0.008116870038329171,0.00867187367738076
2023-04-26,0.0009093205461903064,0.001125195477777119,0.0009842753332485188,0.005508462646528933,0.0038028341318525616,0.00354730420283933
2023-04-27,0.006670313932392036,0.00587543126259793,0.00593112468218715,0.010240867282312882,0.007525383918435491,0.008833504556332805
2023-04-28,-0.0010953127736125223,0.0032872766375517948,0.004696865757936042,0.0030891845347540414,0.0045493947086030495,0.002614264372281072
2023-05-02,0.00017604720849373479,0.001695610682485027,0.004063653511957144,0.014662623499211547,0.012599819757221464,0.01155050295035931
2023-05-03,0.004794959565279644,0.006281185470518036,0.0066392442992262435,0.009337961657786886,0.008793709191144528,0.008655802750435315
2023-05-04,0.009234672726902149,0.006801229029758771,0.005015040135714965,-0.0025633134100798705,-0.0002881362259214981,0.004266433838332029
2023-05-05,0.008075587917843796,0.005910218493113906,0.005589228313710448,0.004880414157299118,0.0023861222465231258,0.004805877728643937
2023-05-08,0.007254340664623937,0.007887732204674647,0.006386074034424816,-0.010398246938244426,-0.006573792409694468,-0.0012656573168997598
2023-05-09,0.011007087212504763,0.008297961849256241,0.00875588329134791,0.015501452967207952,0.011008889093710783,0.011043265396271762
2023-05-10,-0.0001693671340013969,-0.0007374556612391725,-0.002347006717955291,-0.00459471161476166,-0.0035543510546854895,-0.0036978877762636753
2023-05-11,0.012611901561102812,0.009920631014433079,0.00940321131070787,0.0014928458639875686,0.004324825331372573,0.006704407807582413
2023-05-12,-0.0002976271805352759,-1.1430007041179913e-05,-0.0014014077448691875,-0.006210290571323052,-0.005371325136864447,-0.0018946498050934624
2023-05-15,0.0006991188672011983,0.0025593056767168054,0.00024449827684280834,0.001012123529538167,0.0013983990197283802,0.0020118004047371407
2023-05-16,0.013951839779771769,0.009662707659999548,0.00945012666534617,0.017129992792514148,0.012840027338592686,0.009813634337584531
2023-05-17,-0.00169090893964563,0.0005168896371601228,-0.0005320688551231356,-0.002771852114477502,0.00035421548689695825,0.0019428159626142527
2023-05-18,0.0009225053930035365,0.001001981411997921,0.0014715504035192062,-0.0036296718903269243,-0.0044960305284539315,-0.0028903415896016638
2023-05-19,-0.016548254194350576,-0.015467361892593345,-0.014527163476553251,-0.01528708857469463,-0.01762844895888338,-0.013618995310200166
2023-05-22,-0.006591274217378484,-0.0044203691782526144,-0.003966015956235469,-0.017329421948221402,-0.011017199333563044,-0.007677419049593293
2023-05-23,0.01380726685549849,0.010715910517141491,0.009992370018941488,0.00970541035223449,0.009294280368558061,0.0073432976201384115
2023-05-24,0.0006349576060107331,-0.0025859791325024695,-0.0016813298550162337,-0.004403537303887872,-0.004256642011686074,-0.002926362604186883
2023-05-25,-0.002200049880940913,-0.0004714327075781011,-0.002936853495279501,-0.0041034880268939755,-0.002700210055855967,-0.0029178541282482984
2023-05-26,0.007579745984199304,0.007814468925014362,0.009833912500167186,0.01020989816393758,0.009191141068387587,0.009726195695616502
2023-05-29,0.007407375088964274,0.007127593915549735,0.009900872297864627,0.013734075923125255,0.010634569420551854,0.010202015861102698
2023-05-30,-0.0003597133295374366,0.0004681755197708526,0.001407541360471054,0.0004275965193436537,-0.0006082794603444741,-0.0016095691522135525
2023-05-31,-0.0022000528032599664,-0.0015270924804330344,0.0002882472059104746,0.011729391528292554,0.008035464513151291,0.006550477575102853
2023-06-01,0.004276247390971877,0.0038199074738884953,0.0021316300456111215,-0.0011199644960875332,-0.0015006453319259538,0.0011381604866422812
2023-06-02,-0.0007566896079652663,0.0020675312023972214,0.00140973492163865,0.005077554421661246,0.005582830475089784,0.0012060408749337004
2023-06-05,0.007294694366249965,0.007525272961900864,0.006540741297908603,0.012274096604488749,0.0096526186273731,0.009796250688786756
2023-06-06,-0.001997364958499004,-0.0016197448052127639,-0.0012447617311865944,-0.000118434028476333,0.00010076127788827272,0.00323121539735971
2023-06-07,0.0072798643175571165,0.006290165398854519,0.007423102527797765,0.008756560401621538,0.006522237834532207,0.007904840226575338
2023-06-08,0.010777485933655129,0.010075692278260995,0.009325765428693789,0.005582799358858415,0.006834764105336122,0.009111360448005312
2023-06-09,-0.007429614011252528,-0.007611138511322557,-0.008080523972058606,0.0018713795101510389,-0.002550419564525175,-0.0011872726676371848
2023-06-12,-0.0008631998567053545,-0.0009448798938469505,-0.000715320025413746,0.0019293911318283286,-0.0008891387438404452,0.0015841691426525806
2023-06-13,0.004982909647435196,0.0054705353679880275,0.006654062728288279,0.004682235281195712,0.004855131902127496,0.0036778542402955416
2023-06-14,0.022765147293168253,0.018657271264713282,0.017352499880252337,0.013849712308565687,0.011420828376801806,0.010824068357292882
2023-06-15,0.009030924060893453,0.005815685307172247,0.005709245315834721,-0.0009952698229602763,-0.001030255798067481,0.0010870729503151821
2023-06-16,0.006185649890839251,0.0037336955827773632,0.0032181524944581152,0.006536221579111823,0.004267795222135273,0.0020025764171764937
2023-06-19,0.0023354861586144526,0.0027028241096964667,0.0035776474828179694,0.0040300927012622,0.0036834882876921604,0.006282884037674963
2023-06-20,-0.003968909697618983,-0.005063188140761565,-0.003922457300444382,0.005059636321899541,0.0005664237201215006,-0.0022133315691407196
2023-06-21,0.005944596612792896,0.005571937397865545,0.0052504201646712545,0.009750504762176426,0.007817921093143498,0.009223963359136667
2023-06-22,0.0007819527392569636,-0.0014535316145988242,-0.003493189999273172,0.003353234081163281,4.622738176718322e-05,0.0001628293170976569
2023-06-23,-0.016557682802956886,-0.012043789347921052,-0.011141004418476319,-0.01768885931595443,-0.0139858176460399,-0.014828197983585367
2023-06-26,-0.0024915676094176,-0.004888300199910822,-0.0037136204315125765,0.0016721954889509227,2.3779769600551504e-05,-0.004207575144112297
2023-06-27,0.008311982086073755,0.00810378501203357,0.005786480167454311,0.005376487898647753,0.004961769918761849,0.00570393787897383
2023-06-28,0.00932912835804589,0.007784105789036433,0.007298112039845428,0.018731680705659892,0.014256284606595448,0.01080589691949041
2023-06-30,0.015242958332095435,0.017576197021682338,0.01580038771111414,0.02565450770317157,0.022674502777384253,0.021503920069885663
2023-07-03,0.00224465872427948,0.0011195638411460873,0.003190126532308213,-0.0012639078480234378,-0.0020275447198824237,0.00028763941272114124
2023-07-04,-0.00010778439226510894,-0.0006842385635544845,0.0002471685098162091,-0.00017325992606509466,-0.0002710438198815224,-0.0018149030612623074
2023-07-05,-0.003554900577110165,-0.0015760316048664125,-0.002216811384504025,-0.0011699195109174942,-0.0012664399247945823,-0.002034347706488915
2023-07-06,0.013394153680164944,0.01659151381449564,0.01559454743552946,0.012573942177609876,0.014633544032859103,0.017442028002399912
2023-07-07,-0.0007788974529638892,0.0012901772671571887,0.0023383223498378847,0.005385483783903577,0.005644814434215828,0.0029658469914981556
2023-07-10,-0.006337164665041528,-0.005854024229546617,-0.006938044195257342,-0.005897367862785163,-0.008345094722590596,-0.008842775607921238
2023-07-11,-0.009058266611196797,-0.0066343002430854225,-0.006384241474606811,-0.0014886498469109943,-0.0002449634430807812,-0.0006057533373765578
2023-07-12,0.007763885623757849,0.011864775395710403,0.011725103902318734,0.009017810362843992,0.012076770032642292,0.013544046472948379
2023-07-13,0.002047032421169437,0.0013328934655785218,0.0006710174347228648,0.004088222324722501,0.002341367676985895,0.0006411922594253827
2023-07-14,-0.004381922933765381,-0.0044499224024785455,-0.0051923523046969455,-0.00918259250267095,-0.008286636268236003,-0.009612136630146373
2023-07-17,0.006237710123343954,0.005336819207775623,0.005524904949057108,0.0005897470414470973,0.0033688765225889927,0.002349497500032438
2023-07-18,0.003177626060869576,0.0018341293513821633,0.0008512328469250097,0.0006019241465404779,0.0036584382870450405,0.0019131272301480262
2023-07-19,-0.003440114531768068,0.002193849215384569,0.002637513338652253,0.0009462328914295881,0.004173547117026777,0.002715007751905807
2023-07-20,0.007706188558612936,0.007564810740823713,0.007816714590985985,0.011551744901875605,0.011775294653432411,0.009509524851381457
2023-07-21,-0.011119397093419914,-0.0003763498642966878,0.0009912240252403226,-0.0016658450793551882,0.007084928203380025,0.0014233980690800951
2023-07-24,-0.0005710157249692038,-0.0010296193934195008,-0.0014661801326942836,-0.0011500101067417612,0.0023115134241153967,0.0031607827057102966
2023-07-25,0.007107621782674656,0.008005501045196928,0.005269488311349546,0.023672026696802462,0.014849540907601044,0.012864479896450787
2023-07-26,0.005272279001743652,0.004252562648253466,0.004122652264716198,-0.0021816184818357343,-0.0014875327824074303,-0.0026369300843211985
2023-07-27,0.003707550061060383,0.0016493964641843828,0.002693824615076279,0.008806452362589479,0.005023197764894016,0.005493727730107034
2023-07-28,0.00940554812099692,0.00538851401924334,0.0023077484375011448,0.026904043126651622,0.020375552168767186,0.014046185735061334
2023-07-31,0.007881869626436,0.005503044489538089,0.008586553016310283,0.015927177630324252,0.013347547113126135,0.014617806026865132
2023-08-01,0.0034166726097615285,0.006911550579868919,0.00756355482146609,0.010349421363915479,0.011085522735695186,0.009864565791654067
2023-08-02,-0.017923954644711082,-0.017541461217318477,-0.013920963111221485,-0.012967007090927463,-0.014352873948475064,-0.015498422014824875
2023-08-03,-0.009251020382271768,-0.011078963939184061,-0.011145554373405031,-0.010450510267974944,-0.011392180154855547,-0.012600433102964659
2023-08-04,-0.005000345604472267,-0.004058124099850513,-0.004709957572218926,0.007616259556385341,0.006861317936150524,0.002972173982340287
2023-08-07,0.003031225483894451,0.00022481347951885944,-0.003018860431995951,-0.0033674980107092356,-0.0032839844252514627,-0.0016962666877246013
2023-08-08,0.0059477164006400685,0.0028086021981124087,0.002912215952534769,0.018250156946531426,0.012411093496046632,0.010360381064556501
2023-08-09,-0.004242327308467075,-0.002887279895014583,-0.0048118892109856315,-0.0013627292971369886,0.0015014831983466426,-0.000815473501319941
2023-08-10,0.006495499605714938,0.005288191176388901,0.0045131116470336075,0.0009082782897760211,0.00271484795436705,0.0023756136893766655
2023-08-11,0.007089588811930669,0.0036403435847467414,0.0031460964422074245,0.006498244756577565,0.005394269417798636,0.003982069910575037
2023-08-14,-0.009478095703092881,-0.005595064787150439,-0.007737302886891562,-0.01560799392604928,-0.011390669335024639,-0.01048025442435574
2023-08-16,-0.004483355624198326,-0.0016544419032836766,-0.0005199513477796014,-0.007075178293854956,-0.002796821042364117,-0.003437519372063269
2023-08-17,0.010179866671096605,0.009943201024657844,0.008387976118240603,0.010871888875503943,0.013722687976549075,0.010097499181506375
2023-08-18,-0.0032894440349593435,-0.0011702647913890418,-0.003375598716932715,0.004719183470101029,0.003648077117017978,0.0029389195805740176
2023-08-21,-0.005279029653015743,-0.0055755545217172076,-0.003938163972683206,-0.004144194015128999,-0.004178028540940071,-0.005923011103479592
2023-08-22,0.00838017606155339,0.008778569107545264,0.008343107147739781,0.006385686230182097,0.007016333054217672,0.008684725541778793
2023-08-23,0.003368258249178524,0.005158627811220562,0.005504885336872212,0.0018974248978029795,0.007018057537952593,0.007078020172850419
2023-08-24,0.0049289835005437155,0.007172543580801438,0.004593367344599475,0.004371381034351751,0.005309061610555554,0.00736018805087868
2023-08-25,-0.005703744552093104,-0.007991074138633647,-0.0070279114097001605,-0.004154522124809046,-0.006730646159841869,-0.007957016407517559
2023-08-28,-0.007679635817540498,-0.005619979628393668,-0.005501110330498604,-0.00744369138575629,-0.00782787988800182,-0.0080411818330266
2023-08-29,0.003562280314268307,0.0045001099750969775,0.0036387807874334044,0.008108701663106066,0.007422578120602541,0.008608514678423163
2023-08-30,0.011410305443111612,0.008432688582860282,0.007223504569852768,0.002231562750872662,0.0024632121637975235,0.0036256409519379584
2023-08-31,-0.0012211872983448613,-0.0003291607574439359,-0.00034785287056016134,-0.0010335361622502148,0.0005385395492472078,0.0002732076056386479
2023-09-01,-0.002012197624990164,-0.00021163060827544822,-0.000704974859780827,-0.019747316036704654,-0.013038853709907317,-0.011728263333985911
2023-09-04,0.004182956833477247,0.006117641977469335,0.011562524659393558,0.004353204921503595,0.005547033993631434,0.005977554948203734
2023-09-05,0.006915949859470416,0.0025967100528867526,0.005814006476662303,0.007956856420239689,0.004909310110508658,0.005082176550848416
2023-09-06,0.012474479523260973,0.01129480830658558,0.009331788534983065,0.007696536528882358,0.007884400856413398,0.00756965123823683
2023-09-07,0.002263318493445299,0.0024191975001772725,0.001614783792069474,0.0009964762720100495,0.0018815757646992726,0.002182468154950934
2023-09-08,0.0026478058145287253,0.001984664017969706,0.00214007586881948,0.013073720405391676,0.008276089468623793,0.007870033972026347
2023-09-11,0.0027671229738084335,0.00715855315138203,0.00803093404214028,0.03385532080822573,0.025258149457922485,0.02438130763877777
2023-09-12,0.008217492261545445,0.006223337013101515,0.005450393654556462,0.0025626094269688426,0.002437785347661592,0.0054824464424914066
2023-09-13,-0.020266924785861007,-0.02209937949909735,-0.021664056207573834,-0.03221788958449534,-0.030334915538845042,-0.032363615492667974
2023-09-14,0.007866216348280997,0.010316453078643706,0.01060799596355455,0.005218968352289188,0.006035063258616136,0.0027651190556485794
2023-09-15,0.0035725467571916525,0.008499554967363432,0.008210706371578835,0.0004045980469897792,0.006390257887454176,0.006775827747829588
2023-09-18,0.0008018554645157216,0.004691530868960125,0.0036457607221180854,-0.000334048687424926,0.0005279199633583254,0.0030220795777471388
2023-09-20,-0.009264954599959019,-0.008133251263034103,-0.006832460218841541,0.004920945790733766,0.0014013096614253762,0.00047825473050222556
2023-09-21,-0.0032211200746125046,0.0006134370331316585,-0.0021925564201915604,-0.0033852813770594015,0.0003607106749181632,0.0026011934585132845
2023-09-22,-0.010001271171727999,-0.01009680845111871,-0.008404852131125073,-0.0025721012409688493,-0.004473165716014416,-0.006628863633471593
2023-09-25,-0.006910178747335571,-0.007321388395958972,-0.005972262502407344,0.0001824354425965513,-0.00018901484248712297,-0.0005795909973645985
2023-09-26,0.01202313759122764,0.009844186310613123,0.007724565033751185,0.0009587642444368605,0.002903519839591917,3.0197004032395114e-05
2023-09-27,-0.00014412517136697112,-0.0002008592876151516,0.0007636174029261866,-0.001096048564127483,-0.001036973956035414,0.00011190369105218423
2023-09-28,0.0025592037868742423,0.004821879595312328,0.0036540941505625035,0.024356690655900515,0.019829365252490794,0.01706625439929521
2023-09-29,-0.014415679459318098,-0.010735055617560607,-0.011476605006437324,-0.004813292900050503,-0.007155043713127696,-0.009299176575082058
2023-10-03,0.0048875666885142,0.0029955804913601725,0.0038021146994613453,0.015257988603877726,0.012017327844798587,0.011227851985011306
2023-10-04,0.0004827658388744105,0.0027123176745851296,0.00011294023202923498,-0.0016314557774325111,-0.00208393922787109,-0.002878418957753981
2023-10-05,-0.0010094134064987381,-0.0038566275803805228,-0.0039541562102944905,-0.014465389072548573,-0.01271861302606403,-0.0118506850968364
2023-10-06,0.0023632126085002536,0.0037260536363912244,0.0032346206494073826,-0.009927113533235277,-0.004865492475036537,-0.0025064343901797237
2023-10-09,0.0006114032663331326,-0.0018418712084222744,-0.002310561536082112,-0.003207685110084957,-0.004067803592284314,-0.005574897949050195
2023-10-10,0.0013702133832218522,0.002464339275389804,0.0013063148270771041,0.004123231935535543,0.004296969169090614,0.003685116516962461
2023-10-11,0.006716983325734338,0.008399117205057038,0.010175300553195932,0.02016160296040015,0.015667896776401458,0.01461495281457803
2023-10-12,0.008621644953075824,0.006707597557751521,0.007453110329631585,0.006675806363491965,0.007546095514989304,0.006235885798733243
2023-10-13,-0.009058172557771638,-0.007609192162836176,-0.006291531169987263,-0.007373337261155299,-0.006584407279496385,-0.005634089667235442
2023-10-16,0.0007003877936999636,0.002466130887590401,0.003393119027601088,0.00958787557577745,0.009646724080325075,0.008916340581865967
2023-10-17,0.005579333759315297,0.006938536408793494,0.005925477018646763,0.007597030744913136,0.009500323830183621,0.008823071120807047
2023-10-18,9.234616300379805e-05,0.0010396723489705106,-0.0004118709865380543,-0.0009660064139918045,-0.00033928050212728156,7.496658743977314e-05
2023-10-19,-0.016315950241879706,-0.014537667093052375,-0.012492842007792437,-0.012868167653977358,-0.013392113967155117,-0.012786560343074349
2023-10-20,0.0031340515380775535,0.002723259410271295,0.002574662507962344,0.006619480851598691,0.005560651372043646,0.005429872495447796
2023-10-23,-0.007738227528775621,-0.007066070414258996,-0.005581698845545158,-0.011340759941067646,-0.010643356408517879,-0.010553422552961766
2023-10-25,-0.006855907883783319,-0.008842328632113983,-0.009925801515140997,-0.010543372820102315,-0.011361550736798676,-0.012944007301821103
2023-10-26,-0.013404017695422987,-0.016279934106259386,-0.01406446942290529,-0.023315761923364264,-0.020555896901743975,-0.019928340624605356
2023-10-27,0.0007115677004072563,-0.00393384271743713,-0.0036275939610248553,-0.0024999436006037934,-0.0023521942698950804,-0.0015750363832022218
2023-10-30,0.011081939849258093,0.013511481783155865,0.015000802698078797,0.01704883126138057,0.017822050323553995,0.01703414593732977
2023-10-31,0.005414421422893945,0.0019458670099938846,0.0016424932380194601,0.004876968723491748,0.002742823726713972,0.004157738891707119
2023-11-01,0.006895448027845585,0.004827100865714362,0.004453879754575452,0.008766362030172559,0.00649769480172302,0.004270194827093121
2023-11-02,0.0011947009544608367,0.003431784754687639,0.0018497760387752304,-0.0027020015935494968,0.0017040699834252049,0.0021644428797567006
2023-11-03,0.005801507870246692,0.008797030364057878,0.008470397552125863,0.025700247123876307,0.0205829962762607,0.018209845340600772
2023-11-06,0.0034145732063335377,0.001966882928315039,0.0036470073965377825,0.007051055119654537,0.004223023647858204,0.004578558692127199
2023-11-07,0.013594061618623421,0.011422413623608296,0.009119291552067255,0.0016540494067713851,0.0031951677218364782,0.00426371713949214
2023-11-08,0.01284874957904858,0.008246607779852644,0.009077834836192622,0.014222078174751296,0.016133667635664484,0.014057544345835504
2023-11-09,-0.0033460616988355563,-0.0017426869424725933,-0.0016217397806538303,0.00741710670848339,0.005299284340027244,0.005132585224675079
2023-11-10,-0.006460340478223858,-0.005358244974088655,-0.004364505281880371,0.012359994435720889,0.00832850110903438,0.0069836403312524276
2023-11-13,0.008673533394061073,0.0065431402606730416,0.006912008132063052,0.024085183559374057,0.01671277096495971,0.015503435941103483
2023-11-15,0.012581918925911317,0.012022245932773679,0.011527749742164639,0.027798351617216,0.023117112007319918,0.020424171048853523
2023-11-16,0.0009417854113995539,-0.0001746588107834901,-0.0012516121180751183,-0.007080451826439682,-0.0075998360673432686,-0.006362209702026167
2023-11-17,0.005833509333953435,0.007179285372771016,0.007246188525877217,0.00032968992294080124,0.0025400271575670708,0.003515990664934243
2023-11-20,0.008697559356384721,0.007987746304323418,0.006779441305741152,0.013898281218973407,0.014220883582145127,0.013543816706077738
2023-11-21,0.0007825126245646352,0.002136853687405793,0.0036720054279988368,0.012075140806127038,0.009977054801321605,0.008137960470993244
2023-11-22,0.001378797694045364,0.0024803487280007364,0.0006023106874279982,-0.003354235238282488,-0.0028497141729886266,-0.0033154876465075755
2023-11-23,0.002409489712369206,0.0032942355869371998,0.0054361975026642195,0.0018310963301628735,0.0020177763154256567,0.0034693294771401817
2023-11-24,0.0009585521622035298,0.0014433623438030452,-0.0020467772950932828,-0.00443012755636385,-0.001417409442857398,-0.0011715204253497369
2023-11-28,0.0015927956845502855,0.002032974102434748,0.0012442174375306703,-0.0010083478498058573,-0.0011705726393141935,0.00017167971037812535
2023-11-29,0.010420044982917043,0.007131705484801465,0.0072412371469268155,0.011100739206061805,0.007233548668176937,0.006763211708565864
2023-11-30,0.0017034291778112998,0.0011218464542479545,0.002055094655526224,0.00529315332490965,0.003879108223951544,0.004473917705169805
2023-12-01,0.027417473112263835,0.02297605613960174,0.02032112151940635,0.018397761825343917,0.016770495324978096,0.017179057073779314
2023-12-04,0.009585825725824115,0.008273943854975263,0.012053882098495672,0.05350483406690065,0.039242824705362,0.037752832532135905
2023-12-05,0.007970281771786158,0.010040961947930027,0.007219156905744484,-0.0006104591274019855,0.002335889913556155,0.0020503285073605326
2023-12-06,0.006924010358113852,0.0038165772509590745,0.005184381555927153,0.006248583734607571,0.007068883043552576,0.008460098687038009
2023-12-07,-0.0003609049316249946,-0.0018255053264428778,-0.0040495987776496545,-0.00048422815777715567,-0.0005989374915207346,-0.0004057831532729983
2023-12-08,0.006419889090989672,0.007915268119349506,0.007561574684505024,0.00153478449283595,0.0034498252970429633,0.005011112827888686
2023-12-11,-0.007747969838072133,-0.004913475173851878,-0.003683180990920132,0.0031813983730974993,0.0019992045919514645,0.00043007698493879865
2023-12-12,0.009126557462367124,0.011158111277602467,0.010220824397850548,0.007135990066332809,0.01072410377076971,0.009966454088414567
2023-12-13,0.0015251362483776898,-0.0007601208442262752,-0.0013906239573573398,-0.00026501332779782505,-0.00023549903048247778,-0.0006042248067172906
2023-12-14,0.016025363853193086,0.016102198682700575,0.016514492250406354,0.044999444453743376,0.038157432541795266,0.03704863348505305
2023-12-15,0.0077883837674488365,0.005876788888122819,0.008133344099334527,-0.0007038036805169234,-0.0002556290262459848,-5.513637511556091e-05
2023-12-18,0.0008168849724210503,-0.0012636641372766322,0.0033478799936459414,-0.01166078228629408,-0.010553167811937603,-0.008230038744310275
2023-12-19,-0.0050073025673026406,-0.0008819980671322947,-1.300218399558073e-05,0.0013434147540321018,0.0037014126958596627,0.00339491060303887
2023-12-20,0.005982269253961947,0.0028205442624267274,0.004147550656758536,0.0135897520813002,0.009845707826326766,0.007204709601509762
2023-12-21,-0.03751041291361157,-0.034385178281703954,-0.03451357995754156,-0.05440604498989421,-0.0476005894205328,-0.046047448208745734
2023-12-22,0.02380113184665289,0.021050493366461698,0.022183961461524015,0.03618392137060744,0.031001585609860882,0.028761508760189125
2023-12-26,0.006048745450395021,0.0026310613476983047,0.004651720514710522,-0.005861797825592818,-0.005803417563674862,-0.0035382037827774715
2023-12-27,0.006325937289068051,0.00787078694252652,0.008590839353643132,0.014340149871829189,0.011378985196728086,0.011965905593357418
2023-12-28,0.007858246377038691,0.010326604485286328,0.008141210788531028,-0.003334573394618623,0.0016191031305621273,0.0017445617847255956
2023-12-29,0.0028100248676106165,0.0025087520376316785,0.0038447602381375123,0.0175846108653559,0.014735423634612,0.01278478825189655
2024-01-01,0.006678484483253477,0.005815977724662469,0.004795879679402759,-0.006205202024629375,0.00019862368940004593,0.0007896615249962657
2024-01-02,-0.005740642688614739,-0.007321459868872449,-0.007240938742588243,0.0151906120134091,0.00939459150197397,0.007598354095632587
2024-01-03,-0.005614005207661532,-0.007932569815811918,-0.008328993903539805,0.0007396643728234675,-0.0031900603224210844,-0.004461441428075363
2024-01-04,0.007775810298094932,0.011015615203396445,0.010673594909807793,0.006914442879288885,0.009266541598353939,0.010610302514389103
2024-01-05,0.014035366678855743,0.0099474622435487,0.00997655239134887,0.019245552427794355,0.015851423337695625,0.013811894131774416
2024-01-08,0.001721919304517927,0.0028902958188257166,-0.0006361161749787181,-0.005763035834269292,-0.004076512004625776,-0.002514497867352028
2024-01-09,-0.003916541221675285,0.0004387682346915778,0.0007663592132591823,-0.001465239515348049,-0.00044592917699715073,0.0014835716137375776
2024-01-10,-0.003954992211418928,-0.012640918380023458,-0.010230981280555551,-0.012225269991893328,-0.014824307910356715,-0.013496841262686465
2024-01-11,0.0005558977478947735,-0.009155555963908824,-0.007242432104759056,-0.00339014603701715,-0.008371087069253935,-0.006369323650211811
2024-01-12,0.00922002927256016,0.0016665217779128216,0.004938720475396341,0.0013991901119665417,-0.0029036706573229987,9.762432676363453e-05
2024-01-15,0.003915872298370315,0.002665674625129233,0.004252782371101604,0.00646324937647047,0.004875599201184411,0.005186711306873315
2024-01-16,-0.001885103775366881,-0.001551010976697631,-0.0013058156110834496,0.01465912047575002,0.011512458412307858,0.008237496316187087
2024-01-17,-0.0059230064946146355,-0.006933359849797038,-0.008264786361889098,-0.020965603521369114,-0.018671356636536407,-0.016381015409658084
2024-01-18,-0.006269273841109313,-0.003996291610956382,-0.0021719282867196377,-0.006825815949269676,-0.005765239243894715,-0.006716951783306113
2024-01-19,0.008041973305842998,0.004123290048324568,0.003102787347263769,0.014770681384754791,0.011412512067350944,0.01242957743390205
2024-01-23,0.01537457418782684,0.011145956846964955,0.016591361145172012,0.05365736162560775,0.04480691301245332,0.0394667624959808
2024-01-24,-0.025276790368031543,-0.019970242356234125,-0.017484180930999238,-0.04667164551341152,-0.038945593677899626,-0.03458335421656633
2024-01-25,0.024572352708269296,0.022123963032355087,0.019730930076673925,0.0385718210471393,0.032718778836456686,0.03201476899041622
2024-01-29,-0.00042716251627583635,0.0025561652335206464,0.002681083174189247,0.003156270627534985,0.001960398166198196,-0.0007113275956214249
2024-01-30,0.023326660224407325,0.019099502361730858,0.017726503383276082,0.03296463045093612,0.0289164718865218,0.02828840888280637
2024-01-31,-0.01936331795292956,-0.016586036303262608,-0.01512779687821253,-0.0156206159244352,-0.01840848722252375,-0.017928600972328956
2024-02-01,0.012476177358165197,0.010345947784655918,0.012818718738305535,0.02030185058621181,0.021179401054963076,0.020716596870313575
2024-02-02,-6.753900242018052e-05,-0.002243075530511285,-0.0019956808492147537,-0.0034632425860399163,-0.004890460518358175,-0.002557295515923763
2024-02-05,0.023820614001656804,0.018328954042952983,0.018080619900565864,0.011846636872492766,0.010515148718804213,0.014826175920558127
2024-02-06,0.0018019977187513359,-0.0013841531046486777,-0.0020016369741578943,0.010372257521191086,0.00013258496625190297,0.002545849546438328
2024-02-07,0.016973258406596914,0.01326493378548288,0.011780578640739447,-0.0010974740116482806,0.002033487872862949,0.002962720425644161
2024-02-08,0.039736583231481104,0.02829609318527626,0.021331878762870016,0.019075081125896398,0.024100552576774348,0.021089924886233735
2024-02-09,-0.0020245952908326537,-0.003457881856563483,-0.0050855752074405736,-0.013123433375480609,-0.007370678712728118,-0.005168788546782044
2024-02-12,-0.006410557348905166,-0.003055966352443651,-0.0009901486749964716,-0.02227033785318866,-0.017329502649538475,-0.016941889545498134
2024-02-13,-0.009999430035654067,-0.006232830803867162,-0.0074279335628200105,-0.02502629089835373,-0.018610439747202334,-0.017034439448191385
2024-02-14,-0.0065648806667838455,-0.00551687489102215,-0.006506843838179788,0.005732736094008484,0.006105032005520927,0.0045766592885863044
2024-02-15,0.031836084629023764,0.02737689237108354,0.023601584625391192,0.030340784865286796,0.028741850839233862,0.028060577285170307
2024-02-16,0.01139969435592314,0.009894144375837799,0.009364607713058914,0.01177936846284422,0.011232709938731489,0.010810914282743056
2024-02-19,0.0019075001505146627,0.004128848480289715,0.004504444034549193,-0.0024085062681434843,-0.0006794768281832564,-2.6419243874808984e-06
2024-02-20,0.00017987847645262178,0.0012429155784121626,0.00011377185208316654,-0.010939445943480175,-0.005839523792898982,-0.0036312260111011074
2024-02-21,0.004683060942256345,-0.0002998898841730657,0.0019941928451110424,-0.00037484896861961214,-0.0020743535440461702,-0.0001555821104058941
2024-02-22,-0.01297579398933646,-0.00897056249357453,-0.009686248655442764,-0.015333405919781717,-0.014388866216510476,-0.016739325041637665
2024-02-23,0.013753942879207504,0.013843467375904472,0.011243510085691355,0.00810131732442887,0.009036034023812478,0.00947362187902212
2024-02-26,-0.00535453791289453,-0.004512715595065497,-0.003962443298587304,-0.00261433949881551,-0.003278819863907767,-0.0036386075628755954
2024-02-27,-0.002383614562191938,-0.0020878311789297443,-0.0039663663870744825,-0.008619352366006083,-0.008320792711609903,-0.004111846465068902
2024-02-28,0.009647200291425628,0.010169666008695621,0.009197334467549778,-0.004535839534639763,-0.0014786823856940412,-0.0009041337774700065
2024-02-29,-0.021884153303569853,-0.02130505204233024,-0.01820552932342223,-0.017436336390390217,-0.018633487140780725,-0.02108005229092924
2024-03-01,0.00818892855367026,0.005535349242689724,0.008311059837710744,0.015907111285577313,0.014562214542592544,0.014544164592648956
2024-03-04,0.007265401693185902,0.01233755128233982,0.012122930230881401,0.021255301240266533,0.015424714524476135,0.018538339303353135
2024-03-05,0.007043201456426784,0.003914009891556214,0.003952860547895787,0.006556944299666467,0.004852119976154867,0.005083162442366396
2024-03-06,-0.0042732069342870105,-4.330121244466856e-05,-0.00035300202644183987,0.010810002842070343,0.005223911871568676,0.006549326480018047
2024-03-07,-0.0012624528145357417,0.0006620268478876312,0.0002557703972954073,0.0014291388111205006,0.0031810959630405033,0.0034717262866372778
2024-03-11,0.0038832679449962715,0.008402433913360818,0.007393859281821014,0.005290611650532462,0.009092786136653874,0.006496270247553726
2024-03-12,-0.002027277965636176,-0.006492840656360688,-0.006566877643249924,0.0007913516064106396,-0.0028952193422343564,-0.0037402566697275486
2024-03-13,-0.00726055102895351,-0.00851051251014423,-0.00878556312322254,-0.010224253543130835,-0.008742086940905058,-0.008470552113692853
2024-03-14,-0.03612179944956895,-0.03267331256395667,-0.0328534271523403,-0.05273420559411812,-0.04600921844516048,-0.04714775341869526
2024-03-15,0.020127196678670023,0.01768906022895811,0.01761208009444526,0.021139712740831706,0.023200457042183986,0.022814412531459993
2024-03-18,0.0008163906074682981,-0.0012003279931275257,-0.0034545363721536493,-0.027052611422680894,-0.01989264816674463,-0.01929991641207751
2024-03-19,-0.003981305228522136,-0.0016535495216067897,-0.002933366280923333,-0.002549404394658672,-0.0040352791638359475,-0.004031408467123132
2024-03-20,-0.012371407867804107,-0.01073898663420425,-0.01123523151727257,-0.016137641607755993,-0.01381081642451576,-0.012568164250632008
2024-03-21,0.01772091080971272,0.014209834437131086,0.012549179994199688,0.0045067371103586495,0.0035302255287645856,0.005900249098000687
2024-03-22,0.015605012146853392,0.015412223242242229,0.014037717580244191,0.01749804662257426,0.016367383895194765,0.015038391177146782
2024-03-26,-0.004990235635241813,-0.002748762041531516,-0.0022833888292282944,0.006964288637991256,0.00496428357274703,0.004074249621161652
2024-03-27,0.011111214411567483,0.012334850398215913,0.015060299918545406,0.014484842041855961,0.013210698522617248,0.013197272392956982
2024-03-28,-0.0025786003940846403,0.0010933022127965764,0.001163275440285494,-0.013499635198199633,-0.008656832638667677,-0.006082053367712725
2024-04-01,0.01922624075378776,0.017524769716913413,0.01758890362193366,0.018665969299279217,0.015425133299572735,0.014409264488198348
2024-04-02,0.0033351166920596587,0.0014944244963011055,0.0029543641232043782,0.0015855224235095111,0.0042997350247844235,0.004521238475817091
2024-04-03,0.005498717698324773,0.0067778900646617846,0.004509829231314599,0.0011297620518080365,0.0012018514473191022,0.0007709998183653699
2024-04-04,0.010030171589487047,0.007371166795869355,0.008083517102681848,0.0184347674314862,0.0171302676036047,0.014038848823238137
2024-04-05,-0.011577843045938119,-0.009600018355933493,-0.009120424762484536,-0.00925050640014824,-0.006510180753584671,-0.008002772340327868
2024-04-08,0.011840949889874608,0.01050687539911399,0.00885530451909533,0.006772334219704801,0.0065156604677418795,0.006163520543272183
2024-04-09,0.00771733198910507,0.004012283196541233,0.005036256038509324,-0.006636004397282513,-0.005958896368278732,-0.0017929847590095749
2024-04-10,-0.006618393393206579,-0.007941296308382806,-0.00700238521176666,-0.013132513575040083,-0.01095018297971484,-0.011437347064753967
2024-04-12,0.006579542201926802,0.0033155656953496315,0.0025160535000643414,0.001999298629975943,0.0067247754190276066,0.006211049154154713
2024-04-15,-0.02076060269320279,-0.015559290553700422,-0.01452963431189358,-0.021547792779351926,-0.020831477592092362,-0.02044347866317975
2024-04-16,0.000698955947649349,-0.00025776790464870913,-0.001079429066329185,-0.001701952287209929,-0.003138681623214845,-0.003964368247815431
2024-04-18,0.02185879585876216,0.017069561961592372,0.015132720730829607,0.00698802412203503,0.006489374229125655,0.0083695585109127
2024-04-19,-0.011004098853406474,-0.011000519895389527,-0.015526009048074663,-0.02670182140349797,-0.017713485484455394,-0.019368383026693525
2024-04-22,0.011560000815012295,0.009215363148969091,0.010869155915115725,0.013826168964571117,0.014414738874034327,0.013109877454278829
2024-04-23,0.006661037525645286,0.007014186061028216,0.00654591862675713,0.004775741100751185,0.003967027742550089,0.00713099713585974
2024-04-24,-0.00012419177199252118,-0.00022494479089318897,0.0017338913578424098,-0.009414394470933507,-0.007364546742486655,-0.006037904094069457
2024-04-25,0.012628707123316651,0.009971532877672828,0.008976209037304006,0.00031493231505663744,0.0015402232190562248,0.0025962839225275314
2024-04-26,0.005123036808262871,0.004465868132929485,0.0062854037383131,0.016279639194776596,0.01504136432410541,0.013107937490095978
2024-04-29,0.009773856977434159,0.017293989315382507,0.015242504153401892,0.012145761320835335,0.011450205275433945,0.009224026315768796
2024-04-30,0.010751735255220662,0.004063681566217392,0.004745198264564543,0.006599585536191777,0.005419592604912982,0.0053169603316276515
2024-05-02,-0.005023889648473667,-0.00020089845790305372,-0.0011355855523419445,-0.001768417041459358,-0.0008447568484859502,0.0006775767703637303
2024-05-03,0.01447807358615516,0.01575109844244027,0.014824403408777664,0.014525019393419214,0.017395738084455603,0.01747922698040605
2024-05-06,-0.0022906789907097824,-0.0028461004453154137,-0.0011913928565177034,0.0026062992586128875,0.0008150264680206742,-0.0013403146384708409
2024-05-07,6.557416911467939e-06,0.0002198484026914027,-0.0007105204159233436,-0.009907077800512476,-0.007406984586816767,-0.005943660492917169
2024-05-08,-0.017175705099388483,-0.018909741206219022,-0.020682970476064377,-0.027433763436272796,-0.029565765563891566,-0.028113665900491247
2024-05-09,0.009285598653314464,0.012585549686705555,0.013144412120731142,0.009962086771741596,0.013544351726980652,0.013831438316034728
2024-05-10,-0.01574716128264797,-0.012706249766051836,-0.015516022421491416,-0.01724027264297845,-0.017186886587874928,-0.015694812193325913
2024-05-13,0.011865004118105205,0.013575755342012608,0.01640343544721934,0.018124111337155746,0.01431078489947879,0.02091271312443088
2024-05-14,0.011919423631023607,0.01057726060243347,0.011646426022811074,0.009552788633202303,0.010588468497820358,0.01270395534635993
2024-05-15,0.006938088872734394,0.009423278323557271,0.00928493708443301,0.008983143719962783,0.01224451623753664,0.010461811750454908
2024-05-16,0.0010469155764492033,0.0007620773117718027,0.001769380207421456,0.0009236843014557294,9.219181843245217e-05,0.0014435064253006669
2024-05-17,0.009380122016432013,0.006622755920086876,0.007103058589032818,0.002665697253739552,0.0025471691198379887,0.0049051197372074196
2024-05-21,0.004460392800051505,0.0038687725218666813,0.0034460936852547253,0.01785926529433035,0.013351085174111432,0.010802505738160217
2024-05-22,-0.0029315322064167315,0.003435634446883773,0.008056831827374378,0.017181403854258814,0.01243305086229829,0.014371924716074735
2024-05-23,-0.0016302025279549825,-0.003935841593674105,-0.003985709909143154,-0.0029710062727671405,-0.002568695240782959,-0.004701001181433018
2024-05-24,0.004332512989502657,0.005936806059130495,0.005668704130180169,-0.007130826655152966,0.0002926155444775702,0.0020610096671740408
2024-05-27,0.0016445390615904554,0.004057849103646705,0.007769101373407583,-0.0013450720498752178,0.0008331940530799109,0.001855705480552361
2024-05-28,0.0005441016797307352,0.0002509363774265694,-0.005152062283114045,-0.0020743143827557375,-0.002424158287938849,-0.0008305253367844045
2024-05-29,-0.0022825722091224243,-0.003369778892314601,-0.0034148769655845124,-0.013944120326133125,-0.01257271122281678,-0.012515407146889368
2024-05-30,-0.0020841234070473336,0.0016698627104489994,0.0030027454727694636,-0.0005911161172950097,-0.00042054901984722726,0.001405941682564249
2024-05-31,-0.014368553455914479,-0.013625809026896363,-0.011400197834546932,-0.004496036914251378,-0.0026806655398855517,-0.006868667697797481
2024-06-03,0.029273017934824397,0.030147121166475888,0.028711409232271112,0.029380153472218673,0.026467279212023076,0.029935807585784957
2024-06-04,0.00012162903687773507,-0.0037438424253202207,-0.0025607871626927015,-0.0016454031776386158,0.0010447399688988668,-0.0009950392112024753
2024-06-05,-0.05131426901954128,-0.04800950667026782,-0.05018355760735138,-0.06374047750690459,-0.05210023876585412,-0.057883374977186874
2024-06-06,0.041480263852627486,0.03941569822116353,0.035080096296447705,0.039541620821389234,0.0384086991160042,0.038344420462244067
2024-06-07,0.00080709566543824,0.007291915089418177,0.007096471038510854,0.0014696934733771094,0.002684592125526075,0.0031931787115164756
2024-06-10,0.023671623784013773,0.02006507148630221,0.021499474617390213,0.014985876242518792,0.015592842249001926,0.01804159699406127
2024-06-11,-0.0013616662026364468,-0.0011743373863918327,0.0009559426382679259,-0.00011709735308684799,-0.0008310608886191728,-0.0012600605807923104
2024-06-12,0.003459846696568958,0.004050874328619614,0.002170460329011581,0.0016500768016731726,0.0008335509983961042,0.0021025034249695373
2024-06-13,0.02378440979056018,0.017801139287229928,0.015583687464975293,0.011798813278450337,0.012705487894149936,0.014992420224860359
2024-06-14,-0.001252470319175747,2.8810160382253258e-05,0.0012852280737396526,0.0019456013895609026,0.0019011404387050401,0.0005888861341845075
2024-06-18,0.01073423874554491,0.0070460661576841055,0.008752100266229856,0.00964267660315521,0.016211454415555382,0.015333219651813668
2024-06-19,0.005526856189044471,0.0046507018287929025,0.0018231149891421161,-0.002186927894367807,-0.0006662501267901133,0.001575296324336506
2024-06-20,-0.0172776507208372,-0.01660835558269458,-0.016320745317713103,-0.01360347670462525,-0.014911277270113321,-0.01570487506394136
2024-06-21,-0.0016291645006910604,0.0016254265525956768,0.0012581446853139333,0.0034907135345629836,0.001869366769257752,0.002468413090548127
2024-06-24,-0.012033314431432185,-0.007690772068178808,-0.008089428787782849,-0.01188169255039817,-0.012244524617406105,-0.009888799585549668
2024-06-25,0.02961925692125278,0.02595259113978199,0.022136251585912037,0.010197173945249327,0.014722975279711337,0.019480268964536362
2024-06-26,-0.007926862966534776,-0.008784037224420449,-0.007016849014401583,-0.0070117135365018735,-0.00851427399104887,-0.010689381619538363
2024-06-27,-0.0031335986543875594,-5.753691229748448e-05,-6.804674919314024e-06,0.00020501214156398717,-0.001198719265022019,-0.001076842336647288
2024-06-28,0.009452744936612856,0.00072341411135457,0.004921690725951278,0.01110356283212277,0.010128526771364,0.005250559429924806
2024-07-01,0.0033553183203194337,0.0019350248062213193,0.002207423923089147,-0.001986189629038182,-0.002852424608283388,-0.006036043235013611
2024-07-02,0.002689263892980076,0.003419718083584433,0.0024001443352719143,0.005370420363149941,0.004239907681248489,0.0036342955230013185
2024-07-03,0.005681618167436175,0.002100940598775747,0.0019340976167527835,-0.001414420963675278,-0.0003686711193919834,-0.0019016973325247655
2024-07-04,0.0073109590306383865,0.010037468546038486,0.009050050482469318,0.006529412100733323,0.004541155303457334,0.007375157690854284
2024-07-05,0.007209657868015418,0.0041958822433725285,0.003710570044171302,0.007642352316943324,0.0049189795160871075,0.0041567310213204145
2024-07-08,0.00815101197778123,0.00935762403069007,0.00951958546183751,0.010090099702565691,0.009560464968435545,0.009710732084833085
2024-07-09,-0.006959781226119621,-0.006446147598322516,-0.00739905514414918,-0.007600894491710641,-0.005666241432954244,-0.00683256231663798
2024-07-10,0.0034093809999165003,0.0025476873658913934,0.0044125295259440644,0.007888378935356322,0.0059185873589351345,0.005429934663402358
2024-07-11,0.0014764750976294927,0.0004571182174388788,0.002074903143458595,-0.0006589897393415312,-0.0013564614127378194,0.0009002231698858054
2024-07-12,0.0004546516004981793,-0.0008284777286343692,-0.0029358069903258066,-0.006505090637766275,-0.002743903959148253,-0.002160620167776073
2024-07-15,0.004206833143855171,0.0010897773515372577,-0.0005695342322622476,-0.0009933827485196778,-0.002196728168999851,-0.0021239236176865406
2024-07-16,0.0014396120651185562,0.004968161597209697,0.005621258368472937,0.010834970753814899,0.010983969317704068,0.008980796559548532
2024-07-18,-0.004007078544333242,-0.004337386338687299,-0.004233824922427076,0.00010398151049373361,-0.0016606408513463178,-0.004222614530411062
2024-07-19,-0.015948202972874692,-0.015445783575061767,-0.012922080045316697,-0.010701165606724294,-0.016724990141522844,-0.014464424352845229
2024-07-22,-0.02571879643885855,-0.02876328701438624,-0.029301470256564488,-0.025084593114088838,-0.02611493134200471,-0.0293581195516337
2024-07-23,0.015155775943637595,0.013092292406134964,0.016164750753475676,0.016509953930390342,0.017157322473064784,0.016563137779268544
2024-07-24,-0.014400880942398553,-0.012851247969107304,-0.007737235024059319,-0.008914191867545274,-0.005321334272555656,-0.00646827997689825
2024-07-25,-0.011411394701974276,-0.00636966649670212,-0.005375155618738803,-0.0013525176922515314,-0.001789072924018975,-0.0018602384941427408
2024-07-26,0.01595616161902247,0.019215939644560365,0.017353463385596957,0.017042331348666506,0.016583696395975567,0.018705802270413407
2024-07-29,0.014101692421054635,0.014704933571254797,0.01848276282036898,0.017014809136624454,0.01624873366939883,0.01639443973006527
2024-07-30,0.013068229126115494,0.007762365482656186,0.00606094760056175,0.0038196789199085313,0.005409318177605371,0.004337062981125905
2024-07-31,0.010755004162937842,0.008366728348831787,0.0053231012418113455,0.011708772997452543,0.009452155232725357,0.008682191077782342
2024-08-01,0.016390170266050053,0.017131624351619967,0.015744968504974644,0.010978432670654348,0.013213009647753182,0.013995476405046281
2024-08-02,-0.020438743684438987,-0.020893734750588533,-0.01807620712864688,-0.015951576551098468,-0.01668323191477228,-0.016510541657973388
2024-08-05,-0.03641400831414965,-0.03437478414062911,-0.02922243551157999,-0.022174251049957627,-0.02661441164132483,-0.029674439288544963
2024-08-06,-0.004937438164953845,-0.0020469096606696713,-0.0018719430887182975,-0.004470992845669319,-0.0021006949806303687,-0.0007193327553746132
2024-08-07,0.010957197545896857,0.0097939098239197,0.01056960245504035,0.008340991091023042,0.008182403333678367,0.007948917649780451
2024-08-08,0.016067303762432372,0.01597028834473324,0.013274383093788034,0.00974639663961252,0.011365273186530578,0.014032912442815793
2024-08-09,0.0065327894316757895,0.0028438834308646133,0.0006190257337377325,0.0019785796995992477,0.0031476645411181448,0.003429640196962458
2024-08-12,0.016049358221776444,0.008831641231051401,0.004806128101613405,-0.002410803313415144,0.00745151238974695,0.003707565717543382
2024-08-13,0.0049309907889432125,0.005216640543759032,0.0036876892370794057,-0.0010832220589086505,0.0026212517444121897,0.0020283527149640435
2024-08-14,-0.0032723641501385403,-0.0026951612236585376,-0.003190226683688735,-0.009796500668891928,-0.006639532381008562,-0.006102612992258893
2024-08-16,-0.003135851474939888,-0.0010782260138171296,-0.0034220490807527204,-0.003848134061868791,-0.001699431836876597,-0.0014529501112129362
2024-08-19,0.017268987152095683,0.01802581697700023,0.015496208258269695,0.013349698704064217,0.011567858054210678,0.014162855357763071
2024-08-20,0.0041521797496284485,0.0028900059004481893,0.002734127830821498,0.00468626069212541,0.006330736496620526,0.005208114312062806
2024-08-21,0.00875378818871786,0.006689340569485225,0.0065502380763353685,0.0054329264224601825,0.006509836481610742,0.00658547839403667
2024-08-22,0.002436652817220386,0.00601619746903248,0.007687906016157209,0.011858126663697899,0.01199059157411586,0.009920527541150692
2024-08-23,0.006026214878762426,0.0038316362052324138,0.0029269110051970415,-0.003465970511187577,0.0013848905338031958,0.0003931845768427866
2024-08-26,-0.0021098296841765007,0.00036304462219338696,-0.001049565135006536,-0.010151635009674198,-0.004464074659991546,-0.0026330120613755614
2024-08-27,0.005496205943383181,0.006045091407848924,0.006878059439668904,0.011510467397882307,0.009143848240827701,0.007625899379969381
2024-08-28,-0.0024574305833553467,-0.0018697975700707747,-0.003018887401760262,0.004845143886989645,0.0030046631252729217,0.0009653226238770518
2024-08-29,0.005557903716540302,0.00609050431188396,0.0070063048288036,0.00039182268837989476,0.0062854895711368375,0.005161475555345074
2024-08-30,0.0022431922779744262,0.0020929600628580847,0.0019888930375075997,0.0031718040001320613,0.003860621898524652,0.0028685740977456575
2024-09-02,0.00199269809337288,0.005964587410045352,0.008004488537997068,0.007234991248063816,0.004857235696990703,0.006008571744992475
2024-09-03,0.004710935862646259,0.0021038360092819897,-0.002706633372106415,-0.007448615215011278,-0.00348483683306422,-0.0029835943147898947
2024-09-04,-0.012041381723828182,-0.01013161160967857,-0.010482303458521303,-0.012543224664634423,-0.010661942688657278,-0.010368247178263124
2024-09-05,0.013352463889448885,0.013807134799499243,0.013984817526511595,0.005110716724431752,0.007401509661119521,0.007639821809293235
2024-09-06,-0.00024617060410536684,-0.0028852311373693817,-0.002764136127884176,-0.002015393489506967,-0.0034215925952699733,-0.004646343515324891
2024-09-09,-0.009778198824195394,-0.009510225315757181,-0.01081567027571495,-0.016793055256006273,-0.01227799197411028,-0.011995874626295144
2024-09-10,0.0012258234612521068,0.0034499806976198144,0.003220018582550832,0.002444521966902924,0.007366875246968441,0.006190971217015395
2024-09-11,0.0008175375678691754,0.005690972379506443,0.008760320051965476,0.0016281249051699476,0.0018457022809452717,0.0041974597530267665
2024-09-12,0.005647492985950242,0.00981858619082554,0.0065290907843997825,-0.0019474724097314766,0.0031252701353110535,0.005946858978354008
2024-09-13,0.009187936541726893,0.008500338590815115,0.01111233764809616,0.02304502594511959,0.018852411357429766,0.016826351022577013
2024-09-16,0.0007757680578723836,-1.3610432978539144e-05,-0.0001314056917067763,0.0005492125056580921,0.0020182031511482013,0.000494294972551268
2024-09-17,0.000199799435355974,0.0017647433772334242,0.002884122265026434,0.0004046239479040814,0.0011449825547324988,0.00040151997748694157
2024-09-18,0.003996131479260923,0.0016065755753496003,0.0012078169922682402,0.003072005559439539,0.003360708169049653,0.003493236968206803
2024-09-19,0.006387205191897616,0.0016602971539025901,0.0005931476213776321,-0.0038689769193596124,-0.0025595921625392037,-0.003292470625002486
2024-09-20,-0.00874208470745419,-0.0061843066139875,-0.0038686041523821046,-0.0054453647277129535,-0.0024100431629011654,-0.0035587830479018034
2024-09-23,0.016292180920849608,0.015315242670297602,0.013376193453286778,0.007942969592410254,0.01008142689442959,0.011715725650834674
2024-09-24,0.006830989569172052,0.00882218355469111,0.005760479840706267,0.0058925578186070915,0.007856611930281643,0.007035131586122345
2024-09-25,-0.0023955769169324848,0.0005302703516862906,0.001030750205576192,0.0031508646286253494,0.001284929901749443,0.0018876472845439363
2024-09-26,0.004431788822263361,0.0028023748694567807,0.0030170270120708498,0.007455402186023585,0.006192566591413762,0.0059016980447135214
2024-09-27,0.007931518888467437,0.007403174117394773,0.006972572680254974,0.011831407883770906,0.009319831276553003,0.007693006420686155
2024-09-30,-0.0018330541129109035,-0.001736964728850876,0.000835749750386583,0.005614165919110459,0.0008610309884127254,0.0030172508135994924
2024-10-01,-0.011886315472482534,-0.010244537145607246,-0.0070108217218317614,-0.004956942072215642,-0.007112761641075438,-0.007646914883336797
2024-10-03,-0.008187675456618582,-0.0127109038168014,-0.013449787567595961,-0.007998067502042128,-0.010640569739980843,-0.010089524419886198
2024-10-04,-0.012319707004152192,-0.008834770072824072,-0.006055387676880963,-0.0005980243727566892,-0.0036922666591325815,-0.0058141044923785135
2024-10-07,-0.011888936718634224,-0.01083303685516801,-0.00644280964949695,-0.0054998244530777285,-0.008039807896564444,-0.009173346671205174
2024-10-08,-0.006821418022858072,-0.010071326083469834,-0.01400842582162476,-0.015270945376294143,-0.011556809762522158,-0.013105181702173452
2024-10-09,0.026800064962828163,0.02501547492216738,0.024505209203101064,0.014405225525683019,0.022250753643100474,0.022007412453968644
2024-10-10,0.00919249477260764,0.007461475282318331,0.009417071318868153,0.007870439085984726,0.00436894780265118,0.005560786433891796
2024-10-11,-0.004421887964603077,-0.0031376509274846365,-0.002636650705913679,-0.007480041918136449,-0.007066263572836351,-0.005795260084662801
2024-10-14,0.003958266672044797,0.002847019294899944,0.004963497701901298,0.004831294357372284,0.007978671615888722,0.004728006047291622
2024-10-15,-0.00544889499777057,-0.002894384599822164,-0.002148197058764012,0.0033862385106180337,0.001621016112169249,0.002513851018077773
2024-10-16,-0.008248626172958406,-0.010480141326672077,-0.009426314981160644,-0.00376660095021919,-0.00445524541213993,-0.005428697580599384
2024-10-17,-0.015008860616618325,-0.014524466771521194,-0.009108030195333017,-0.005151922272782716,-0.007861190662051265,-0.009086480573246458
2024-10-18,-0.013142707929413966,-0.027464898392509318,-0.025149356219701602,-0.02481063775308634,-0.02752595474441366,-0.030619761211091112
2024-10-21,0.007056891171051571,0.010184672383544369,0.01124842788952174,0.01273650235046575,0.010577521810765544,0.012195667679067101
2024-10-22,-0.012641860634658553,-0.00923451557193078,-0.01124077036972504,-0.011403321674403166,-0.011069007861042923,-0.014593888146359424
2024-10-23,-0.009071694927901164,-0.010653652583307083,-0.012900895137980872,-0.0203479594036432,-0.019700217003148612,-0.018186108650823596
2024-10-24,0.004323288989806606,0.004473014877627968,0.0017150798355292096,-0.008097117951727517,-0.003361805840644161,0.0034034341408948343
2024-10-25,-0.008683271183059449,-0.009450933108921311,-0.009125758282267582,0.007447973243173145,0.0009580341805150994,-0.0008189942425199659
2024-10-28,-0.0008317498500808318,-0.0017761489504922734,-0.0013730672056901927,-0.010646765442933526,-0.0110108141906482,-0.008187630887678377
2024-10-29,-0.0021139360763320347,-0.0030681033426446236,-0.0010954613278822967,0.015599201265449558,0.009399860237199853,0.005793580965837819
2024-10-30,0.005871580137708721,0.004323115241430697,0.0015109193193421078,-0.001999834112813126,0.001209942695677535,0.002427334104341039
2024-10-31,-0.007429459564010754,-0.005341186695923317,-0.003171643749649955,-0.0046183962782015975,-0.00880299265450113,-0.008562387179714692
2024-11-01,-0.002963907971366142,-0.0021256760032702937,0.00012240363595461545,0.0018597754824123403,-0.0013915243408010314,-0.003752884297460679
2024-11-04,-0.0024430026796448123,-0.0017042462254590607,-0.0012912225617892625,-0.0035805179474476256,-0.004935181211973005,-0.003368097422521976
2024-11-05,-0.0030034450369745835,-0.0024557983293549412,-0.004657409603254892,-0.016021434910673538,-0.007893607669209879,-0.010887027591167664
2024-11-06,0.001599954698131567,0.0016384789586947335,0.002985509932853958,0.009283361667539847,0.008224425862578544,0.013543214215774757
2024-11-07,-1.7301216864717972e-06,-0.0002660989660815405,0.0012602954079383721,0.011458989810292808,0.012687562951917197,0.011533860798148998
2024-11-08,-0.02005406352765704,-0.014788118225501856,-0.013693514871164547,-0.019735950833587257,-0.01989673268514569,-0.01938014301616109
2024-11-11,-0.01103404687946763,-0.00786953053506756,-0.004498841253155028,0.0037924564200551014,-0.0010680718726890914,-0.00252648697435498
2024-11-12,0.011539697858190312,0.008231056526077696,0.003283511054367194,-0.0034883832075471854,0.0034704589490102133,0.003404890995472254
2024-11-13,-0.011543693954849,-0.00768978687498556,-0.006942855278444848,-0.015733737592022012,-0.019559447775451266,-0.01755699938225186
2024-11-14,-0.005331422776278405,-0.0034857192416622995,-0.003048867093082719,-0.015338130016846918,-0.014903948351144503,-0.014175699091232952
2024-11-18,0.0037448329054226015,0.002536383993078095,0.0012664660983170428,0.0021110804778630143,0.003498814617278301,0.004783372761792304
2024-11-19,-0.0009503981805617512,-0.0005228109960994098,0.0003960871035171287,-0.008422970389847961,-0.008585943858586909,-0.00571012725315001
2024-11-21,-0.0011435867577550551,-0.000633244722061721,0.0007516943966101586,0.006860827083640997,0.003965549101928145,0.00239849574558626
2024-11-22,-0.0008314801086634072,-0.00042980514965662575,0.000798417178899502,0.005082854359353739,0.00523024400569061,0.004008325158588066
2024-11-25,-4.249640688358536e-05,7.289848322566961e-05,0.0006440021968052712,0.02180256551452442,0.018287933951333324,0.013249897084522289
2024-11-26,0.002005334473399456,0.001463921623609421,0.002512173277386065,0.012118711207465216,0.009687224325386934,0.007943966942514091
2024-11-27,-0.0018075128802542695,-0.0011560045867302637,-0.0017276159705692518,-0.001601894456895181,-0.0014155413707718223,-0.0011888688984811324
2024-11-28,-0.001378060516222468,-0.0008580305557169821,-0.0011956397100039151,-0.0029676747791208546,-0.0020898539096930735,-0.0017020282267107278
2024-11-29,-0.00225561175866984,-0.0014258957587915955,-0.000995678056023963,-0.01152598489967449,-0.01198270289330372,-0.008296894951421385
2024-12-02,0.0001368322154946533,0.00024292030717787405,0.0019877822158438363,0.005187941012475106,0.005633227155890763,0.004323886783681674
2024-12-03,0.001048221146135342,0.0008170242804259598,0.0017350826832742694,0.01908238064432255,0.013051353927662435,0.009804301604459553
2024-12-04,0.008182643718590565,0.005499319756844923,0.003629910727708685,0.0028779177239475207,0.006165469909149568,0.0055230886219608255
2024-12-05,0.0006558911509799703,0.0004970079122195159,-3.854338165232285e-05,0.0021642425707144586,0.00117327714596005,0.0023983557775704156
2024-12-06,-0.0012334070009809572,-0.0007582481600195701,-0.0009944760822463428,0.006562365662805991,0.0063518204814076995,0.0027154629893291204
2024-12-09,-0.0009891259571928046,-0.0013149181448058878,-0.002492536897232278,-0.005424332167127677,-0.00506339864285521,-0.0029572392607162268
2024-12-10,0.004625887044657384,0.004759809394224046,0.0036076885628890665,0.006874884071802034,0.00635718022414733,0.0035941313914109596
2024-12-11,0.002170655605058025,0.0026252040645675656,0.001432499084661254,0.006482986722861295,0.005668427520024721,0.00496963825146457
2024-12-12,-0.0017598946695073225,0.002629454538104037,0.001926795709122242,0.0006062370384718463,0.0003888329023349346,0.0005949593350260685
2024-12-13,0.0006109302244410308,-0.0004905182492846993,-0.0013984774493313035,0.0045255882234271905,0.004964743335776456,0.002570751953238082
2024-12-16,0.002678331096410025,0.00368260909854623,0.001991095979418045,0.00682174093715715,0.006434932930083459,0.006233616450433521
2024-12-17,0.0019816966371002387,0.0011911070190222528,0.0003825623531372724,-0.0032209455955271027,-0.0008525556613219187,0.00043305931150028343
2024-12-18,-0.004711312636979104,-0.004974163133590448,-0.006905145838532634,0.0023688578120479864,0.000704188673796402,-0.0019237161929548385
2024-12-19,-0.027545028668867988,-0.026889372369200082,-0.027860812726220874,-0.014128148438913968,-0.018194788507067905,-0.020397276600147007
2024-12-20,0.01529140113552585,0.014185231313094793,0.01255484996651024,0.019367252859976425,0.019138455207731386,0.018258029215541205
2024-12-23,-0.0362044548039584,-0.031013738429101045,-0.03134355282929957,-0.021490382718012957,-0.025875757526291232,-0.026697107540177956
2024-12-24,0.001840707799971808,0.0014731329902146761,0.0011495398730354545,0.006580926772569162,0.005104420544087107,0.002207631147390865
2024-12-26,-0.0004180259390282881,-0.0030920469876152268,-0.004720569767378446,-0.0022080790063002675,-0.0026687100529845242,-0.0012713084722636436
2024-12-27,0.0010149610671825737,0.001066989160739995,0.0031006595542582005,-0.0004510733007465628,-0.00021118914500006802,0.00011995662639940896
2024-12-30,0.0023312281014002956,-0.00140336126582985,-0.0036918420243431394,-0.00011943340827214044,-4.623799064829015e-05,-0.00031070254468357206
2024-12-31,0.012026178004486354,0.004470610151661392,0.005146357143308133,0.014892444353722167,0.01155305675474283,0.01051538388034201
2025-01-01,-0.0009538949373976147,0.0012303825117001566,0.00047352519358700995,-0.0030109177820875077,-0.0005478842746932111,-0.000760727976101383
2025-01-02,0.0031483511331755754,0.0035815878525091716,0.00256136235567217,0.0003733171437438898,0.0032016885086862956,0.002885750765619255
2025-01-03,0.012385412482826208,0.011258750777551896,0.010234793657647012,0.013142200469346443,0.013144422990085891,0.014044681330870779
2025-01-06,-0.013676230539333312,-0.00582181234703627,-0.005565922403978463,-0.011169689676566175,-0.012317277759432144,-0.01192356026596375
2025-01-07,-0.021309038920466206,-0.023556786390230733,-0.019845448049559677,-0.011088908734705805,-0.0110259380617872,-0.013212633498438375
2025-01-08,0.009118124190871102,0.007712283935730646,0.006149798303989762,-0.00689420694269105,-0.004158425316097891,0.00099607003470914
2025-01-09,-0.013218856592368877,-0.011865917249005542,-0.009727966731305493,-0.00834961804515355,-0.011376169367489086,-0.013085296239996547
2025-01-10,-0.007405386103452538,-0.009777159460990892,-0.008084930224798503,-0.011332208351728434,-0.009545134118977283,-0.011001957796845985
2025-01-13,-0.020791630236421277,-0.02256796389928728,-0.01679543702307973,-0.003129747139658301,-0.007650513385061064,-0.011701887511077036
2025-01-14,-0.01538044529547089,-0.018495452385600797,-0.014697751220889899,-0.027459125014339558,-0.02487144484292403,-0.025891226036327986
2025-01-15,0.007466057238417978,0.004733901944080854,0.006542920912907091,7.361577324571655e-05,-0.0015778360825391413,0.0032235680031473812
2025-01-16,0.0031454354994961964,0.0006763891743550854,-0.0012215119070173586,0.0033720302820812176,0.003827505248301888,0.0017539411280607098
2025-01-17,-0.0019737747823699303,-0.0007047499598094031,0.0005828234273410615,-0.0032803801428539225,-0.0025600013064666083,-0.0031337284494957762
2025-01-20,0.0034630543662721447,0.0028187784448738817,0.001933350507067333,0.005263330940911803,0.0028156544713051623,0.0023997325159721417
2025-01-21,0.005791663516373058,0.0039011136124389445,0.004113033416536016,0.0018493317173300383,0.006720065793128338,0.00534068305923352
2025-01-22,-0.012286617529636112,-0.008651914184169551,-0.008506810000014964,-0.011090029236133114,-0.01560479019531591,-0.013241026690278379
2025-01-23,0.0030907444565300146,0.0017745265987600956,0.0007544038161264588,0.011962184792213337,0.0077931411507676795,0.0069115343890855385
2025-01-24,0.002452659574526228,0.0023135454800840005,0.0026212905095805983,0.007432707352528434,0.014618798725764215,0.01144761776579406
2025-01-27,-0.010467887607757076,-0.007198846694588257,-0.0068076060901445246,-0.007311482469735675,-0.009447116462180438,-0.0072700204531434
2025-01-28,-0.010011205917191623,-0.006712179596297552,-0.0067939040866137335,-0.019589741311694886,-0.019544038781152073,-0.015645450556259544
2025-01-29,0.003162434112427448,0.0025068224951174667,0.0017476136217047245,0.003147423413032646,0.0006164267914938737,5.560351574263045e-05
2025-01-30,0.013232685241051811,0.009515151819604162,0.007343635062014631,0.023925515050350565,0.0205907726183987,0.016197297055672966
2025-01-31,-0.008347385786670491,-0.004452929188026755,-0.00344848573843215,-0.013274843554771376,-0.0118877323190123,-0.00968565830215773
2025-02-01,0.010986658444863906,0.007384219008712112,0.0057165407412695934,0.010207837532944408,0.007542120663015517,0.005827302155141378
2025-02-03,0.009094667308925164,0.006843924614243102,0.005223216271619924,-0.0058438209865033786,-0.004146018751860048,-0.003637464181880823
2025-02-04,0.020510351359074086,0.014276828778561956,0.010906291718847383,0.03425278067789428,0.023758315602340208,0.01859473139620582
2025-02-05,-0.001474100156495961,-0.000630522396359412,-0.0005641884525666718,0.0026464172655404905,0.0025780396326087196,0.0020683704984085782
2025-02-06,-0.0029558215513871833,-0.0015760526991149826,-0.0012220214760778614,0.0016284032886626498,-1.953575871027624e-05,0.0002350524693526257
2025-02-07,0.0010561275310645435,-0.0011627742720925482,-0.0007984467932985462,-0.00013869033207081216,-0.002319267191323804,-0.0018896010490777604
2025-02-10,-0.006822822558923636,-0.004228379085753686,-0.0032026446695275768,-0.005721132365206882,-0.002230832225268209,-0.002167390582239248
2025-02-11,-0.007068744423170514,-0.009268260960848651,-0.006794525148064001,-0.0078152171717919,-0.008798073601606449,-0.009080470009264374
2025-02-12,-0.0213797374368343,-0.020147072201545546,-0.01501824006658159,-0.020700194844519126,-0.021455550646848787,-0.018881659851236243
2025-02-13,0.00867732005077726,0.006584359328160261,0.004994774763832366,0.006539407932033781,0.006953731540518371,0.00444541696333145
2025-02-14,0.011801142021171218,0.00785623093619403,0.006405977842361743,0.012529455566531178,0.009982265579598026,0.007655062716980909
2025-02-17,-0.0157299766656398,-0.015892065206377426,-0.012855125697710745,-0.01872488732972477,-0.017344232913956925,-0.014750094662618896
2025-02-18,0.007925412857639591,0.001481091280136182,0.002003371167592638,0.0029256097492547095,0.0022523174664881296,0.0009420042670824635
2025-02-19,-0.004437669296106894,-0.005881343348084989,-0.005206148122337773,-0.002070994888286659,-0.004608521822196954,-0.0038254200228443613
2025-02-20,-0.005075286671140655,-0.002096396436099379,-0.001367983344058521,-0.0042010200454631885,-0.0013376283421903112,-0.0006755557582478477
2025-02-21,0.006999007935382995,0.005918407814696547,0.005182654734779302,0.009412339684618631,0.005908936125282649,0.00523629746082932
2025-02-24,-0.00741374262933947,-0.008388987155869887,-0.006660733796659768,-0.01735187768580293,-0.012272583114613544,-0.010342956781955737
2025-02-25,-0.0018326118083679122,-0.0015202346642654296,-0.0012834696118705358,-0.0043354042502324885,-0.0030151785029892686,-0.0023500972668338838
2025-02-27,0.003723425350027787,0.0027887894334495122,0.002777239848482882,0.004645299566599537,0.004104828755601586,0.0030852508838810078
2025-02-28,0.0019681826488353593,0.0014714595340006298,0.0008881857593514564,0.00045976912057765773,0.0004524255729769777,0.0005289404334318792
2025-03-03,-0.018356316129569894,-0.015535978862689315,-0.014054895810342583,-0.02580905099765629,-0.024306999652137118,-0.018171599740462896
2025-03-04,-0.009602730186823893,-0.006107937183760681,-0.004626947466135456,-0.007047813816054793,-0.005661137628530377,-0.004170538371115362
2025-03-05,-0.0035729521731460157,-0.0018842176367127594,-0.001134157926849233,-0.001441742441070426,-0.0004950128291474343,-0.0003437380774026222
2025-03-06,0.01630528734548875,0.012936484994989339,0.009440128896893052,0.014930645177654744,0.011611098205566606,0.008788412579097793
2025-03-07,-0.00015627572013277025,0.0009667516576783441,0.0006658733351307955,-0.002324751194664909,0.0017983935785663707,0.0013901913277116762
2025-03-10,0.008750749297710358,0.006537487762132477,0.005054603737298935,0.00807251016146382,0.0061191394237167795,0.004791158363993464
2025-03-11,-0.010786586401424048,-0.012387574084637754,-0.009263508906639961,-0.010168140117199909,-0.01185638894800678,-0.008936056054746122
2025-03-12,0.005005231817079014,0.00885662678695276,0.0065959347914117394,0.007392727762377094,0.009967081203019035,0.007494326630127945
2025-03-13,0.0006253747364364237,1.1753910909018117e-05,8.933780052977625e-05,0.002550820224540562,-0.00022410173940656808,-2.222363001758154e-05
2025-03-17,-0.006984107464545586,-0.007545357131501063,-0.005596976900062445,-0.00466698424488865,-0.006485736771357553,-0.00484985065582777
2025-03-18,0.014175490878943542,0.011842816042082038,0.008898501798178637,0.012187066152966608,0.013401131927884169,0.010227782421247333
2025-03-19,0.017091991568090048,0.01838137003753393,0.013864964807272395,0.015395219611867406,0.01954546939405799,0.014818098501535593
2025-03-20,0.003233090673494754,0.007978819587445063,0.0060674603447834485,0.009972772944829345,0.010513070205666386,0.008107264655778268
2025-03-21,0.010493914645909097,0.005017055331762554,0.0038346442397438896,0.00841502285274398,0.003703919972449121,0.002960324421762861
2025-03-24,0.006638608286607006,0.009332008708494044,0.006403509696370158,0.006690921509710179,0.006768834384986322,0.005535844107173116
2025-03-25,0.011200465728663733,0.010212769253000742,0.010351742152310495,0.00874405193954364,0.010296734335226931,0.010264879293785611
2025-03-26,-0.005167792718541286,-0.007854938086134466,-0.007783841353645515,-0.005447722882883865,-0.008164182081572324,-0.008067108960695513
2025-03-27,-0.01068826055640737,-0.009189815443058524,-0.010777726515569963,-0.0099832251508567,-0.009987766855343416,-0.010961091628031383
2025-03-28,0.010994841383383358,0.011846260500787187,0.01416581115471982,0.011992013697297077,0.013061788213321712,0.015066822095253452
2025-04-01,-0.008789200743737124,-0.009912541219035287,-0.009855313639605123,-0.006064868294836101,-0.00909672139324369,-0.008810148628510261
2025-04-02,-0.015458326475625284,-0.013746883851813774,-0.012499232437687358,-0.012326813326435482,-0.01375493205371181,-0.01316586774752837
2025-04-03,-0.009063199708020497,-0.008444567379690904,-0.008293589146191271,-0.010094728171232581,-0.00825142809687307,-0.008247572582206542
2025-04-04,-0.00082813209048338,0.0019793992508616576,0.0034430401665483945,-0.0012454574371320026,0.003042765320341312,0.004565131693534674
2025-04-07,-0.08139918051838457,-0.07657753953805801,-0.07445934504150897,-0.08830331795092172,-0.08006767803079518,-0.07567784065528937
2025-04-08,0.0452908094316391,0.03725425118691983,0.04307418753620329,0.047201549049105784,0.041207445916863206,0.044669155805579175
2025-04-09,0.003355008201388898,0.0049436577547006255,0.004064198732687041,-0.0058433214884122675,0.0028773092348350904,0.0028880099431976003
2025-04-11,0.01836875611826172,0.014728944843343195,0.012868656994738492,0.009196012702776368,0.004673755297251336,0.004069595930664027
2025-04-15,0.024747447657513355,0.024920527341472543,0.02443659748855609,0.026816804181120757,0.02625985064527092,0.024825945545390526
2025-04-16,-0.005586316810095471,0.000175029005957672,6.0868958431825604e-05,-0.0047231567272147945,-6.729175223552097e-05,7.330774885705438e-05
2025-04-17,0.002297061225635,0.001898052928358318,0.0021899399588605206,-0.004865473618763327,0.0023305911899047516,0.0025548236844912253
2025-04-21,0.017788574869592955,0.018073749074833056,0.01917421922384599,0.015918069979156346,0.016247236415656507,0.01889760953685049
2025-04-22,0.01661627455963921,0.013095489239445701,0.011150336991628595,0.02432310757013978,0.020380946278240053,0.014090493467014742
2025-04-23,0.006013016431601459,0.0011279012442531045,0.0012563133027609918,-0.0013014382849212414,0.0019006685394415967,0.003126727245200467
2025-04-24,0.0038389636453779463,-7.32501705856814e-05,-0.00036555640804569745,-0.005716970094845064,-0.004127118612427982,-0.004495668672051201
2025-04-25,-0.0034532929420668657,-0.0012365183429631221,0.0008594818316169928,0.0013580148445582196,-0.0004893771806656622,-0.0004100098759385329
2025-04-28,-0.029506693888870283,-0.029587688211958674,-0.028745423546286397,-0.022207742922335627,-0.02993745444833462,-0.026925233003139204
2025-04-29,0.0148611426790215,0.013872718506255266,0.01692861058700723,0.020767342062338878,0.01724157121869241,0.018449463212520056
2025-04-30,-0.011454846452456868,-0.0124622790712281,-0.009842043845439075,-0.011820698860887657,-0.011517685823797197,-0.008435143155791525
2025-05-02,-0.010427368278049687,-0.00945900158304569,-0.005809604194656148,-0.011629942831824502,-0.010700824457174907,-0.008160309051940762
2025-05-05,-0.006698704134163069,-0.004158441447827399,-0.0018419820352274519,-0.007661505705624405,-0.004288706492942218,-0.0014567738254619433
2025-05-06,0.007892480069321639,0.009800340965308019,0.009093172187466525,0.0057198449570807774,0.01006942335411809,0.009188551546049695
2025-05-07,-0.017190071116775507,-0.017010558922088026,-0.0220109905444138,-0.0220875004132568,-0.02342073684501733,-0.025816957956618092
2025-05-08,0.021900188740521465,0.022277150905232412,0.01953353956998538,0.01900623029331938,0.019154143411808766,0.016081334593245122
2025-05-09,-0.026528048410533467,-0.029259558043133627,-0.028561884683915295,-0.03370509687757128,-0.03509944479354299,-0.03088419349835425
2025-05-12,0.031335139498575915,0.027603685367659114,0.03058869906076578,0.033160025781528324,0.03172964747075402,0.03205366941851784
2025-05-13,0.007458128259157704,0.01153283386146664,0.011982942904783966,0.0020778346330130315,0.007461789424322962,0.01052619857058601
2025-05-14,-0.0066027123575889135,-0.006441623503927962,-0.0026640059153600903,-0.0014315796848177742,-0.003782551370066334,-0.000601136320315665
2025-05-15,0.006052064293895709,0.007459199762469115,0.005893110010217972,0.0019630620346511307,0.0072449073336964265,0.006035404481097073
2025-05-16,0.00866868998446102,0.01176212754721151,0.013124571014932584,0.009232844815319385,0.013808595013064195,0.016141163461905084
2025-05-19,-0.002705908677640867,-0.0023320460084198524,0.0007095339301868009,0.0059249786149226935,0.00477398725107725,0.005397801607250452
2025-05-20,0.005355941511958395,0.004937261353752387,0.004140017013227082,0.004187996283863127,0.0024180653799148466,0.0005639787857683043
2025-05-21,-0.012313809841798862,-0.011458271138784726,-0.011242702296970775,-0.012565988402498451,-0.014784223321982926,-0.013033059258990787
2025-05-22,0.00023547071525653607,0.0021486296944686067,0.005755795533541885,0.005340662594644385,0.005135777830348687,0.007578402354070368
2025-05-23,-0.002430479164533983,-0.003217123335905625,-0.0017113096520186,-0.002745373937938722,-0.0020005430871840035,-0.0006563382455604394
2025-05-26,0.00782197572288923,0.008183063777524646,0.009690102451973104,0.009048026058818603,0.007025160855529622,0.007002829786015408
2025-05-27,-0.00011579264316363691,0.00017862335577678579,-0.003774977860540707,-0.0016346318143830585,-0.0007392540844928241,-0.004170673955712134
2025-05-28,-0.0036175763328333277,-0.002309720512598923,-0.0014783399780710083,-0.00284381019309099,-0.0012609404905469246,-0.001245342742113853
2025-05-29,-0.0019308420089257927,-0.0065257772060459684,-0.0028913175967517635,-0.005488646758427529,-0.005773831088427217,-0.002619702657064793
2025-05-30,-0.0015988432125227936,-0.0035040754046780087,-0.0037250259412614506,-0.003290673098689134,-0.004822208659805205,-0.005436432431134008
2025-06-02,-0.0026387128986797848,-0.005479830416255327,-0.004883191576879997,-0.004337819177104518,-0.005406138886394407,-0.005720548330813924
2025-06-03,0.004781550005147794,0.0049121489493493264,0.0024408694612043647,0.008604548458623462,0.007412124064117842,0.004077995853385419
2025-06-04,-0.005558669168950425,-0.006891875750856591,-0.005437792148628606,-0.007034938515863121,-0.005949250994356281,-0.0033273314192259207
2025-06-05,0.0009127265551536201,0.00014697334656621486,0.0018871601401611038,0.003649743639342562,0.0024255893426203823,0.0036243994747902075
2025-06-06,0.008358521190058754,0.00776754721257622,0.007421299778284096,0.0063949383216044264,0.006013779167522104,0.005505809259591432
2025-06-09,0.016535879848027735,0.0198542058184199,0.017851818971126088,0.016256999540679384,0.02063378832208307,0.015269087309988993
2025-06-10,0.006934697879115159,0.006264938944511966,0.007381286722729197,0.007069573965180931,0.006466135198248235,0.0063142874607411414
2025-06-11,-0.008971953168046554,-0.009127281557577693,-0.008159885213787299,-0.00658535664881843,-0.006910860119355378,-0.006640320216440787
2025-06-12,-0.001385874740740256,-0.0019038942351395916,-0.002021222601066963,-0.005709181231435045,-0.006872357672301432,-0.004801050884917002
2025-06-13,-0.025140425771684183,-0.023474303019928255,-0.028950505201317256,-0.023097921387346898,-0.027370982236260888,-0.02914229242834665
2025-06-16,0.01663555173987441,0.013844866274144385,0.017055186601966588,0.016446465283445733,0.016509303016569277,0.016229680167889615
2025-06-17,0.002436123775438448,0.004740919065373106,0.009259667582401931,0.00498915453887161,0.0062879076706379156,0.009514348541090012
2025-06-18,-0.007158853836057966,-0.008220392163610812,-0.007296517196550556,-0.007294977368179079,-0.009528232747004317,-0.009371902016867217
2025-06-19,-0.003234073928232717,-0.002788953448173981,-0.0028452418685638303,-0.0021497274563603286,-0.0012814072686121447,-0.0023781432664289337
2025-06-20,-0.008874779488047713,-0.008065245309282543,-0.008597688559190297,-0.011817468701809108,-0.010666821421453254,-0.008608414260900643
2025-06-23,-0.005586972610289065,-0.003712082492571822,0.0019111276477088435,0.0036056872221583713,0.0015947219873373442,0.002108058095549925
2025-06-24,0.023059038806377608,0.02014849920493944,0.021737478619698658,0.020358108455375667,0.023738732893721748,0.022583400510835627
2025-06-25,0.0008595868809508911,0.0003720560883944124,-0.0003681058318024677,-0.0012189071171296861,-0.0016567991119713632,-0.000675654193125319
2025-06-26,0.006442605873594465,0.006626706057560217,0.003630289138044196,0.0008396929141667453,0.0031834437940863047,0.001914667615119603
2025-06-27,0.016109019262934732,0.014644623277739965,0.011840050793823442,0.013051689938798239,0.014596085216492805,0.014014546101347891
2025-06-30,0.0030861237046757584,0.00562207128153025,0.006476865009072741,0.007390424343655111,0.005806702054205859,0.006151288500109819
2025-07-01,-0.0001231232434437679,-0.0002811841984562413,0.0017039129310822965,0.0017736834136734547,0.00048613310368650353,0.000800149717758325
2025-07-02,-0.005343035834394216,-0.007149271008978886,-0.0057547883185159465,0.0006717274562206832,-0.003113973622848598,-0.003671964232028646
2025-07-03,-0.0001179548059359048,-0.0003441924713865063,-0.0020794585939591936,-0.004070544166432155,-0.005506013404297461,-0.005570939271749897
2025-07-04,-0.0007634235903600795,-0.0011434975603197284,-0.003909780099835336,-0.000757535988587521,-0.0017811605101797356,-0.0005318893910982725
2025-07-07,-0.0034197140188700903,-0.0021480692724056283,-0.0017735326608386837,-0.0007598457106833267,-0.0019463520595786044,-0.00013908691697017694
2025-07-08,0.0016963332270061304,0.0002706824280449549,-0.0013479389300489197,-0.001263153556061547,-0.0008857620697299007,-8.358994439605638e-05
2025-07-09,0.0082121407325626,0.005974372741824219,0.006617721188776127,0.008620194731382869,0.006056568609320578,0.004452420655383094
2025-07-10,0.008724636330228464,0.007615835708398633,0.0042289870355711745,0.005474449372046886,0.006798449150017927,0.005474665303027759
2025-07-11,-0.008837199659675665,-0.010707888941162147,-0.010699249253088738,-0.012214071366464685,-0.012478247310199642,-0.01005079402129172
2025-07-14,-0.00869069397353961,-0.009234435355267578,-0.008306667152360947,-0.00794529412185141,-0.007376104452442522,-0.005174233888193158
2025-07-15,-0.005103239734936538,-0.003485506446058606,0.00038013972887007696,0.001037680574839328,-0.00040254591015664865,0.0022063882766822918
2025-07-16,0.0036883526946294154,0.004845845252422709,0.0031686001784647644,0.00720358207997851,0.005787388210797939,0.0036331559642486244
2025-07-17,0.0019287302758239644,0.0025491333999574373,0.0017003000918605071,0.001813280064076661,0.0016516815005429564,0.0011484977771731852
2025-07-18,0.0007364853155513718,0.0005068024674399485,-0.0011196352122008202,-0.008125611427426294,-0.003705965299254377,-0.003641404645512658
2025-07-21,-0.0075224048386624,-0.006104176141589757,-0.005918411740381768,-0.007420073266741656,-0.009666466855222766,-0.008224458984846916
2025-07-22,0.0033894267793648236,0.0029349104521034786,0.005215256143107361,0.009672317943385966,0.00784501737425125,0.007155126604569517
2025-07-23,-0.0017828655471459065,-0.004489154012599639,-0.0028143818426230593,-0.002078554430210988,-0.004646084692359831,-0.0031712762372931858
2025-07-24,0.0076897126308126396,0.008682553868732734,0.0040782699962464974,0.004063709891062528,0.0064227657357929235,0.00480079278808887
2025-07-25,-0.01855291256768543,-0.015226822067478607,-0.01236836136090591,-0.022915336002362507,-0.019745416849127895,-0.012610488509375184
2025-07-28,-0.012179051505803451,-0.01179603106755489,-0.010523238712043415,-0.015710363555815676,-0.01586860777138821,-0.012506526996358569
2025-07-29,-0.005422126391719351,-0.007891766369547581,-0.009281075987731313,-0.009650602942186892,-0.006369427341822775,-0.006469113668609694
2025-07-30,0.010394511347159296,0.010345429853849453,0.008402092556852203,0.014087127536227095,0.01568602498898075,0.013707717409312759
2025-07-31,-0.009520663414407049,-0.010802977140346726,-0.01174582451899664,-0.01772093065811664,-0.014973187499225604,-0.016592787447280988
2025-08-01,0.0015384131592637296,0.002699995939746458,0.005567339216640432,0.007236271322526022,0.005094360135804887,0.005676966172397879
2025-08-04,-0.00774266820460312,-0.009553178639795212,-0.009992372179277953,-0.013911113111981122,-0.008306979526193414,-0.00852750327560503
2025-08-05,0.004983691922914479,0.0022385287158717126,0.0033808012253218056,0.008110989436280747,0.007527129029920365,0.004319457466641197
2025-08-06,-0.003003758846346183,-0.0030957160470581613,-0.0011689799846589244,-0.007021613301800844,-0.004318153098933464,-0.003335193327472896
2025-08-07,-0.00969827789966804,-0.008376905323348227,-0.0056771980493924845,-0.02116838592082404,-0.01551527674850528,-0.010323563376086975
2025-08-08,-0.002341334870805234,-0.0018611235779534274,-0.0015473628936041317,-0.00014041262755448702,0.0015586310366937361,0.0005684049968213145
2025-08-11,-0.00420867515991985,-0.004428075910500651,-0.0049522469914543565,-0.010221260784957997,-0.009076385539902643,-0.00812318801090095
2025-08-12,0.003251568683672712,0.004380637902622109,0.004423603843870971,0.005547641142177984,0.006784826352591811,0.00828485782856081
2025-08-13,-0.00048108905467481033,0.0007874155217735268,0.0007049169459925064,-0.0011634115584658877,-0.0017897878387144184,0.0008329763593641903
2025-08-14,0.0011887318205767716,0.004344372809069963,0.0050000166548818115,0.001453226323456569,-0.0004209326752463438,0.0026701556358299516
2025-08-18,0.004292065670034484,0.0047678636817267694,0.0049376489498689224,0.007804109608612553,0.011135522952582688,0.010276157244597295
2025-08-19,0.0028656854071842375,0.001201850537458915,1.913863131175475e-05,0.0055609559304830025,0.0043460465545237525,0.004180785818682642
2025-08-20,-0.0010471674830555555,-0.0005250271877962343,-0.0005960948602015126,0.003924948418305929,0.003169402138835986,0.00268581942484869
2025-08-21,0.0025649400681850842,0.002779177575978231,0.0013188776284500658,0.006012355803923786,0.003999684427940631,0.0028363478339288317
2025-08-22,0.0003807901889398835,0.00047328807398550055,-0.00010280032824905305,-0.00733503009288794,-0.006468099257466942,-0.0036695937229689335
2025-08-25,-0.0025601966165348378,-0.0022849951043675265,-0.001270815260638658,7.757403679975461e-05,-0.00468502906115853,-0.0025970001781626673
2025-08-26,-0.0022784455494745393,-0.002853628082177706,-0.002887690413335142,-0.004134383574909584,-0.0037510190177560965,-0.004338884560907252
2025-08-28,-0.011830851036608636,-0.009521623751521657,-0.009997336160978865,-0.0019078004090082867,-0.0008215250624739046,-0.0023195784651333096
2025-08-29,0.0007989407736839205,-0.0013661630805844593,-0.0022931565147548127,-0.011783488508483875,-0.010077513822765338,-0.011526843997560543
2025-09-01,0.004649559985766993,0.0032865036489369004,0.0010509991558855791,0.0017546965870960385,0.0033263172521753592,0.0022599464985935125
2025-09-02,0.01453670625778547,0.010909883290216138,0.009095760340771086,0.010343666116584105,0.012234171654796011,0.011324547216372993
2025-09-03,0.007073241116980489,0.005660672255240584,0.0040151762023437065,0.012514427982940335,0.007644587963456351,0.005997087975948112
2025-09-04,0.017879248018580096,0.014131653497986285,0.013494428648805235,0.01905505675314223,0.021298538753506957,0.019704556858782585
2025-09-05,-0.017267273781330084,-0.011081627730622268,-0.010660485082092719,-0.015785736355859226,-0.014785410451065406,-0.014455088107780623
2025-09-08,-0.003726226163879409,-0.0032248971210546706,-0.0026826019591577044,-0.0012177735898867281,-0.00037626711779326083,-0.0009222161612034707
2025-09-09,-0.0015442425120931746,-0.002524177200331046,-0.002279664744034293,0.010638199151549177,0.007434942186453686,0.007101297304753285
2025-09-10,0.003046173432811994,0.003414730641426722,0.0028208475569899694,0.007153967743100509,0.004866148158703787,0.003001721440613503
2025-09-11,-0.005015970728616037,-0.0023672373857217544,-0.002309600745949547,-0.012422574664227914,-0.009679838981163869,-0.008975838930421864
2025-09-12,0.0003501824825906663,8.122089775497443e-05,0.0012099762246755574,-0.0008495879199545975,-0.00013141085346402015,0.0002543407364090644
2025-09-15,-0.0012705824616386918,0.00036476713822986007,0.0016917304449011183,-0.0010932250635293794,-0.0016965204692207525,-0.00025118887740083196
2025-09-16,-0.0015089634991442002,-0.0012385190901494925,-0.0013606845953897384,-0.002991172772384143,-0.003658749100610592,-0.003919688868093796
2025-09-17,0.0052084472429456685,0.0038907876695353227,0.004530960579683718,0.008476864452297006,0.0070877488271727795,0.007764196365017462
2025-09-18,-0.0028869004683568233,-0.0034318483261138732,-0.0007658314056248061,0.0014026283457375666,0.0008840323992964638,0.0011974478904970276
2025-09-19,0.0018404787257597643,0.0013700513559105065,-0.0001565498782600816,0.002368776696946684,0.0004792375758413403,0.001543424896762291
2025-09-22,-0.002486435650443042,-0.005621955636067821,-0.003762470057160572,-0.0011550059023944792,-0.001988902037769469,-0.0022943610199372966
2025-09-23,-0.003529080783973959,-0.001249730572537966,-0.00016476224611094992,-0.00028847667032783075,0.0005736368560511629,-0.0012711956473110408
2025-09-24,-0.008772331303065206,-0.0074239356012135715,-0.005762385420270633,-0.005885895363527682,-0.008469669071987207,-0.005603440040096053
2025-09-25,-0.00011855809651262206,0.00043164215835966857,3.06421667328749e-06,-0.001224525489356143,-0.0030337475265490577,-0.0021957694928487204
2025-09-26,-0.011369390836801663,-0.01234582460920719,-0.008919859055333879,-0.01244165517560858,-0.010178460584680082,-0.010658576160089361
2025-09-29,-0.005609285320168911,-0.00630750932139279,-0.007115455636158119,-0.002812502521253424,-0.004744330230883387,-0.0013410439683155806
2025-09-30,-0.0019558351992657874,-0.0018737802168262707,-0.0013575120162782062,-0.002748628591781377,-0.0019744724227335197,-0.0027675918948245615
2025-10-01,-0.002830368440160713,-0.0025755449272263364,-0.0012574731736511024,0.0007207362409775708,0.0020036821208770927,0.0016497607853229734
2025-10-03,0.0031888167533167255,0.0023738965773980603,0.0024684234144796147,-0.00028652314712207527,0.00019547931045060807,0.00022210902039798697
2025-10-06,0.005811977153791892,0.005405360769918266,0.004899519517296946,0.005470096279974301,0.004127906312443308,0.006401212988374372
2025-10-07,0.0011568548607678864,0.00495201695154357,0.004301570304536595,0.005592798284042022,0.005094526315202019,0.004734682180267846
2025-10-08,-0.0016696446906407925,-0.002229184236000048,-0.0030304757913638403,0.00016542996391777365,-0.0003154124898071542,0.0009626172036560909
2025-10-09,-0.0028469894061400325,-0.0019009082124156196,-0.002530958539003425,-0.0030817805548676303,-0.0035796957979572497,-0.0033327930333725275
2025-10-10,0.007556724126738024,0.0057608138546167975,0.006179146089545284,-0.0008033355484597937,-0.0006924720109435789,0.000852004323602884
2025-10-13,0.0005330095986437744,0.0009851118906225587,0.0009397318741486416,0.001345971018326786,-0.00012120934241643955,-1.4137977948913694e-05
2025-10-14,0.004932013997324569,0.005419214524399862,0.003943328116078559,0.004096423458869625,0.0059428922649360505,0.006026379993518294
2025-10-15,-0.0015340934453390576,-0.002924854910603236,-0.004123754790759548,-0.001601256083731406,-0.003574280224753479,-0.005852363615098
2025-10-16,0.005420406931613719,0.00949538375780179,0.009779475075637478,0.005323452751427871,0.007214173525808221,0.009119483275444873
2025-10-17,0.006268007801054187,0.007681177832208341,0.008132674563229747,0.0004949792099167016,0.0020285458071342966,0.002522418432910234
2025-10-20,0.0047960739977177536,0.007312239297894374,0.007346833253897289,0.011926599897548185,0.008964809412828068,0.007243919055850201
2025-10-21,0.008393674581615551,0.009048738628910868,0.0069368167892649435,0.005756142652180163,0.006836471860751203,0.00618537642965844
2025-10-23,0.001188733378393314,0.0015260988998584413,0.001437528540087607,0.004719351994293852,0.0025295664425541986,0.0026233992829296504
2025-10-24,0.001729531243889637,0.0011347528131320228,-0.001124852197838866,-0.00907612964181892,-0.006531272068471483,-0.004890130475923349
2025-10-27,-0.0016229601879310662,-0.0036961598342032387,-0.002024939001969317,-0.001709698247867486,-0.003161616843873727,-0.0009100598215003863
2025-10-28,-0.004871959578876428,-0.0026917512124078335,-0.003593413732166706,0.0048581458454965976,0.008146448019081376,0.008057904276124406
2025-10-29,-0.0006601693133626574,-0.0020102540501352184,-0.00033223415723171446,-0.0024703882004167843,-0.0024452627699587115,0.0013615602078553835
2025-10-30,0.005984268421637351,0.0023825241688046894,0.001529858351535296,-0.0036308910550809648,-0.0040490170932727665,-0.0006207093662548013
2025-10-31,-0.0015485308535266862,-0.0011442997188712,-0.0007219959895449213,-0.0014021145880075414,0.0010321204652519178,0.0011156569148387252
2025-11-03,-0.0028331502135788833,-0.006035364954778966,-0.004130319638491087,-0.0030377196581634625,-0.00035406295009265953,-0.0001153701567176979
2025-11-04,0.004717395702647842,0.00439285124120814,0.00394931421680611,0.0007742038825440112,0.0006068807771275608,0.0006094056929233371
2025-11-06,-0.0032769725843124764,-0.0011673035863816184,-0.00451106311170546,-0.007166896948703649,-0.00448834223558614,-0.005382232925328023
2025-11-07,-0.010755861488571772,-0.008296828090215258,-0.008174504115104786,-0.005332992403853654,-0.006465475661312281,-0.008644251144318882
2025-11-10,0.010246123235504223,0.0091607285713724,0.00902687458256124,0.004486163618551364,0.006335533685787986,0.00781452088268697
2025-11-11,0.0002437705404625401,-0.0030047504996452146,-0.002253275276237643,0.011907557584054151,0.0048464209794349955,0.004984655082292289
2025-11-12,0.0009045748328222469,-0.002140999451284764,-0.0003276219680808934,0.0064691531178784345,0.007834181801541495,0.006345907975472853
2025-11-13,-0.0031383738165888797,-0.0005240864115961807,-0.00024291776261053943,-0.004582888024622367,-0.0037225981473487657,-0.004117190722669251
2025-11-14,-0.003745005945855917,-0.00376315901213764,-0.0051581755473885105,0.008290553477258822,0.00776787989480332,0.006321226619817377
2025-11-17,0.0029699095966277955,0.00314569841184964,0.0048679407649907525,0.0031091883495333317,0.002738528598343004,0.0027669396981464534
2025-11-18,0.001955848672568594,0.001216224872449212,0.0018096359301769116,0.009855665841515648,0.009735978221373731,0.00812615434542674
2025-11-19,0.00033685915268066857,-0.0003129355314241966,-0.003257100973638516,-0.0043808652465811004,-0.004171320497105446,-0.005323127540192152
2025-11-20,-0.001176166964423131,0.00125968228115525,0.0022049280361198242,0.003645052202770449,0.003993282137555898,0.002764762539293475
2025-11-21,-0.002577619122113961,-0.0023217011779681496,-0.0027244721159352947,0.003315502565210071,-0.0011832939988050128,-0.00150635918343911
2025-11-24,-0.004208982847806686,-0.004343624008564251,-0.005132781481264503,-0.0020635165371200026,-0.0031285201892713443,-0.005108077091655394
2025-11-25,0.0017140205558792143,-0.0016176457784282672,-0.004934541544316273,0.00115446713556433,-0.0011138937813538474,-0.0030236142016266676
2025-11-26,0.0012761262273495166,0.0002945092204542643,-0.0006220709764113153,0.006125009678839,0.010341042792222366,0.007985421293181805
2025-11-27,0.014604329102147373,0.01628119972074127,0.018548210567049583,0.009069140302302436,0.010324492592256762,0.013780380237101708
2025-11-28,-0.003059633683581864,-0.001109481591655026,-0.00037263811712728856,-0.005396967666839281,0.0006916563227741257,0.0023908958487952603
2025-12-01,-0.002029813792751578,-0.0010186166722340184,-0.0008324422208602078,0.003932957486072475,0.0015729491227263193,0.002132932300288326
2025-12-02,-0.004476810047884139,-0.006237129706741951,-0.005659876863141289,0.0066158896967425385,0.0036149113613614947,0.0009891561414150374
2025-12-03,-0.00014104765535483121,0.0004796941602025484,-0.0008171884654047945,-0.0010659659699200352,0.0004102233775706843,-0.00143174563282511
2025-12-04,-0.007226683228942377,-0.007685825941394109,-0.007314699235438815,-0.004658193929505727,-0.0058410710440455205,-0.0054617276864958875
2025-12-05,0.0023434360661729325,0.00179803305013726,0.0020100309466350996,0.0005080559148060715,0.00045427947943621483,-6.42922399801682e-05
2025-12-08,0.00826370150740785,0.008237701978948575,0.007878177558312327,0.007842752960768973,0.008650245606511175,0.01109781562285872
2025-12-09,-0.020399229747550818,-0.01963240305490188,-0.022730480641114048,-0.01118056043463378,-0.013024871116982029,-0.015227619884541466
2025-12-10,0.00308695251952118,0.0029267780119877074,0.0018941090410458106,0.00037721512438659843,0.002504930877109013,0.002226334935888641
2025-12-11,0.004304518806353297,0.0027897511569792144,0.002479600144515315,0.0007266677222632634,0.0001975097832629391,0.0001454986477811282
2025-12-12,0.007378690534586063,0.0061139532315517275,0.005190788097060306,0.005022708561212452,0.006128202158359963,0.004615957017694017
2025-12-15,-0.0003534581668486192,0.0025035479093735713,0.002957563569277122,0.003617841668115629,0.002959605980478841,0.004038309494986736
2025-12-16,-0.0019514450675640616,-0.0029744052781375263,-0.0021947095144638773,0.0006922283733838963,0.0018743327307355617,0.003063083160312674
2025-12-17,-0.0010744071758180818,-0.00031534583700443264,-0.00039444857094528274,-0.006380854316963669,-0.005251502463615609,-0.005275105654332868
2025-12-18,-0.0029697048844045115,-0.002825410374330928,-0.0010926835141158442,-0.002213502725279315,0.0009086039326562378,-0.0006266089431505861
2025-12-19,-0.0005622530837660067,-0.00036097435902870956,0.0003185538804162391,-0.004414447472901539,-0.004264172335858407,-0.003141355009492419
2025-12-22,0.01261459385767738,0.010120597860931557,0.008693901240504065,0.01198295552261186,0.010710187426088424,0.009558528971850944
2025-12-23,0.0031364966995528487,0.0029723904642939836,0.0022674477158317607,0.007479244257817541,0.008676126079757429,0.007192781574273166
2025-12-24,0.003149383460413935,0.0007843793596322701,0.002191363931848933,-0.0021673739502051648,-0.0016626624149127522,0.0004656288147966148
2025-12-26,0.001773537830792593,0.0015458427241712425,0.0004276267509770726,-0.005078932463354668,-0.004051901854105089,-0.0034307937503859076
2025-12-29,-0.0019472022114743748,0.0012279674940609553,0.0008513191993537728,-0.005077806732359469,-0.0031141681425237433,-0.004002045897434359
2025-12-30,-0.001845688635303655,-0.0018532968489762824,-0.0006075987139563255,-0.0047633145465056925,-0.004855973926182866,-0.002992568601281498
2025-12-31,0.004402274955076058,0.002595995282139718,0.0005803122027112639,0.009892822494298015,0.010983704454826881,0.009371300677119221
2026-01-01,0.011016364732470585,0.010776920137967494,0.009060250344915088,0.011458218737189885,0.009852413409459526,0.009265285896004283
2026-01-02,0.011516929195889425,0.007098671553454228,0.005194805223280197,0.011661262884711476,0.010314820331107422,0.010069763885133698
2026-01-05,0.0015385831576697484,0.0011778670707103256,0.003348850465843878,0.00803920086366694,0.008927562851035686,0.008437041726151229
2026-01-06,0.005179381935575655,0.0054234629779859045,0.004734052146963208,0.004733404378905792,0.002369437304198252,0.0016054833739300722
2026-01-07,0.0011632899036524424,0.00526579769953095,0.006149496682031463,-0.0028219815940931925,0.000437022376768903,0.00045718003967487597
2026-01-08,0.003744709205414809,0.004674210198713169,0.0037161593699128748,-0.0005492823712300865,-0.0019166805744387228,-0.0017189829105305199
2026-01-09,-0.014778396496056945,-0.013638318414465611,-0.017824892822414284,-0.0114549057915726,-0.011885638507037277,-0.01567769962876131
2026-01-12,-0.006143347519746101,-0.00751474556828069,-0.008411220645090367,-0.005357753719344438,-0.004649792198475389,-0.0033785984919254552
2026-01-13,-0.00037119413197517215,0.002648632336329282,0.006354213919498974,0.0006751306293446557,0.002388028066814041,0.0036309198459825165
2026-01-14,-0.007716833767674958,-0.006133749534849575,-0.00718409617868454,-0.004451481807706936,-0.0010613729124941962,-0.0027475607563566262
2026-01-16,-0.0033870191555137596,0.0023729241686265556,0.004409538197270857,-0.0014168285403366454,0.0038805021593804057,0.0021040443924924546
2026-01-19,-0.003478732531931983,-0.008174969078957095,-0.0067927710032916755,-1.572098067403882e-05,-0.0017661391713862384,0.00032296539538667624
2026-01-20,0.0021888721680312084,0.003396263432440705,0.0032268096066421226,0.012864859935378892,0.008887701585943875,0.008062554071353478
2026-01-21,-0.02775773671315851,-0.024004158337639914,-0.022655912700814573,-0.02632565413367083,-0.022995138205316068,-0.023142984384105336
2026-01-22,-0.0017056836112708806,-0.0014730449677931023,-0.001161265563749736,0.009131687551558354,0.007918105320178004,0.007067716817746428
2026-01-23,0.01115692950253,0.00990096006411445,0.012232043565362671,0.005278675096968444,0.0073014203617862705,0.007287173641718825
2026-01-27,-0.0073046487101721125,-0.007121252789682564,-0.00801564238515795,-0.007662716318994178,-0.0064405570651575594,-0.0060983041968935
2026-01-28,-0.006161373585890084,-0.002542548122569044,0.0016386188433106241,0.010041420837826776,0.006722746737857888,0.004549144057900856
2026-01-29,0.003053951226729801,0.0009735947225115726,0.0036426630319674747,0.015611372897036846,0.016094997875789163,0.013802313973809932
2026-01-30,-0.004577414842267036,-0.0005878603975306707,-0.0005619163559593687,-0.0024680090764589435,-0.006210426153377191,-0.00461462051416317
2026-02-02,-0.009389969594299052,-0.009736389409229496,-0.01609929666083565,-0.04794745780918719,-0.04652826180662173,-0.04158454809789003
2026-02-03,0.025874940148972403,0.03015353594698489,0.030762265594258986,0.050772444392754856,0.05303467425419961,0.05040140930114023
2026-02-04,-0.011359666092653709,-0.011413493800703667,-0.009866082964315792,-0.010639499274004538,-0.020683635410960632,-0.017043240322127562
2026-02-05,0.007426513961114267,0.007658459365795345,0.00763137093638333,-0.007609581534044674,-0.0036426189133991205,-0.00018792833530734132
2026-02-06,0.0009167213713907607,-0.0005209370598456831,0.0001336960257161124,-0.010786225899795943,-0.007400556138962289,-0.004797401155014258
2026-02-09,0.007195133762409878,0.008073591472449682,0.007736824573256751,0.022560868099857023,0.016255824004227426,0.013575654503523493
2026-02-10,0.009170936029779142,0.0075313712479117,0.003924771472218147,0.016904706047907947,0.011874759197589846,0.011131118703198384
2026-02-11,0.0020689908413222824,0.005462215309920193,0.004044824169906258,0.011102931438517372,0.007963917816579569,0.007926090614818637
2026-02-12,-0.0022787901628142926,-0.0035104826661375155,-0.0035726974575084336,0.005553560371935218,0.001251098358612257,0.0015483587355422657
2026-02-13,-0.00279409716658352,-0.00279587619463606,-0.0038223891520398068,2.9264789602745367e-05,-0.007762536247294505,-0.008571625903802782
2026-02-16,-0.013383754915925694,-0.015038448539609783,-0.014879113879471051,-0.01378343692715922,-0.011425568255501117,-0.010087640687647115
2026-02-17,0.016212767094340608,0.014019936436646674,0.016123675219661404,0.004754482179224695,0.008873787992820015,0.008086716997400378
2026-02-18,0.004613180639892134,0.005220092101182017,0.005968374555859413,0.003903799490908133,0.005634963098203993,0.004579377568609155
2026-02-19,0.005850250631931342,0.004710703616355172,0.006439991337824802,0.004289887429233197,0.0047920747353820126,0.007096188750156385
2026-02-20,-0.02252234321391311,-0.019271617804874852,-0.01906189599500996,-0.016735232180088322,-0.01670445281566968,-0.015347424544729815
2026-02-23,0.01764099237720873,0.017489526919101994,0.01788293234954108,0.02402696972423546,0.023875908687407188,0.020223266347150215
2026-02-24,0.0014211064040781096,0.0012605625655233155,0.00021277530849284076,-0.006345135216040743,-0.0030989863019301733,-0.0029166211733605563
2026-02-25,0.010108219484715741,0.011631053453226015,0.009532742872210287,0.010278750826123284,0.010184492841506021,0.01030919749499093
2026-02-26,0.006779888734701034,0.006750115952243396,0.00852029047341163,0.011574120145700029,0.010796459552537607,0.01151067189881494
2026-02-27,-0.0027457554653687044,-0.0022983334951417467,-0.0028974721511251245,0.002264601709588865,-0.0006397600354330901,0.0018861871387811924
2026-03-02,-0.04406129672708026,-0.03979717639225788,-0.0395726621011806,-0.04324229729473439,-0.041016923847645104,-0.037323480051185354
2026-03-04,-0.004384616015449927,-0.001653690455270418,-0.0011875974963251323,0.006691991654257379,0.0028842258613723804,0.0012059663179648794
2026-03-05,-0.00905260551302256,-0.008383453269037333,-0.008708452211473316,-0.00273330095948332,-0.003511645798472962,-0.008994276981520222
2026-03-06,0.015000966700424945,0.013592015446282746,0.014356917401093128,0.006708760095342825,0.005621365825996927,0.00563255049616207
2026-03-09,-0.03348936797828339,-0.027749171812909146,-0.026706656342702972,-0.032138892618788995,-0.030291118629187985,-0.031996381343548985
2026-03-10,0.016238091146981493,0.014626423674498401,0.013868875925750812,0.011200760997222892,0.004630298218407214,0.006676288009320297
2026-03-11,0.015024777280076673,0.01024448289802371,0.009617624285464421,0.018896050012486842,0.012999179298826213,0.006605977029329857
2026-03-12,-0.013913373051652966,-0.011617792883879763,-0.010400113639976616,-0.02895737671585763,-0.0223051504539743,-0.0231757210515402
2026-03-13,0.008753590159110036,0.008308386554701341,0.008276908897862256,-0.013358216051046479,-0.00545140600583971,-0.005124639633609429
2026-03-16,-0.014970217546457554,-0.015495912064840134,-0.01832902833775385,-0.027194457635290603,-0.02697966441418631,-0.02838924438534307
2026-03-17,0.002023233342808961,0.002517881718955506,0.0017107146763826186,0.004488941716737083,0.0038004358439100994,0.003639341516153749
2026-03-18,0.006987747530773136,0.006247982729817192,0.007321109886055721,0.011820339252938128,0.012137501943554119,0.009642259339690318
2026-03-19,-0.006653702646604698,-0.00802664313633572,-0.008792315884650015,-0.012141727142714553,-0.013457553923107768,-0.013789081388623892
2026-03-20,-0.0071392269726446855,-0.005069255715910104,-0.004480556424089066,-0.01097529665664787,-0.007179012992550193,-0.009220854037037096
2026-03-23,-0.007396930066698282,-0.002762941115339035,2.160627768943435e-05,-0.008533066795969657,-0.005761787838501231,-0.0036930545109814528
2026-03-24,0.00010156025516616651,-0.0017844858245851247,-0.0035696826572566565,-0.0077280722481407604,-0.007717936976528783,-0.006768232950817743
2026-03-25,-0.0018871339969201983,-0.0010099612446400341,-0.002426374030281231,-0.0006004647658589546,0.0008851425203588725,0.0029614794740357997
2026-03-27,-0.0018866766481491215,2.4895019953952158e-05,0.0010971212725940926,0.005199778345751582,0.0063571084031719405,0.006038037232303006
2026-03-30,-0.00801525768344935,-0.00765040367317138,-0.007025028245988718,-0.01298031811037581,-0.01324587679696776,-0.012279963726638976
2026-04-01,0.010524496737686073,0.010742546701502986,0.01094600598314055,0.022259352257291143,0.019364926364689117,0.015775187502276244
2026-04-02,-0.008971516499319598,-0.014063421879245364,-0.015501457183779821,-0.033106486437988414,-0.028764568536451707,-0.02432956576569678
2026-04-06,0.012334381073132894,0.00801566004374843,0.006666255586798897,0.010121559593495144,0.012313306447290007,0.010379105729498406
2026-04-07,0.0010281926883684012,0.0021156905205723664,0.002562007139577327,0.003961355839619429,0.004145506957776046,0.0029115747690264815
2026-04-08,0.015412692272789963,0.015740825734412045,0.01762195216339868,0.023493210584337287,0.027267794019154135,0.0209782965667622
2026-04-09,0.0007318339085700121,0.0005494407611916774,-0.00012159128516975315,-0.0015913522733335128,-0.0019277188059461103,-0.0013305464707535908
2026-04-10,0.008442366830132775,0.007184996039953706,0.006015250651900672,0.015929327651411196,0.014522670552168826,0.01073611056814805
2026-04-13,-0.003074932872016989,-0.0036888874978533437,-0.006337474803458032,-0.010291883601247331,-0.009451317054405162,-0.007180197685072276
2026-04-15,0.020262969231969796,0.01870780133145633,0.016544656493696186,0.01737735969707077,0.02325582164885942,0.01912940995638368
2026-04-16,0.008656169965315597,0.0072786002090350355,0.005034219666792739,0.006162053873630002,0.007519918130541647,0.006107686186467731
2026-04-17,0.009220584637710028,0.00453760877122944,0.0033793578650194167,0.0015591812592994359,0.0048699961759006705,0.0027204789126751283
2026-04-20,0.012718388426583793,0.010097528726390026,0.010517833125150089,0.013774518380937018,0.013284636847819886,0.012483017901002258
2026-04-21,0.00953473279737671,0.009273757997044552,0.007982806462983216,0.00634549636728976,0.00827094279299101,0.006929012293164227
2026-04-22,-0.0008479015474934792,-0.00394573469350501,-0.002448969542062529,-0.006857446154039382,-0.005014415465892874,-0.004279875959465884
2026-04-23,0.01006499044139142,0.009671999608799053,0.0072544914328818155,0.004675961959076602,0.008131810223086289,0.005741311269042093
2026-04-24,-0.0001586828156555642,0.0012170326087674876,-0.0022486378952868424,0.0025380588081111988,0.0005361379080230932,0.0009189200895396432
2026-04-27,-0.009783414184056483,-0.007590915006148835,-0.0026772659984586333,-0.005075962874474649,-0.004582489034651305,-0.006151842627930115
2026-04-28,0.006358134064262888,0.006626771038323431,0.005701809602229435,0.009356473530490739,0.011804562137241348,0.008917057904082926
2026-04-29,-0.0005827656811310256,0.0017653594623350255,0.003272698176447708,0.008437161019310802,0.006671379363103913,0.0033015479432867423
2026-04-30,-0.013689125629490317,-0.013797701327912693,-0.013115678804965225,0.00762812175462213,-0.0008642203359531253,-0.0026627724661549834
2026-05-04,0.004075599646451433,0.0034350132574996195,0.0013319365807815675,-0.010273218691625119,-0.004999476532616232,-0.0007040554441476443
2026-05-05,0.0012773343636864887,0.0029276534890965156,0.0024151888488268547,0.006072781131692073,0.009150004531858436,0.0057382169219375445
2026-05-06,0.010772404419499892,0.008879619825904683,0.008515348956199098,0.010987944240506975,0.010680851431797533,0.009368312176188942
2026-05-07,0.001992400341118916,0.004915780425381433,0.0050306540846223324,0.0009221756919519652,0.001110466637553209,0.004146320794534475
2026-05-08,-0.0006004578834678531,0.0036785904563316763,0.0008965849520508051,-0.006120642612876703,-0.006089384113569074,-0.004003858958835038
2026-05-11,-0.015783761383126982,-0.015188664106900784,-0.014404160024547585,-0.013282457862165198,-0.014292800943038975,-0.012084505340105856
2026-05-12,-0.019011041578167243,-0.017740270762121924,-0.014901471235170605,-0.003600853211272903,-0.007876759814943735,-0.010331254555803304
2026-05-13,-0.02415707821807589,-0.017754153768423153,-0.01447168990541936,-0.002185999247047876,-0.008356797275370642,-0.011406456487989658
2026-05-14,0.013877782171570319,0.01195366251582497,0.01500499695610924,0.016689100341018337,0.016994655560996774,0.01376648438299699
2026-05-15,0.01853450798944767,0.018453004237296344,0.015068843448480918,0.01310101227226279,0.0149910948253269,0.014881611715109377
2026-05-18,-0.012226516082033512,-0.015611351002707718,-0.018130494141297415,-0.01711085995457995,-0.019667462445278505,-0.017258934394104974
2026-05-19,-0.0005001728585858345,-0.0004042423821504215,0.000353148803887926,-0.00039096858282028357,0.000708712319757776,-0.0011893261376769715
2026-05-20,-0.005997884993909963,-0.005618194381778019,-0.00733481307320194,-0.0016041914456611517,-0.002893977113838875,-0.004834371158592088
2026-05-21,0.0229839784758894,0.021831405842397178,0.022778763105400834,0.02070486575285635,0.01880955112194771,0.020745114801365983
2026-05-22,-0.00625817240937232,-0.00542640546697204,-0.005515844496256084,-0.0029382154971544505,-0.00588420755774699,-0.007357883586243341
2026-05-25,0.008064118259896391,0.008089107588540978,0.009859891918594599,0.006512861749758736,0.005925488235301701,0.00830780089630978
2026-05-26,0.0018326649581961174,-0.000573052818949038,-0.002294535375810147,-0.004329990792822036,0.0009408853527990146,-6.390707803560769e-05
2026-05-27,0.005555908091311679,0.003873750584558522,0.0015098299910640822,-0.00446359465527546,0.0011169386184541885,0.0025221328041047375
2026-05-29,0.018982429122084588,0.020348052007733264,0.021923762756530074,0.03123763907250443,0.025683194386125985,0.02597040335792311
2026-06-01,-0.008664423165924973,-0.011845065104122643,-0.013246095746984765,-0.013383015415643795,-0.015645216459943323,-0.012764131107567356
2026-06-02,-0.02686278869056602,-0.02171511496508549,-0.01750527545742242,-0.02960076989016791,-0.029678206432060983,-0.028131626964270295
2026-06-03,0.0075078944299078465,0.005404380608232895,0.007924400621464711,0.00933750406028433,0.009747711088055055,0.009393829581246793
2026-06-04,-0.007027763183948155,-0.004863549321887706,-0.004520191685715047,0.00305499532201714,-0.0021537115882146463,-0.001481492417155006
2026-06-05,0.010961806977674016,0.007909353187292023,0.005639135232092807,0.009287463212269698,0.008651239874539307,0.007733879564969071
2026-06-08,-0.010892945819020672,-0.01269082070022276,-0.018626326091204515,-0.019483315635158815,-0.017480079489794353,-0.018278788705514137
2026-06-09,0.0014740043923242574,-1.509394013188281e-05,-2.366279549448347e-05,0.0004734080847430544,-0.00046085443817556193,0.0011224354811496529
2026-06-10,0.0006878396758256411,0.0016037220438520627,0.0012797038887346623,0.002937819010945031,0.002128198793153846,0.004065041869359964
2026-06-11,-0.0151407294863245,-0.013051295472995328,-0.014388707139300294,-0.019190360493141156,-0.0210193376300023,-0.016114834481947393
2026-06-12,0.0021963710464520947,0.0041227272072073,0.005770545570990437,0.016673939136564897,0.013565558239227116,0.012007792273864615
2026-06-15,0.012210788676128903,0.010694271057074323,0.008161378685692222,0.0024792973379303973,0.00711883277561598,0.007451227556687812
2026-06-16,-0.0029819381542764978,-0.0036492926608510112,-0.0037764470536640893,-0.006044544051164391,-0.012084575161515065,-0.011975620803768017
2026-06-17,0.006335737298200694,0.004108189342237001,0.002743682575546691,-0.0038881217239122856,-0.003344857229805598,-0.001643095149635454
2026-06-18,0.0011234946914306931,0.004621349435204314,0.008913352601509716,0.007860486192872829,0.008023100778564274,0.0076745668891218255
2026-06-19,0.009042597433695176,0.007623106024960968,0.006063973712084669,0.002783883717154545,0.005540547781781147,0.005152000645930688
2026-06-22,0.006256020893752989,0.006135747453416274,0.005863851593019831,-8.953439343117875e-05,0.00754258667832608,0.006059497626657251
2026-06-23,0.0035107783320869057,0.0017200534723569305,-0.00048111782031690087,-0.0022630886633363545,-0.0008249208365095351,-0.001905318654861543
2026-06-24,-0.007500725690504972,-0.009878066287117404,-0.009985194568381428,-0.008231348030312224,-0.013452616432576558,-0.011514151835191444
2026-06-25,0.0048850488810543435,0.006826315050278087,0.008567583935060963,-0.0022516895213975374,-0.003297743339853998,-0.0024904000848581243
2026-06-29,-0.003134819489320262,0.0006309442745675575,-0.0014530197231824582,-0.0022056664566234563,-0.0017096188986175376,0.0015324835528272018
2026-06-30,-0.0039113981766184525,-0.005602185873975207,-0.004639654734160059,0.008651288398321855,0.002794541688577734,-0.0005020022080057807
2026-07-01,-0.0011582125892765083,0.002580791540075733,0.0023952775430919893,0.0040239608879253375,0.0018280014886546958,0.0028752655747079636
2026-07-02,0.003741592468269994,0.004808659938115856,0.005258335211963283,0.004996056729049014,0.00623544083996741,0.00832266260857839
2026-07-03,0.003947233662855876,0.0039484018327577974,0.005427154468437223,0.003423501791194994,0.0015741459272491376,0.0031446578586922236
2026-07-06,-7.157710746730217e-05,0.0009855744945552747,-0.0003644975702856712,0.0027884538896427724,-0.0005288105661934717,-0.0005323675238225745
2026-07-07,0.0023500365813688973,0.0022066008509054047,-0.003227537441199302,0.005475536406055914,-0.0004472730514505363,0.0012966006429318
2026-07-08,-0.01186234867436442,-0.015837951674355866,-0.015808460830409765,-0.016133649576744125,-0.018401078069518295,-0.017203985967693902
2026-07-09,-0.012449213441551477,-0.014498564926248014,-0.015725090088362315,-0.008690053903986694,-0.005857422977183835,-0.0066951664451796455
2026-07-10,0.007016500357988953,0.010617427869281215,0.009445131757972902,0.009126100020605765,0.005517362168449669,0.007263176912981839
2026-07-13,-0.006139230247281802,-0.004217453180421327,-0.0040958095830777586,-0.006878632440845522,-0.007944191222395758,-0.007205352809646959
2026-07-14,0.01080983132606761,0.007117558033237437,0.004868748856415861,-0.0038500055629799856,-0.0009374959776053959,-0.002275362552447091
2026-07-15,0.012188663488662765,0.008648100904645961,0.006243277185585816,0.010896583198485299,0.013262535857623936,0.010623768946273593
2026-07-16,0.004501054827748208,0.0020330106590740193,0.002863568008263595,0.008924972055811109,0.002760983406102202,0.003762538809668259
2026-07-17,0.0056187375293494934,0.002481449544230463,0.0018383992624739776,0.0036749726576525976,0.0004153746697022065,-0.00047573871069039875
2026-07-20,-0.007285210880509485,-0.007741863970816776,-0.007714381420184546,-0.011658650249208535,-0.010339850224421299,-0.007495165553183303
2026-07-21,0.007976625785132363,0.007966895548353836,0.007947958518266018,0.012654021394770565,0.012510800249946996,0.0114109214443181
2026-07-22,-0.0010583865234519152,-0.0009288602750572306,-0.0001986520286153537,0.0026828565044036967,0.0037909181428010807,0.002122116849186728
2026-07-23,-0.00037018522128884346,-0.005222810920056831,-0.007826366985448585,-0.008251946064056326,-0.004263930946825756,-0.003980052945830259
2026-07-24,-0.00451545505001727,-0.009168383867596441,-0.010311383618695769,-0.010758101070953097,-0.011020915701272505,-0.011092048623888129
2026-07-27,0.005896242737787771,0.010048899177989457,0.011728828477942876,0.007050999327967045,0.008177093105505406,0.008070940439438568
2026-07-28,0.0033310502968721956,0.007315544191829337,0.008642314008113106,0.004565042363301908,0.003928689444437028,0.003355071321653025
2026-07-29,0.00979947658163871,0.010727234876891645,0.010756627084603121,-0.005305785609313718,-0.003986586530371983,-0.0014962260954727302
2026-07-30,-0.0031195714369938177,-0.0034517448677546803,-0.0011543691597711847,0.0007233737605323309,0.003380498785163333,-0.0005049635972198541
2026-07-31,0.0064795577749039435,0.002688492977660273,0.002960898843827442,0.009060836552414742,0.007001211842004196,0.005985927259010149
2026-08-03,0.0031296294153027038,0.006467622403555584,0.011091468774278468,0.005937956608800921,0.006188425186707036,0.007526648803380942
2026-08-04,0.010092422383445543,0.007526926988194127,0.006222520854303193,0.0010931097857631578,0.003226824503481218,0.0032549492865190377
2026-08-05,0.004440835474280647,0.0029186628713002705,0.002405281171772522,0.0070426707659485555,0.006111865483353629,0.004967220815641937
2026-08-06,0.008816263472805952,0.0045078204264490385,0.0030606013542255894,-0.009685283943903222,-0.0024550368978975,-0.0017131491335556914
2026-08-07,-0.009362743630795367,-0.00881320616088288,-0.009069314194787181,-0.0018283318990474084,-0.006604549535474291,-0.004330828140519216
2026-08-10,0.005527501708729732,0.0029479517292221313,-0.0008854910335888144,-0.00022499724567359713,-0.0016413562137241877,-0.001382294823669361
2026-08-11,0.00361710766402612,0.005134917175224407,0.0049811014289276034,-0.00019874881150350188,0.0013679707852813916,0.004179445320129593
2026-08-12,0.0015717699505388705,0.0006398353539232016,-0.0005968503701229144,-0.004089058675146751,-0.0004908313768886563,0.0006335171968934183
2026-08-13,0.0052065197669382,0.0041013472999014144,0.00244000122508492,0.002979444896636707,0.003531946901922378,0.004034904821275109
2026-08-14,-0.004555305193386205,-0.0019592700445674183,-0.002326003024440193,-0.0046191029671760475,-0.0053786793857928394,-0.004669397253588392
2026-08-17,-0.0025507117714975713,-0.0033187330596421427,-0.002563169236654894,-0.004808443180079558,-0.0010596020232803705,-0.002056018271956672
2026-08-18,-0.003877267050977906,-0.003217882140421735,-0.004396985026844269,-0.00445446666862459,-0.003396458072065456,-0.003182518639508136
2026-08-19,-0.0006856315976039307,-0.0028498010317475897,-0.0024284010669113343,-0.0027476917351422214,-0.005772686369473368,-0.0028317171668369445
2026-08-20,0.0031772877277562728,0.004641413702254127,0.00507716513164036,0.0009161781935018709,0.0017550847924177049,0.00233390829045943
2026-08-21,0.005125220008190823,0.004703320206984607,0.0039841567662184385,-0.003812633569533319,-0.0014192382214637256,-0.0012926908970760653
2026-08-24,-0.0009166934833579887,-0.003026188310298772,-0.005601571550853834,-0.004219599814192843,-0.005524847778844655,-0.004953006990680686
2026-08-25,-0.0030871449774180215,-0.0026603186964990755,-0.0018756556188911366,-0.00046469014640182493,-0.0010948965337729266,-0.002014674981657971
2026-08-26,0.008986468142722748,0.010146253121802173,0.009065521691997924,0.017770324373115765,0.014274039228849844,0.014193019771567172
2026-08-27,-0.0016080676617403755,-0.003527878701805043,-0.004060571130752644,0.002597264013088685,-0.0012454606678563573,-7.281753877474983e-05
2026-08-28,-0.0022508756335444247,-0.0014240667385900796,-0.0025573725907672706,0.005394616967570043,0.0027612015667528578,0.0012878364345449977
2026-08-31,0.006104967848661325,0.004551038474536195,0.0038252198469854726,-0.0019116057932370145,-0.0009522558909438317,-0.0034415347761083126
2026-09-01,0.0028835866816889766,-0.0032020776739192236,-0.0019737545227931363,-0.005369675270992302,-0.0053476647097090435,-0.0023631815218879693
2026-09-02,-0.013613582168434779,-0.013272552573168062,-0.0121059735993293,-0.015323160411216064,-0.018739884659176087,-0.020412076410640467
2026-09-03,-0.00020757189962805622,0.001679382405442631,0.0028535809996943495,0.0054580775000772075,0.0048603968050640045,0.005414350795538203
2026-09-04,-0.003080182521651098,-0.001094883542746783,-0.0023263614349706696,-0.005311078590150675,-0.00302672782920943,-0.0030137739391130625
2026-09-07,-0.005140693971428023,-0.004584676424521872,-0.005051672239131388,-0.008608872608429907,-0.0065513067941574965,-0.007641963156836296
2026-09-08,-0.001057649789638626,-0.002723080948773604,-0.0026012993841125764,0.00789034976092351,0.003060078768955199,0.0008783204728850524
2026-09-09,-0.009110432423109383,-0.007285918918769063,-0.007580655604952358,0.005401086360897089,0.0036268169402802197,-0.0008449020846423849
2026-09-10,0.0019294695460190248,-0.00142405360444664,-0.0021130424406244908,0.007173411419704401,0.002438177459489266,0.0007902858722885764
2026-09-11,-0.01139573410635697,-0.007374641252546943,-0.00725088605640789,-0.015518559824442169,-0.014453564668723606,-0.013166797144199771
2026-09-15,0.009076287077813827,0.008170668257065028,0.00858067656716055,0.006610440893862979,0.007907221001812292,0.006529883306124251
2026-09-16,-0.02514595004217912,-0.022726799734966052,-0.018711639538324887,-0.025759660175678212,-0.02965280643694046,-0.026612998604433447
2026-09-17,0.004249351232588072,0.001015543101999361,-0.00044279598604757275,0.00162192480621548,0.0037989303831398313,0.0022080434002877958
2026-09-18,0.008031775259667473,0.007781921036297268,0.007417615786633025,0.012902917230562805,0.01226374033825195,0.011929749123200883
2026-09-21,-0.0009311776388778448,-0.0003083335180640301,0.0001762251732682074,0.004191459033307865,0.0044109211373382085,0.004254057647272269
2026-09-22,0.003783420195417442,0.0045964445972672685,0.0039978304056671465,0.00621019563730929,0.0065689596637659164,0.00471251101630199
2026-09-23,-0.0015557405922521639,-0.0007703371717336926,-0.0011256199659541721,-0.005899412559010608,-0.004351561301219831,-0.004371262416196675
2026-09-24,-0.0071005322725034015,-0.010973857331345593,-0.01079695029368044,-9.976387970878076e-05,1.7058776269784914e-05,-0.004135308025458029
2026-09-25,-0.00044497940960841476,0.0022814449669750214,0.002061043378948524,-0.0042113715356217885,-0.0034445132408146284,-0.0025927086422833368
2026-09-28,0.002297984312600976,0.0038503874785684733,0.0028919211273243928,0.004823419116762873,0.0043465180624222555,0.005465025303049709
2026-09-29,-0.01019033669706948,-0.009933331385548971,-0.007585876851138096,-0.009188091097437123,-0.011087133881801936,-0.011857322646081525
2026-09-30,-0.008332632432914489,-0.007699825883924483,-0.005882090273940488,-0.010378981919708208,-0.009924183824019828,-0.007866203152283036
2026-10-01,-0.0003803994216095008,-0.00010100077704344734,-0.00010315158169704741,-0.012817601684044111,-0.011502443535068907,-0.008955027720818132
2026-10-05,-0.008698772447260583,-0.003904286588175987,-0.0030021114183231834,-0.01259326484577128,-0.010481465794485723,-0.011096772739653593
2026-10-06,-0.0012811200006229706,0.0009829278460866675,0.0007861447179835501,-0.002374256309328193,0.00032016671136392283,0.0010983013983232315
2026-10-07,-0.0047926566675150495,-0.004067369445393876,-0.003040763027524207,0.005987699821572656,0.005996860230736534,0.0034961684482766042
2026-10-08,-0.006511530805014321,-0.0055722183146184046,-0.004195172719586471,-0.003950730826001947,-0.0042003076134113915,-0.004757434270772021
