session,side,break_time,entry_time,entry,exit_time,exit,reason,ret,prev_level,ret_net,strike,expiry,iv,dte,prem,prem_lot,opt_pnl,opt_ret,period
2026-04-13,SELL,2026-04-13 09:30:00+05:30,2026-04-13 21:30:00+05:30,270511.32363687735,2026-04-13 21:30:00+05:30,273216.4368732461,stop,-0.010000000000000009,267832.99369987857,-0.01100000000000001,271000,2026-04-27 23:30:00,0.5616155949646189,14.083333333333334,12307.395284932425,61536.97642466213,-8112.483949036521,-0.13183104566355144,6M
2026-04-15,BUY,2026-04-15 09:30:00+05:30,2026-04-15 14:30:00+05:30,283622.164708089,2026-04-15 19:30:00+05:30,289294.60800225084,target,0.020000000000000018,286487.0350586758,0.019000000000000017,284000,2026-04-27 23:30:00,0.5731560598768046,12.375,11905.747766262732,59528.73883131366,13061.880527949961,0.219421422062432,6M
2026-04-16,BUY,2026-04-16 09:30:00+05:30,2026-04-16 13:30:00+05:30,287759.2713160384,2026-04-16 17:30:00+05:30,284881.678602878,stop,-0.010000000000000009,290665.930622261,-0.01100000000000001,288000,2026-04-27 23:30:00,0.5720808875301535,11.416666666666668,11643.686060807926,58218.43030403963,-9252.434225970173,-0.15892620563024987,6M
2026-04-21,SELL,2026-04-21 09:30:00+05:30,2026-04-21 11:30:00+05:30,286961.44088631374,2026-04-21 19:30:00+05:30,281222.2120685875,target,0.019999999999999907,284120.23850130074,0.018999999999999906,287000,2026-05-26 23:30:00,0.5057045842651549,35.5,18212.186614516715,91060.93307258358,10650.872619726299,0.11696423768507419,6M
2026-04-24,SELL,2026-04-24 11:30:00+05:30,2026-04-24 12:30:00+05:30,272140.3368841756,2026-04-24 16:30:00+05:30,274861.74025301734,stop,-0.010000000000000009,269445.8781031442,-0.01100000000000001,272000,2026-05-26 23:30:00,0.5212430179805863,32.458333333333336,16937.805838291682,84689.02919145841,-8892.053958747341,-0.10499652722012993,6M
2026-04-29,BUY,2026-04-29 09:30:00+05:30,2026-04-29 12:30:00+05:30,268982.39973584405,2026-04-29 17:30:00+05:30,266292.5757384856,stop,-0.010000000000000009,271699.3936725698,-0.01100000000000001,269000,2026-05-26 23:30:00,0.4432118379009689,27.458333333333336,13159.276883315431,65796.38441657716,-8971.17351239674,-0.1363475150184162,6M
2026-04-30,BUY,2026-04-30 16:30:00+05:30,2026-04-30 18:30:00+05:30,269420.7041731826,2026-04-30 22:30:00+05:30,271432.09760139155,time,0.007465623083354522,272142.12542745715,0.006465623083354522,269000,2026-05-26 23:30:00,0.40690919962760214,26.208333333333336,12038.602404921801,60193.01202460901,3270.9684917818245,0.05434133268567019,6M
2026-05-01,BUY,2026-05-01 09:30:00+05:30,2026-05-01 12:30:00+05:30,269649.8990060267,2026-05-01 17:30:00+05:30,275042.8969861472,target,0.020000000000000018,272373.6353596229,0.019000000000000017,270000,2026-05-26 23:30:00,0.42139217781590144,25.458333333333332,11922.133492269435,59610.66746134718,12508.804464049586,0.2098417111695748,6M
2026-05-04,SELL,2026-05-04 15:30:00+05:30,2026-05-04 16:30:00+05:30,271557.8471547696,2026-05-04 19:30:00+05:30,274273.4256263173,stop,-0.010000000000000009,268869.15559878177,-0.01100000000000001,272000,2026-05-26 23:30:00,0.38951764552759466,22.291666666666664,10772.572599498098,53862.86299749049,-8040.878258971517,-0.14928427141621023,6M
2026-05-07,BUY,2026-05-07 09:30:00+05:30,2026-05-07 20:30:00+05:30,283073.8565123172,2026-05-07 21:30:00+05:30,294408.4959077261,target_gap,0.04004127945639424,285933.18839628,0.03904127945639424,283000,2026-05-26 23:30:00,0.4338497134724043,19.125,11375.884509419158,56879.42254709579,31434.403757174172,0.5526498397754775,6M
2026-05-12,BUY,2026-05-12 09:30:00+05:30,2026-05-12 11:30:00+05:30,315950.85042240197,2026-05-12 11:30:00+05:30,312791.34191817796,stop,-0.010000000000000009,319142.2731539414,-0.01100000000000001,316000,2026-05-26 23:30:00,0.5039932265339079,14.500000000000002,12789.22373042627,63946.11865213135,-9736.742860885646,-0.15226479833520148,6M
2026-05-18,SELL,2026-05-18 09:30:00+05:30,2026-05-18 16:30:00+05:30,284821.7504653862,2026-05-18 16:30:00+05:30,287669.96797004004,stop,-0.010000000000000009,282001.73313404573,-0.01100000000000001,285000,2026-05-26 23:30:00,0.603234007107503,8.291666666666668,10560.76657598031,52803.83287990154,-8128.015766522315,-0.15392851850373993,6M
2026-05-20,BUY,2026-05-20 19:30:00+05:30,2026-05-20 20:30:00+05:30,283782.86539920064,2026-05-20 22:30:00+05:30,283801.27355114074,time,6.486703104569003e-05,286649.3589890916,-0.00093513296895431,284000,2026-06-25 23:30:00,0.597097100304059,36.125,21314.6006514301,106573.0032571505,-3363.1110161141255,-0.03155687569392465,6M
2026-05-27,BUY,2026-05-27 09:30:00+05:30,2026-05-27 10:30:00+05:30,281275.7739082569,2026-05-27 11:30:00+05:30,278463.01616917434,stop,-0.010000000000000009,284116.94334167364,-0.01100000000000001,281000,2026-06-25 23:30:00,0.5883983891941558,29.541666666666668,19073.72283289518,95368.61416447589,-10225.069891417274,-0.10721629941882953,6M
2026-05-28,SELL,2026-05-28 09:30:00+05:30,2026-05-28 18:30:00+05:30,274881.1456802873,2026-05-28 20:30:00+05:30,277629.9571370902,stop,-0.010000000000000009,272159.5501785023,-0.01100000000000001,275000,2026-06-25 23:30:00,0.5896982690166183,28.208333333333332,18199.329938055133,90996.64969027566,-9087.252135502551,-0.09986359021384562,6M
2026-05-29,BUY,2026-05-29 20:30:00+05:30,2026-05-29 21:30:00+05:30,278634.276441515,2026-05-29 22:30:00+05:30,277369.9180692217,time,-0.004537698622153141,281562.6682039891,-0.005537698622153141,279000,2026-06-25 23:30:00,0.5865733371279226,27.083333333333332,17749.434439929817,88747.17219964908,-6052.370971944714,-0.06819790221967936,6M
2026-06-01,SELL,2026-06-01 18:30:00+05:30,2026-06-01 22:30:00+05:30,276923.38091536186,2026-06-01 22:30:00+05:30,277157.5305600925,time,-0.0008455394555586526,274181.56526273454,-0.0018455394555586526,277000,2026-06-25 23:30:00,0.5802341378263288,24.041666666666664,16652.754826942717,83263.77413471359,-3120.866960988442,-0.03748168988759924,6M
2026-06-02,BUY,2026-06-02 10:30:00+05:30,2026-06-02 19:30:00+05:30,277774.3910764392,2026-06-02 22:30:00+05:30,277096.3483485178,time,-0.002440983581293521,280580.1930065042,-0.003440983581293521,278000,2026-06-25 23:30:00,0.5689315396539029,23.166666666666664,15934.443781090195,79672.21890545098,-4417.254304602608,-0.05544284275356601,6M
2026-06-04,SELL,2026-06-04 10:30:00+05:30,2026-06-04 16:30:00+05:30,273403.9298446663,2026-06-04 16:30:00+05:30,276137.96914311295,stop,-0.010000000000000009,270696.96024224383,-0.01100000000000001,273000,2026-06-25 23:30:00,0.5541546130644268,21.291666666666668,14536.035729219944,72680.17864609972,-8344.719971507277,-0.11481424684080745,6M
2026-06-08,SELL,2026-06-08 09:30:00+05:30,2026-06-08 17:30:00+05:30,253808.88405601183,2026-06-08 22:30:00+05:30,253186.37376012513,time,0.002452673389278681,251295.9248079325,0.0014526733892786812,254000,2026-06-25 23:30:00,0.5812260242973074,17.25,13039.377123018005,65196.885615090025,-937.9384767039669,-0.014386246641310088,6M
2026-06-10,SELL,2026-06-10 09:30:00+05:30,2026-06-10 11:30:00+05:30,239499.18412733052,2026-06-10 13:30:00+05:30,234709.2004447839,target,0.020000000000000018,237127.90507656487,0.019000000000000017,239000,2026-06-25 23:30:00,0.5129877205494375,15.5,9957.63282328296,49788.1641164148,10274.178746782924,0.20635785490623462,6M
2026-06-11,SELL,2026-06-11 17:30:00+05:30,2026-06-11 18:30:00+05:30,235901.43041676265,2026-06-11 21:30:00+05:30,238260.44472093027,stop,-0.010000000000000009,233565.772689864,-0.01100000000000001,236000,2026-06-25 23:30:00,0.5129528215477615,14.208333333333334,9690.839780884098,48454.19890442049,-7071.57447586802,-0.14594348138573557,6M
2026-06-12,BUY,2026-06-12 09:30:00+05:30,2026-06-12 12:30:00+05:30,244024.94796567742,2026-06-12 20:30:00+05:30,248905.44692499097,target,0.020000000000000018,246489.8464299772,0.019000000000000017,244000,2026-06-25 23:30:00,0.4997918990153367,13.458333333333332,9468.888342706248,47344.44171353124,11381.416600657745,0.2403960462671353,6M
2026-06-16,SELL,2026-06-16 09:30:00+05:30,2026-06-16 13:30:00+05:30,257729.51452688995,2026-06-16 22:30:00+05:30,256533.25560916867,time,0.004641528619324875,255177.7371553366,0.003641528619324875,258000,2026-06-25 23:30:00,0.42497491485395855,9.416666666666666,7251.99739506039,36259.98697530195,1140.0412329567102,0.031440751308963115,6M
2026-06-22,SELL,2026-06-22 09:30:00+05:30,2026-06-22 10:30:00+05:30,242002.38917834387,2026-06-22 11:30:00+05:30,237162.341394777,target,0.020000000000000018,239606.32591915235,0.019000000000000017,242000,2026-07-28 23:30:00,0.4859680118460387,36.541666666666664,14954.099002033545,74770.49501016772,9358.855750026278,0.12516776502220037,6M
2026-06-24,SELL,2026-06-24 09:30:00+05:30,2026-06-24 11:30:00+05:30,227132.80466588275,2026-06-24 15:30:00+05:30,222590.1485725651,target,0.020000000000000018,224883.9650157255,0.019000000000000017,227000,2026-07-28 23:30:00,0.5075070271582317,34.5,14176.90454631075,70884.52273155375,8588.785052441239,0.1211658726259294,6M
2026-06-25,SELL,2026-06-25 11:30:00+05:30,2026-06-25 13:30:00+05:30,208890.0224065611,2026-06-25 17:30:00+05:30,210978.9226306267,stop,-0.010000000000000009,206732.32687425564,-0.01100000000000001,209000,2026-07-28 23:30:00,0.5760187585243781,33.41666666666667,14695.715476484975,73478.57738242488,-7108.385195112753,-0.0967409202564799,6M
2026-06-26,BUY,2026-06-26 17:30:00+05:30,2026-06-26 18:30:00+05:30,212877.4993669362,2026-06-26 19:30:00+05:30,217135.0493542749,target,0.020000000000000018,215027.7771383194,0.019000000000000017,213000,2026-07-28 23:30:00,0.5947813472644278,32.20833333333333,15065.87407102874,75329.3703551437,9197.008013409735,0.12209059985567418,6M
2026-06-26,SELL,2026-06-26 09:30:00+05:30,2026-06-26 11:30:00+05:30,207932.03885753948,2026-06-26 11:30:00+05:30,210011.35924611488,stop,-0.010000000000000009,205873.30579954403,-0.01100000000000001,208000,2026-07-28 23:30:00,0.5947813472644278,32.5,14874.450140362966,74372.25070181483,-6930.585414089741,-0.0931877864215372,6M
2026-06-30,SELL,2026-06-30 09:30:00+05:30,2026-06-30 11:30:00+05:30,213065.91705547826,2026-06-30 11:30:00+05:30,215196.57622603304,stop,-0.010000000000000009,210956.3535202755,-0.01100000000000001,213000,2026-07-28 23:30:00,0.5943605382889104,28.5,14204.635423044889,71023.17711522445,-6946.08410485646,-0.09780024475091392,6M
2026-07-06,BUY,2026-07-06 09:30:00+05:30,2026-07-06 17:30:00+05:30,227986.37170064202,2026-07-06 22:30:00+05:30,229707.6846947899,time,0.007550069687534133,230289.26434408285,0.006550069687534133,228000,2026-07-28 23:30:00,0.6161374256764683,22.25,13968.205628682446,69841.02814341223,2067.6276108863112,0.02960477051741886,6M
2026-07-08,SELL,2026-07-08 09:30:00+05:30,2026-07-08 10:30:00+05:30,225339.50974011258,2026-07-08 13:30:00+05:30,220832.71954531033,target,0.020000000000000018,223108.42548525997,0.019000000000000017,225000,2026-07-28 23:30:00,0.5661825656786503,20.541666666666668,12021.77026141136,60108.8513070568,8966.465861183657,0.14917047433463415,6M
2026-07-17,SELL,2026-07-17 09:30:00+05:30,2026-07-17 19:30:00+05:30,208920.63058915435,2026-07-17 22:30:00+05:30,208681.0587960986,time,0.0011467119947903281,206852.10949421223,0.00014671199479032813,209000,2026-07-28 23:30:00,0.5788908975793645,11.166666666666666,8587.046736418548,42935.23368209274,-1013.0806875361429,-0.023595555460052726,6M
2026-07-27,BUY,2026-07-27 09:30:00+05:30,2026-07-27 17:30:00+05:30,218650.06651125374,2026-07-27 22:30:00+05:30,217443.27836957268,time,-0.005519267205980727,220858.65304167045,-0.006519267205980727,219000,2026-08-26 23:30:00,0.4241176665285996,30.250000000000004,10578.196616553627,52890.983082768136,-4844.019659977862,-0.09158498060808482,6M
2026-07-29,BUY,2026-07-29 10:30:00+05:30,2026-07-29 17:30:00+05:30,211883.08028755905,2026-07-29 22:30:00+05:30,214577.7460868064,time,0.012717701647485313,214023.3134217768,0.011717701647485312,212000,2026-08-26 23:30:00,0.430098976792427,28.25,10152.333766864971,50761.66883432485,5393.049216734585,0.10624255152714414,6M
2026-07-29,SELL,2026-07-29 19:30:00+05:30,2026-07-29 21:30:00+05:30,212324.8336028637,2026-07-29 21:30:00+05:30,214448.08193889234,stop,-0.010000000000000009,210222.60752758782,-0.01100000000000001,212000,2026-08-26 23:30:00,0.430098976792427,28.083333333333332,10028.854396734912,50144.27198367456,-6295.34378595973,-0.12554462427950497,6M
2026-07-31,SELL,2026-07-31 18:30:00+05:30,2026-07-31 22:30:00+05:30,213002.20346722164,2026-07-31 22:30:00+05:30,213702.7424950199,time,-0.003288881600260307,210893.2707596254,-0.004288881600260307,213000,2026-08-26 23:30:00,0.42477086920200147,26.041666666666668,9734.284159440425,48671.420797202125,-3143.676740231957,-0.06458978777978619,6M
2026-08-03,SELL,2026-08-03 18:30:00+05:30,2026-08-03 21:30:00+05:30,212643.79319790902,2026-08-03 22:30:00+05:30,212675.23806008158,time,-0.0001478757583264212,210538.4091068406,-0.0011478757583264212,213000,2026-08-26 23:30:00,0.42677702904212794,23.083333333333332,9387.822603234423,46939.113016172116,-1587.4909264835537,-0.03382021568955956,6M
2026-08-11,BUY,2026-08-11 09:30:00+05:30,2026-08-11 10:30:00+05:30,238430.50486768057,2026-08-11 22:30:00+05:30,238290.051127366,time,-0.0005890762190539078,240838.89380573796,-0.0015890762190539079,238000,2026-08-26 23:30:00,0.39966709109628556,15.541666666666668,8150.660206859479,40753.301034297394,-2264.442933668658,-0.055564650622116116,6M
2026-08-12,BUY,2026-08-12 11:30:00+05:30,2026-08-12 21:30:00+05:30,240587.20821045266,2026-08-12 22:30:00+05:30,241116.97868124786,time,0.002201989352367262,243017.38203076026,0.0012019893523672618,241000,2026-08-26 23:30:00,0.3902509759478885,14.083333333333334,7246.662914535473,36233.314572677366,132.0838940066617,0.0036453715472738683,6M
2026-08-14,BUY,2026-08-14 19:30:00+05:30,2026-08-14 21:30:00+05:30,239709.6070871357,2026-08-14 22:30:00+05:30,239222.1918384797,time,-0.002033357171533079,242130.91624963202,-0.003033357171533079,240000,2026-08-26 23:30:00,0.3564038147621825,12.083333333333332,6137.560016578265,30687.80008289133,-2223.654980865928,-0.07246055353787421,6M
2026-08-14,SELL,2026-08-14 09:30:00+05:30,2026-08-14 14:30:00+05:30,239135.88251069665,2026-08-14 18:30:00+05:30,241527.2413358036,stop,-0.010000000000000009,236768.20050564024,-0.01100000000000001,239000,2026-08-26 23:30:00,0.3564038147621825,12.375,6269.11852095103,31345.59260475515,-6523.781089891363,-0.20812435011682312,6M
2026-08-19,SELL,2026-08-19 09:30:00+05:30,2026-08-19 17:30:00+05:30,237096.92622817296,2026-08-19 17:30:00+05:30,239467.89549045468,stop,-0.010000000000000009,234749.43190908214,-0.01100000000000001,237000,2026-08-26 23:30:00,0.36913811514787204,7.250000000000001,4937.747834151122,24688.739170755613,-6018.779079027938,-0.24378640956105696,6M
2026-08-24,SELL,2026-08-24 10:30:00+05:30,2026-08-24 16:30:00+05:30,256556.51857346683,2026-08-24 22:30:00+05:30,252970.32349727428,time,0.01397818732547862,254016.3550232345,0.012978187325478618,257000,2026-09-25 23:30:00,0.3475462665840736,32.291666666666664,10907.325563034672,54536.62781517336,7102.938605618379,0.13024161724282807,6M
2026-08-26,BUY,2026-08-26 09:30:00+05:30,2026-08-26 18:30:00+05:30,251282.1284175947,2026-08-26 20:30:00+05:30,248769.30713341877,stop,-0.010000000000000009,253820.33173494416,-0.01100000000000001,251000,2026-09-25 23:30:00,0.3287761852328594,30.208333333333336,9706.500166089225,48532.50083044612,-7762.806766929689,-0.1599506852954054,6M
2026-08-28,BUY,2026-08-28 11:30:00+05:30,2026-08-28 19:30:00+05:30,257347.8368952831,2026-08-28 19:30:00+05:30,254774.35852633027,stop,-0.010000000000000009,259947.30999523547,-0.01100000000000001,257000,2026-09-25 23:30:00,0.34795453853226094,28.166666666666668,10188.128496581503,50940.64248290751,-7946.599402217411,-0.15599723550569258,6M
2026-08-31,SELL,2026-08-31 09:30:00+05:30,2026-08-31 15:30:00+05:30,249503.73056597562,2026-08-31 22:30:00+05:30,246125.1452417602,time,0.013541221674527315,247033.39659997585,0.012541221674527314,250000,2026-09-25 23:30:00,0.3736625825697454,25.333333333333336,10159.45253320436,50797.262666021794,6678.802835087142,0.1314795814687586,6M
2026-09-02,SELL,2026-09-02 09:30:00+05:30,2026-09-02 18:30:00+05:30,239838.18297086848,2026-09-02 19:30:00+05:30,242236.56480057718,stop,-0.010000000000000009,237463.54749590938,-0.01100000000000001,240000,2026-09-25 23:30:00,0.38073056603375866,23.208333333333332,9366.811452183254,46834.05726091627,-6950.942838410124,-0.14841641414250886,6M
2026-09-04,SELL,2026-09-04 17:30:00+05:30,2026-09-04 18:30:00+05:30,242860.25044910732,2026-09-04 22:30:00+05:30,242369.28459574992,time,0.002021598233755806,240455.69351396765,0.0010215982337558058,243000,2026-09-25 23:30:00,0.36724468506017943,21.208333333333332,8743.208483235674,43716.042416178374,-360.43529363646104,-0.008244920484912687,6M
2026-09-08,BUY,2026-09-08 09:30:00+05:30,2026-09-08 11:30:00+05:30,244680.55521116266,2026-09-08 22:30:00+05:30,244906.14615065287,time,0.0009219814761967093,247152.07597087137,-7.801852380329068e-05,245000,2026-09-25 23:30:00,0.3620594339238649,17.5,7672.737442160767,38363.68721080384,-1142.5619873372186,-0.02978238199730329,6M
2026-09-09,BUY,2026-09-09 10:30:00+05:30,2026-09-09 15:30:00+05:30,245046.0126944301,2026-09-09 18:30:00+05:30,249946.93294831872,target,0.020000000000000018,247521.2249438688,0.019000000000000017,245000,2026-09-25 23:30:00,0.35070268512750036,16.333333333333332,7360.842980324033,36804.214901620166,12377.545477126496,0.3363078253458851,6M
2026-09-11,SELL,2026-09-11 09:30:00+05:30,2026-09-11 17:30:00+05:30,239681.5492132322,2026-09-11 17:30:00+05:30,242078.36470536454,stop,-0.010000000000000009,237308.46456755663,-0.01100000000000001,240000,2026-09-25 23:30:00,0.4101797807682887,14.25,8011.240603802398,40056.20301901199,-6743.030417074705,-0.16833923110171578,6M
2026-09-14,SELL,2026-09-14 14:30:00+05:30,2026-09-14 20:30:00+05:30,235099.47502432103,2026-09-14 22:30:00+05:30,236715.79075808707,time,-0.006875029106716779,232771.7574498228,-0.00787502910671678,235000,2026-09-25 23:30:00,0.40906091992668653,11.125,6732.000394194553,33660.001970972764,-4875.140608187445,-0.14483482836369407,6M
2026-09-15,BUY,2026-09-15 17:30:00+05:30,2026-09-15 19:30:00+05:30,235826.53550435652,2026-09-15 22:30:00+05:30,236886.36350248117,time,0.004494099851223288,238208.62172157224,0.0034940998512232877,236000,2026-09-25 23:30:00,0.41128924447295184,10.166666666666668,6456.559324637604,32282.79662318802,1498.888284950883,0.04642993921642664,6M
2026-09-17,SELL,2026-09-17 09:30:00+05:30,2026-09-17 17:30:00+05:30,241573.18928687627,2026-09-17 17:30:00+05:30,243988.92117974503,stop,-0.010000000000000009,239181.37553156065,-0.01100000000000001,242000,2026-09-25 23:30:00,0.3960791699564938,8.25,6039.4570790659045,30197.285395329523,-6499.973653637791,-0.21525026400694655,6M
2026-09-21,SELL,2026-09-21 12:30:00+05:30,2026-09-21 16:30:00+05:30,247643.87962398416,2026-09-21 22:30:00+05:30,245313.58141130008,time,0.009409876053558586,245191.96002374668,0.008409876053558585,248000,2026-10-27 23:30:00,0.3658328298191565,36.291666666666664,11675.432278587159,58377.1613929358,3666.527387146767,0.06280756548725325,6M
2026-09-23,BUY,2026-09-23 09:30:00+05:30,2026-09-23 12:30:00+05:30,244595.6397477678,2026-09-23 16:30:00+05:30,242149.6833502901,stop,-0.010000000000000009,247066.30277552304,-0.01100000000000001,245000,2026-10-27 23:30:00,0.3589648363696187,34.45833333333333,10657.792992011262,53288.96496005631,-7746.378168443635,-0.14536552125285357,6M
2026-09-25,BUY,2026-09-25 13:30:00+05:30,2026-09-25 19:30:00+05:30,237301.2224092431,2026-09-25 22:30:00+05:30,239028.18415537625,time,0.007277508849722114,239698.20445378093,0.006277508849722114,237000,2026-10-27 23:30:00,0.36979100082112204,32.16666666666667,10628.987208276461,53144.93604138231,2799.106508829654,0.05266929866375372,6M
2026-09-30,BUY,2026-09-30 12:30:00+05:30,2026-09-30 14:30:00+05:30,226202.76746273477,2026-09-30 20:30:00+05:30,223940.73978810743,stop,-0.010000000000000009,228487.6439017523,-0.01100000000000001,226000,2026-10-27 23:30:00,0.35933621184055553,27.375,9065.056688432078,45325.28344216039,-7188.783967499373,-0.15860428047125139,6M
2026-10-01,BUY,2026-10-01 17:30:00+05:30,2026-10-01 20:30:00+05:30,226617.77627317753,2026-10-01 22:30:00+05:30,226740.09015105508,time,0.000539736466790286,228906.84472038134,-0.00046026353320971405,227000,2026-10-27 23:30:00,0.3475284323297136,26.125,8304.645388510984,41523.22694255492,-1065.7157745596812,-0.02566553355870053,6M
2026-10-02,BUY,2026-10-02 09:30:00+05:30,2026-10-02 19:30:00+05:30,226845.22718327394,2026-10-02 20:30:00+05:30,224576.7749114412,stop,-0.010000000000000009,229136.59311441812,-0.01100000000000001,227000,2026-10-27 23:30:00,0.35067449912696647,25.166666666666668,8342.279002291238,41711.39501145619,-6831.760516388015,-0.16378643089044725,6M
2026-10-06,SELL,2026-10-06 09:30:00+05:30,2026-10-06 16:30:00+05:30,229333.61361918395,2026-10-06 22:30:00+05:30,229726.41303911756,time,-0.0017127860749879265,227062.98378137025,-0.0027127860749879265,229000,2026-10-27 23:30:00,0.3354518863356974,21.291666666666668,7320.283870945904,36601.41935472952,-2279.0817912984307,-0.06226757954958746,6M
2025-10-10,SELL,2025-10-10 09:30:00+05:30,2025-10-10 10:30:00+05:30,162283.4655086233,2025-10-10 12:30:00+05:30,163906.30016370956,stop,-0.010000000000000009,160676.6985233894,-0.01100000000000001,162000,2025-10-28 23:30:00,0.32932044050611636,18.541666666666664,4714.019747677813,23570.098738389064,-4386.493073184647,-0.18610414499623132,1Y
2025-10-14,BUY,2025-10-14 09:30:00+05:30,2025-10-14 10:30:00+05:30,171217.99040692917,2025-10-14 11:30:00+05:30,169505.81050285988,stop,-0.010000000000000009,172947.46505750422,-0.01100000000000001,171000,2025-10-28 23:30:00,0.38887726229258535,14.541666666666666,5473.827605685903,27369.138028429516,-5081.778138476752,-0.18567549088312857,1Y
2025-10-14,SELL,2025-10-14 11:30:00+05:30,2025-10-14 12:30:00+05:30,171288.33356372063,2025-10-14 12:30:00+05:30,173001.21689935785,stop,-0.010000000000000009,168223.72239628778,-0.01100000000000001,171000,2025-10-28 23:30:00,0.38887726229258535,14.458333333333332,5203.873145768731,26019.365728843655,-4619.8984938650165,-0.17755615344395762,1Y
2025-10-16,BUY,2025-10-16 09:30:00+05:30,2025-10-16 10:30:00+05:30,174961.684722332,2025-10-16 18:30:00+05:30,178460.91841677864,target,0.020000000000000018,176728.974467002,0.019000000000000017,175000,2025-10-28 23:30:00,0.3736787538582121,12.541666666666668,4876.600431422288,24383.00215711144,8687.279032601049,0.35628422524120373,1Y
2025-10-22,SELL,2025-10-22 16:30:00+05:30,2025-10-22 17:30:00+05:30,161526.13111493408,2025-10-22 18:30:00+05:30,163141.39242608342,stop,-0.010000000000000009,159926.86249003373,-0.01100000000000001,162000,2025-11-25 23:30:00,0.5159556186722577,34.25,10519.789704882087,52598.948524410436,-5335.637135706317,-0.10143999614802418,1Y
2025-10-24,SELL,2025-10-24 09:30:00+05:30,2025-10-24 18:30:00+05:30,163956.6689436047,2025-10-24 22:30:00+05:30,163782.8339213985,time,0.0010602497801780464,162333.3355877274,6.0249780178046365e-05,164000,2025-11-25 23:30:00,0.5149319233701155,32.20833333333333,10110.594945887968,50552.97472943984,-1307.117865545669,-0.025856398610395934,1Y
2025-10-27,SELL,2025-10-27 16:30:00+05:30,2025-10-27 17:30:00+05:30,162043.1017224628,2025-10-27 19:30:00+05:30,158802.23968801353,target,0.020000000000000018,160438.71457669584,0.019000000000000017,162000,2025-11-25 23:30:00,0.5002052123378044,29.25,9212.230957799233,46061.154788996166,6413.446014196862,0.1392376297028708,1Y
2025-10-28,SELL,2025-10-28 13:30:00+05:30,2025-10-28 16:30:00+05:30,158311.4267117192,2025-10-28 18:30:00+05:30,159894.5409788364,stop,-0.010000000000000009,156743.98684328631,-0.01100000000000001,158000,2025-11-25 23:30:00,0.5084888424499187,28.291666666666668,8856.724870247635,44283.62435123818,-4960.866349607575,-0.11202484941747702,1Y
2025-10-31,BUY,2025-10-31 11:30:00+05:30,2025-10-31 21:30:00+05:30,165116.85127542587,2025-10-31 22:30:00+05:30,165394.98931017533,time,0.0016844921193748252,166784.69825800593,0.0006844921193748252,165000,2025-11-25 23:30:00,0.5029583320036782,25.083333333333336,8825.89267841139,44129.46339205695,-698.7483068522989,-0.015834054011589674,1Y
2025-11-06,BUY,2025-11-06 09:30:00+05:30,2025-11-06 22:30:00+05:30,162658.6700965575,2025-11-06 22:30:00+05:30,163634.97635100686,time,0.006002177774291351,164301.6869662197,0.005002177774291351,163000,2025-11-25 23:30:00,0.47519407903617145,19.041666666666668,6957.220162187538,34786.10081093769,1411.0680014347884,0.04056413247072263,1Y
2025-11-07,BUY,2025-11-07 13:30:00+05:30,2025-11-07 19:30:00+05:30,164554.18727589987,2025-11-07 22:30:00+05:30,164498.2099365707,time,-0.0003401757211763945,166216.35078373723,-0.0013401757211763945,165000,2025-11-25 23:30:00,0.458235434722193,18.166666666666668,6572.942190739447,32864.710953697235,-1295.7029728364198,-0.03942535732816646,1Y
2025-11-13,BUY,2025-11-13 09:30:00+05:30,2025-11-13 19:30:00+05:30,180919.8741948726,2025-11-13 22:30:00+05:30,181876.70281559898,time,0.005288687188096164,182747.34767158848,0.004288687188096164,181000,2025-11-25 23:30:00,0.46425889778495333,12.166666666666666,6155.163111904244,30775.81555952122,1343.0956093231018,0.043641267823610407,1Y
2025-11-19,BUY,2025-11-19 09:30:00+05:30,2025-11-19 22:30:00+05:30,171259.96896923252,2025-11-19 22:30:00+05:30,172827.80171891305,time,0.00915469481348663,172989.8676456894,0.00815469481348663,171000,2025-12-26 23:30:00,0.3408602359412962,37.04166666666667,7603.150255830154,38015.75127915077,2967.5093544650194,0.07805999499193142,1Y
2025-11-21,SELL,2025-11-21 09:30:00+05:30,2025-11-21 21:30:00+05:30,172515.06110190658,2025-11-21 22:30:00+05:30,172764.9234240993,time,-0.0014483507735312262,170806.99119000652,-0.0024483507735312262,173000,2025-12-26 23:30:00,0.3328788836295159,35.083333333333336,7418.513899576568,37092.56949788284,-1788.243158860608,-0.048210279931205004,1Y
2025-11-26,BUY,2025-11-26 09:30:00+05:30,2025-11-26 11:30:00+05:30,177453.0169325312,2025-11-26 13:30:00+05:30,181002.07727118183,target,0.020000000000000018,179245.4716490214,0.019000000000000017,177000,2025-12-26 23:30:00,0.31483798309989336,30.5,6724.836912434917,33624.18456217459,8832.244875078251,0.26267536269159236,1Y
2025-12-03,BUY,2025-12-03 09:30:00+05:30,2025-12-03 10:30:00+05:30,202923.24709929668,2025-12-03 18:30:00+05:30,206981.71204128262,target,0.020000000000000018,204972.97686797645,0.019000000000000017,203000,2025-12-26 23:30:00,0.4846208945136003,23.541666666666668,10027.551802276808,50137.75901138404,9129.174581356276,0.18208182338750817,1Y
2025-12-04,SELL,2025-12-04 10:30:00+05:30,2025-12-04 11:30:00+05:30,202477.24267772265,2025-12-04 14:30:00+05:30,198427.6978241682,target,0.020000000000000018,200472.5175026957,0.019000000000000017,202000,2025-12-26 23:30:00,0.481857461562556,22.5,9512.905993424492,47564.529967122464,8339.280540270689,0.17532561650530265,1Y
2025-12-05,BUY,2025-12-05 11:30:00+05:30,2025-12-05 14:30:00+05:30,202790.63150178568,2025-12-05 20:30:00+05:30,206846.4441318214,target,0.020000000000000018,204839.02171897545,0.019000000000000017,203000,2025-12-26 23:30:00,0.48808665678208885,21.375,9556.052964731529,47780.26482365764,9231.531841300022,0.193208050967712,1Y
2025-12-09,SELL,2025-12-09 10:30:00+05:30,2025-12-09 13:30:00+05:30,203786.98466028433,2025-12-09 14:30:00+05:30,205824.85450688718,stop,-0.010000000000000009,201769.29174285577,-0.01100000000000001,204000,2025-12-26 23:30:00,0.4964776000517434,17.416666666666668,9030.044359981655,45150.22179990828,-6107.090043396547,-0.13526157347490492,1Y
2025-12-12,BUY,2025-12-12 13:30:00+05:30,2025-12-12 20:30:00+05:30,222037.4925590356,2025-12-12 20:30:00+05:30,219817.11763344525,stop,-0.010000000000000009,224280.2955141774,-0.01100000000000001,222000,2025-12-26 23:30:00,0.5131688158135503,14.125,9067.91750703809,45339.58753519045,-6883.2276531357375,-0.1518149596705815,1Y
2025-12-16,SELL,2025-12-16 09:30:00+05:30,2025-12-16 13:30:00+05:30,221633.06714367782,2025-12-16 19:30:00+05:30,223849.39781511461,stop,-0.010000000000000009,219438.68034027508,-0.01100000000000001,222000,2025-12-26 23:30:00,0.5178211004896451,10.416666666666666,8027.410846153728,40137.05423076864,-6810.067025131877,-0.16967032473228572,1Y
2025-12-18,SELL,2025-12-18 19:30:00+05:30,2025-12-18 21:30:00+05:30,229572.72534178852,2025-12-18 22:30:00+05:30,227275.5149453884,time,0.010006460449428545,227299.72806117675,0.009006460449428544,230000,2025-12-26 23:30:00,0.4964117694517392,8.083333333333334,7080.965213354755,35404.82606677378,4690.976411065649,0.13249539489950976,1Y
2025-12-23,BUY,2025-12-23 09:30:00+05:30,2025-12-23 20:30:00+05:30,238039.88163669736,2025-12-23 21:30:00+05:30,242800.6792694313,target,0.020000000000000018,240444.3248855529,0.019000000000000017,238000,2026-01-27 23:30:00,0.50978166405826,35.125,15151.081549536597,75755.40774768298,10565.345368846016,0.1394665500849233,1Y
2025-12-29,BUY,2025-12-29 09:30:00+05:30,2025-12-29 11:30:00+05:30,263555.9404381169,2025-12-29 11:30:00+05:30,260920.38103373573,stop,-0.010000000000000009,266218.1216546635,-0.01100000000000001,264000,2026-01-27 23:30:00,0.5586234889352503,29.5,16633.003930519037,83165.01965259519,-9219.831363878911,-0.11086189124216968,1Y
2025-12-29,SELL,2025-12-29 16:30:00+05:30,2025-12-29 17:30:00+05:30,257726.05992547653,2025-12-29 18:30:00+05:30,260303.3205247313,stop,-0.010000000000000009,255174.31675789756,-0.01100000000000001,258000,2026-01-27 23:30:00,0.5586234889352503,29.25,16547.831764708757,82739.15882354378,-8407.535007684075,-0.10161494420815498,1Y
2026-01-02,BUY,2026-01-02 10:30:00+05:30,2026-01-02 20:30:00+05:30,251439.63180051322,2026-01-02 21:30:00+05:30,248925.23548250808,stop,-0.010000000000000009,253979.42606112445,-0.01100000000000001,251000,2026-01-27 23:30:00,0.7223438755609568,25.124999999999996,19387.00728260298,96935.0364130149,-9613.224335171575,-0.0991718236346674,1Y
2026-01-07,SELL,2026-01-07 18:30:00+05:30,2026-01-07 21:30:00+05:30,271074.17555456737,2026-01-07 22:30:00+05:30,269818.2906918226,time,0.004632993387051587,268390.2728263043,0.003632993387051587,271000,2026-01-27 23:30:00,0.7558273758957043,20.083333333333332,19325.7147136509,96628.5735682545,-196.6842981170912,-0.0020354672624672597,1Y
2026-01-15,SELL,2026-01-15 09:30:00+05:30,2026-01-15 12:30:00+05:30,312352.4134581479,2026-01-15 14:30:00+05:30,315475.9375927294,stop,-0.010000000000000009,309259.8153050969,-0.01100000000000001,312000,2026-01-27 23:30:00,0.8031119232604693,12.458333333333334,18519.16573871677,92595.82869358384,-10132.005930835596,-0.10942183977168363,1Y
2026-01-16,BUY,2026-01-16 10:30:00+05:30,2026-01-16 11:30:00+05:30,316999.84492368787,2026-01-16 11:30:00+05:30,313829.846474451,stop,-0.009999999999999898,320201.8635592807,-0.010999999999999899,317000,2026-01-27 23:30:00,0.8026283614040736,11.5,18234.497842042303,91172.48921021151,-10829.14414356621,-0.1187764449273512,1Y
2026-01-21,BUY,2026-01-21 14:30:00+05:30,2026-01-21 17:30:00+05:30,332839.4386440242,2026-01-21 20:30:00+05:30,329511.04425758397,stop,-0.009999999999999898,336201.453175782,-0.010999999999999899,333000,2026-02-24 23:30:00,0.8317109486968071,34.25,33963.78488114634,169818.9244057317,-14342.534562608293,-0.08445781065213369,1Y
2026-01-21,SELL,2026-01-21 20:30:00+05:30,2026-01-21 21:30:00+05:30,330682.9045340706,2026-01-21 22:30:00+05:30,329123.37158834224,time,0.0047160978821257915,326400.742622093,0.0037160978821257915,331000,2026-02-24 23:30:00,0.8317109486968071,34.083333333333336,33911.40654857923,169557.03274289615,-1846.919549208619,-0.010892615418725523,1Y
2026-01-27,SELL,2026-01-27 19:30:00+05:30,2026-01-27 20:30:00+05:30,378476.7658745122,2026-01-27 20:30:00+05:30,382261.5335332573,stop,-0.010000000000000009,374729.4711628834,-0.01100000000000001,378000,2026-02-24 23:30:00,0.9421940436957551,28.125,39503.59297602987,197517.96488014935,-14195.324283914628,-0.07186852240264888,1Y
2026-01-28,BUY,2026-01-28 09:30:00+05:30,2026-01-28 14:30:00+05:30,397524.94567826384,2026-01-28 18:30:00+05:30,405475.44459182915,target,0.020000000000000018,401540.3491699635,0.019000000000000017,398000,2026-02-24 23:30:00,1.0127161804995033,27.375,44071.43310027245,220357.16550136224,14677.47060583961,0.06660763934063617,1Y
2026-01-29,BUY,2026-01-29 09:30:00+05:30,2026-01-29 20:30:00+05:30,407142.5105986519,2026-01-29 20:30:00+05:30,403071.08549266536,stop,-0.010000000000000009,411255.0612107595,-0.01100000000000001,407000,2026-02-24 23:30:00,0.9700565503075459,26.125,42532.74903487412,212663.7451743706,-17388.621391505425,-0.08176580064104426,1Y
2026-01-29,SELL,2026-01-29 20:30:00+05:30,2026-01-29 21:30:00+05:30,397949.73838341894,2026-01-29 21:30:00+05:30,401929.23576725315,stop,-0.010000000000000009,394009.64196378115,-0.01100000000000001,398000,2026-02-24 23:30:00,0.9700565503075459,26.083333333333332,41504.66850324524,207523.34251622617,-14970.013775483867,-0.07213652977044434,1Y
2026-02-04,BUY,2026-02-04 11:30:00+05:30,2026-02-04 14:30:00+05:30,307148.7893548893,2026-02-04 15:30:00+05:30,313291.76514198707,target,0.020000000000000018,310251.3023786761,0.019000000000000017,307000,2026-02-24 23:30:00,1.271233401167655,20.375,37146.91014115953,185734.55070579768,11372.83762256834,0.061231674878751245,1Y
2026-02-12,SELL,2026-02-12 17:30:00+05:30,2026-02-12 18:30:00+05:30,288423.5596949635,2026-02-12 19:30:00+05:30,291307.79529191315,stop,-0.010000000000000009,285567.8808861025,-0.01100000000000001,288000,2026-02-24 23:30:00,1.2766146184905898,12.208333333333332,26912.91613671422,134564.58068357108,-10638.585714331683,-0.07905933091968934,1Y
2026-02-19,BUY,2026-02-19 09:30:00+05:30,2026-02-19 19:30:00+05:30,271290.24526035733,2026-02-19 20:30:00+05:30,276716.05016556446,target,0.020000000000000018,274030.55076803773,0.019000000000000017,271000,2026-03-26 23:30:00,1.3772511495599193,35.166666666666664,46437.19167364187,232185.95836820937,8516.451935854848,0.03667944433723737,1Y
2026-02-24,BUY,2026-02-24 10:30:00+05:30,2026-02-24 18:30:00+05:30,304931.17044527095,2026-02-24 18:30:00+05:30,301881.8587408182,stop,-0.01000000000000012,308011.2832780515,-0.01100000000000012,305000,2026-03-26 23:30:00,1.3802887674383302,30.208333333333336,48419.4969428814,242097.484714407,-15988.763029357633,-0.06604266478942958,1Y
2026-03-02,BUY,2026-03-02 09:30:00+05:30,2026-03-02 19:30:00+05:30,329412.54695381044,2026-03-02 19:30:00+05:30,326118.42148427234,stop,-0.010000000000000009,332739.9464179903,-0.01100000000000001,329000,2026-03-26 23:30:00,1.2244729296958676,24.166666666666664,41856.67443355441,209283.37216777206,-15431.66571276013,-0.0737357466716913,1Y
2026-03-02,SELL,2026-03-02 19:30:00+05:30,2026-03-02 20:30:00+05:30,319412.6300478112,2026-03-02 21:30:00+05:30,313024.37744685495,target,0.020000000000000018,314758.1298515712,0.019000000000000017,319000,2026-03-26 23:30:00,1.2244729296958676,24.125000000000004,40140.36849801393,200701.84249006966,7704.679699083616,0.038388684446007654,1Y
2026-03-03,SELL,2026-03-03 10:30:00+05:30,2026-03-03 11:30:00+05:30,309335.1691475399,2026-03-03 12:30:00+05:30,302034.20495933265,target_gap,0.02360211484625918,306272.4447005345,0.02260211484625918,309000,2026-03-26 23:30:00,1.2366821846426932,23.5,38790.87165894532,193954.35829472658,10019.965210415661,0.05166145942020883,1Y
2026-03-05,SELL,2026-03-05 10:30:00+05:30,2026-03-05 14:30:00+05:30,298508.7769939589,2026-03-05 18:30:00+05:30,292538.60145407973,target,0.020000000000000018,295553.24454847415,0.019000000000000017,299000,2026-03-26 23:30:00,0.9475684396690164,21.375,27823.310719815585,139116.55359907792,9094.86299897683,0.06537585041955145,1Y
2026-03-06,BUY,2026-03-06 20:30:00+05:30,2026-03-06 21:30:00+05:30,298149.29254041525,2026-03-06 22:30:00+05:30,299002.02281157306,time,0.002860078130295207,301160.901555975,0.0018600781302952072,298000,2026-03-26 23:30:00,0.9525892200193077,20.083333333333332,26893.308979114285,134466.54489557142,-1987.9187037556217,-0.014783741973138871,1Y
2026-03-09,BUY,2026-03-09 11:30:00+05:30,2026-03-09 12:30:00+05:30,298548.7928640031,2026-03-09 16:30:00+05:30,295563.30493536306,stop,-0.010000000000000009,302476.39955849946,-0.01100000000000001,299000,2026-03-26 23:30:00,0.8684894617880697,17.458333333333332,22646.138296944355,113230.69148472177,-11694.307430663852,-0.10327860121071296,1Y
2026-03-16,SELL,2026-03-16 12:30:00+05:30,2026-03-16 18:30:00+05:30,286455.73832500726,2026-03-16 18:30:00+05:30,289320.29570825736,stop,-0.010000000000000009,283619.54289604677,-0.01100000000000001,286000,2026-03-26 23:30:00,0.7527474682096704,10.208333333333332,14324.621874638791,71623.10937319396,-8615.731899194556,-0.12029262586607452,1Y
2026-03-17,BUY,2026-03-17 09:30:00+05:30,2026-03-17 11:30:00+05:30,287963.939137631,2026-03-17 15:30:00+05:30,285084.2997462547,stop,-0.009999999999999898,290872.6657955868,-0.010999999999999899,288000,2026-03-26 23:30:00,0.7483362637183956,9.5,14027.817907998364,70139.08953999182,-9945.695736260652,-0.14179961276215064,1Y
2026-03-23,SELL,2026-03-23 09:30:00+05:30,2026-03-23 16:30:00+05:30,250100.14077883784,2026-03-23 17:30:00+05:30,242169.26062539377,target_gap,0.03171081842955581,247623.90176122557,0.03071081842955581,250000,2026-04-27 23:30:00,0.6752489268770381,35.291666666666664,21037.273016089825,105186.36508044912,15607.071171167605,0.14837542070429882,1Y
2026-03-24,BUY,2026-03-24 12:30:00+05:30,2026-03-24 13:30:00+05:30,252256.81420599352,2026-03-24 16:30:00+05:30,249734.2460639336,stop,-0.010000000000000009,254804.86283433688,-0.01100000000000001,252000,2026-04-27 23:30:00,0.6431274385707543,34.41666666666667,20136.05846192617,100680.29230963087,-9839.639344236368,-0.09773153333698782,1Y
2026-03-27,BUY,2026-03-27 20:30:00+05:30,2026-03-27 21:30:00+05:30,258893.91968365054,2026-03-27 22:30:00+05:30,256304.98048681405,stop,-0.010000000000000009,261803.97406138942,-0.01100000000000001,259000,2026-04-27 23:30:00,0.6593516306268578,31.083333333333336,19979.59221458498,99897.9610729249,-9830.506144403755,-0.09840547333320993,1Y
2026-03-30,BUY,2026-03-30 18:30:00+05:30,2026-03-30 19:30:00+05:30,256338.95665106096,2026-03-30 22:30:00+05:30,256827.41148829006,time,0.0019055037268251862,262506.1422353826,0.0009055037268251862,256000,2026-04-27 23:30:00,0.5999834225026025,28.166666666666668,17354.074270808414,86770.37135404207,-1583.70251120619,-0.01825165072469654,1Y
2026-03-31,BUY,2026-03-31 09:30:00+05:30,2026-03-31 10:30:00+05:30,260285.5950784109,2026-03-31 12:30:00+05:30,265491.3069799791,target,0.020000000000000018,262914.74250344536,0.019000000000000017,260000,2026-04-27 23:30:00,0.5773654471386315,27.541666666666668,16752.053464409124,83760.26732204562,11533.301850032547,0.13769418626242844,1Y
2026-04-01,BUY,2026-04-01 17:30:00+05:30,2026-04-01 18:30:00+05:30,269753.7139817289,2026-04-01 22:30:00+05:30,273288.6728212915,time,0.013104393586966578,272497.42654604575,0.012104393586966578,270000,2026-04-27 23:30:00,0.585116256710464,26.208333333333336,16912.583630559464,84562.91815279733,6560.1234149208,0.07757683341848809,1Y
2026-04-06,BUY,2026-04-06 13:30:00+05:30,2026-04-06 19:30:00+05:30,259719.2513020978,2026-04-06 22:30:00+05:30,261158.52899198176,time,0.005541667329888478,262342.6780829271,0.004541667329888478,260000,2026-04-27 23:30:00,0.6004490491142351,21.166666666666668,15003.002447636227,75015.01223818114,1217.846391021947,0.016234702290724785,1Y
2026-04-09,SELL,2026-04-09 09:30:00+05:30,2026-04-09 18:30:00+05:30,268847.07679820486,2026-04-09 21:30:00+05:30,271535.5475661869,stop,-0.010000000000000009,266185.22455267806,-0.01100000000000001,269000,2026-04-27 23:30:00,0.5660650900845602,18.208333333333332,13791.445392649417,68957.22696324709,-8449.603283458018,-0.12253397730105213,1Y
2026-04-13,SELL,2026-04-13 09:30:00+05:30,2026-04-13 21:30:00+05:30,270511.32363687735,2026-04-13 21:30:00+05:30,273216.4368732461,stop,-0.010000000000000009,267832.99369987857,-0.01100000000000001,271000,2026-04-27 23:30:00,0.5616155949646189,14.083333333333334,12307.395284932425,61536.97642466213,-8112.483949036521,-0.13183104566355144,1Y
2026-04-15,BUY,2026-04-15 09:30:00+05:30,2026-04-15 14:30:00+05:30,283622.164708089,2026-04-15 19:30:00+05:30,289294.60800225084,target,0.020000000000000018,286487.0350586758,0.019000000000000017,284000,2026-04-27 23:30:00,0.5731560598768046,12.375,11905.747766262732,59528.73883131366,13061.880527949961,0.219421422062432,1Y
2026-04-16,BUY,2026-04-16 09:30:00+05:30,2026-04-16 13:30:00+05:30,287759.2713160384,2026-04-16 17:30:00+05:30,284881.678602878,stop,-0.010000000000000009,290665.930622261,-0.01100000000000001,288000,2026-04-27 23:30:00,0.5720808875301535,11.416666666666668,11643.686060807926,58218.43030403963,-9252.434225970173,-0.15892620563024987,1Y
2026-04-21,SELL,2026-04-21 09:30:00+05:30,2026-04-21 11:30:00+05:30,286961.44088631374,2026-04-21 19:30:00+05:30,281222.2120685875,target,0.019999999999999907,284120.23850130074,0.018999999999999906,287000,2026-05-26 23:30:00,0.5057045842651549,35.5,18212.186614516715,91060.93307258358,10650.872619726299,0.11696423768507419,1Y
2026-04-24,SELL,2026-04-24 11:30:00+05:30,2026-04-24 12:30:00+05:30,272140.3368841756,2026-04-24 16:30:00+05:30,274861.74025301734,stop,-0.010000000000000009,269445.8781031442,-0.01100000000000001,272000,2026-05-26 23:30:00,0.5212430179805863,32.458333333333336,16937.805838291682,84689.02919145841,-8892.053958747341,-0.10499652722012993,1Y
2026-04-29,BUY,2026-04-29 09:30:00+05:30,2026-04-29 12:30:00+05:30,268982.39973584405,2026-04-29 17:30:00+05:30,266292.5757384856,stop,-0.010000000000000009,271699.3936725698,-0.01100000000000001,269000,2026-05-26 23:30:00,0.4432118379009689,27.458333333333336,13159.276883315431,65796.38441657716,-8971.17351239674,-0.1363475150184162,1Y
2026-04-30,BUY,2026-04-30 16:30:00+05:30,2026-04-30 18:30:00+05:30,269420.7041731826,2026-04-30 22:30:00+05:30,271432.09760139155,time,0.007465623083354522,272142.12542745715,0.006465623083354522,269000,2026-05-26 23:30:00,0.40690919962760214,26.208333333333336,12038.602404921801,60193.01202460901,3270.9684917818245,0.05434133268567019,1Y
2026-05-01,BUY,2026-05-01 09:30:00+05:30,2026-05-01 12:30:00+05:30,269649.8990060267,2026-05-01 17:30:00+05:30,275042.8969861472,target,0.020000000000000018,272373.6353596229,0.019000000000000017,270000,2026-05-26 23:30:00,0.42139217781590144,25.458333333333332,11922.133492269435,59610.66746134718,12508.804464049586,0.2098417111695748,1Y
2026-05-04,SELL,2026-05-04 15:30:00+05:30,2026-05-04 16:30:00+05:30,271557.8471547696,2026-05-04 19:30:00+05:30,274273.4256263173,stop,-0.010000000000000009,268869.15559878177,-0.01100000000000001,272000,2026-05-26 23:30:00,0.38951764552759466,22.291666666666664,10772.572599498098,53862.86299749049,-8040.878258971517,-0.14928427141621023,1Y
2026-05-07,BUY,2026-05-07 09:30:00+05:30,2026-05-07 20:30:00+05:30,283073.8565123172,2026-05-07 21:30:00+05:30,294408.4959077261,target_gap,0.04004127945639424,285933.18839628,0.03904127945639424,283000,2026-05-26 23:30:00,0.4338497134724043,19.125,11375.884509419158,56879.42254709579,31434.403757174172,0.5526498397754775,1Y
2026-05-12,BUY,2026-05-12 09:30:00+05:30,2026-05-12 11:30:00+05:30,315950.85042240197,2026-05-12 11:30:00+05:30,312791.34191817796,stop,-0.010000000000000009,319142.2731539414,-0.01100000000000001,316000,2026-05-26 23:30:00,0.5039932265339079,14.500000000000002,12789.22373042627,63946.11865213135,-9736.742860885646,-0.15226479833520148,1Y
2026-05-18,SELL,2026-05-18 09:30:00+05:30,2026-05-18 16:30:00+05:30,284821.7504653862,2026-05-18 16:30:00+05:30,287669.96797004004,stop,-0.010000000000000009,282001.73313404573,-0.01100000000000001,285000,2026-05-26 23:30:00,0.603234007107503,8.291666666666668,10560.76657598031,52803.83287990154,-8128.015766522315,-0.15392851850373993,1Y
2026-05-20,BUY,2026-05-20 19:30:00+05:30,2026-05-20 20:30:00+05:30,283782.86539920064,2026-05-20 22:30:00+05:30,283801.27355114074,time,6.486703104569003e-05,286649.3589890916,-0.00093513296895431,284000,2026-06-25 23:30:00,0.597097100304059,36.125,21314.6006514301,106573.0032571505,-3363.1110161141255,-0.03155687569392465,1Y
2026-05-27,BUY,2026-05-27 09:30:00+05:30,2026-05-27 10:30:00+05:30,281275.7739082569,2026-05-27 11:30:00+05:30,278463.01616917434,stop,-0.010000000000000009,284116.94334167364,-0.01100000000000001,281000,2026-06-25 23:30:00,0.5883983891941558,29.541666666666668,19073.72283289518,95368.61416447589,-10225.069891417274,-0.10721629941882953,1Y
2026-05-28,SELL,2026-05-28 09:30:00+05:30,2026-05-28 18:30:00+05:30,274881.1456802873,2026-05-28 20:30:00+05:30,277629.9571370902,stop,-0.010000000000000009,272159.5501785023,-0.01100000000000001,275000,2026-06-25 23:30:00,0.5896982690166183,28.208333333333332,18199.329938055133,90996.64969027566,-9087.252135502551,-0.09986359021384562,1Y
2026-05-29,BUY,2026-05-29 20:30:00+05:30,2026-05-29 21:30:00+05:30,278634.276441515,2026-05-29 22:30:00+05:30,277369.9180692217,time,-0.004537698622153141,281562.6682039891,-0.005537698622153141,279000,2026-06-25 23:30:00,0.5865733371279226,27.083333333333332,17749.434439929817,88747.17219964908,-6052.370971944714,-0.06819790221967936,1Y
2026-06-01,SELL,2026-06-01 18:30:00+05:30,2026-06-01 22:30:00+05:30,276923.38091536186,2026-06-01 22:30:00+05:30,277157.5305600925,time,-0.0008455394555586526,274181.56526273454,-0.0018455394555586526,277000,2026-06-25 23:30:00,0.5802341378263288,24.041666666666664,16652.754826942717,83263.77413471359,-3120.866960988442,-0.03748168988759924,1Y
2026-06-02,BUY,2026-06-02 10:30:00+05:30,2026-06-02 19:30:00+05:30,277774.3910764392,2026-06-02 22:30:00+05:30,277096.3483485178,time,-0.002440983581293521,280580.1930065042,-0.003440983581293521,278000,2026-06-25 23:30:00,0.5689315396539029,23.166666666666664,15934.443781090195,79672.21890545098,-4417.254304602608,-0.05544284275356601,1Y
2026-06-04,SELL,2026-06-04 10:30:00+05:30,2026-06-04 16:30:00+05:30,273403.9298446663,2026-06-04 16:30:00+05:30,276137.96914311295,stop,-0.010000000000000009,270696.96024224383,-0.01100000000000001,273000,2026-06-25 23:30:00,0.5541546130644268,21.291666666666668,14536.035729219944,72680.17864609972,-8344.719971507277,-0.11481424684080745,1Y
2026-06-08,SELL,2026-06-08 09:30:00+05:30,2026-06-08 17:30:00+05:30,253808.88405601183,2026-06-08 22:30:00+05:30,253186.37376012513,time,0.002452673389278681,251295.9248079325,0.0014526733892786812,254000,2026-06-25 23:30:00,0.5812260242973074,17.25,13039.377123018005,65196.885615090025,-937.9384767039669,-0.014386246641310088,1Y
2026-06-10,SELL,2026-06-10 09:30:00+05:30,2026-06-10 11:30:00+05:30,239499.18412733052,2026-06-10 13:30:00+05:30,234709.2004447839,target,0.020000000000000018,237127.90507656487,0.019000000000000017,239000,2026-06-25 23:30:00,0.5129877205494375,15.5,9957.63282328296,49788.1641164148,10274.178746782924,0.20635785490623462,1Y
2026-06-11,SELL,2026-06-11 17:30:00+05:30,2026-06-11 18:30:00+05:30,235901.43041676265,2026-06-11 21:30:00+05:30,238260.44472093027,stop,-0.010000000000000009,233565.772689864,-0.01100000000000001,236000,2026-06-25 23:30:00,0.5129528215477615,14.208333333333334,9690.839780884098,48454.19890442049,-7071.57447586802,-0.14594348138573557,1Y
2026-06-12,BUY,2026-06-12 09:30:00+05:30,2026-06-12 12:30:00+05:30,244024.94796567742,2026-06-12 20:30:00+05:30,248905.44692499097,target,0.020000000000000018,246489.8464299772,0.019000000000000017,244000,2026-06-25 23:30:00,0.4997918990153367,13.458333333333332,9468.888342706248,47344.44171353124,11381.416600657745,0.2403960462671353,1Y
2026-06-16,SELL,2026-06-16 09:30:00+05:30,2026-06-16 13:30:00+05:30,257729.51452688995,2026-06-16 22:30:00+05:30,256533.25560916867,time,0.004641528619324875,255177.7371553366,0.003641528619324875,258000,2026-06-25 23:30:00,0.42497491485395855,9.416666666666666,7251.99739506039,36259.98697530195,1140.0412329567102,0.031440751308963115,1Y
2026-06-22,SELL,2026-06-22 09:30:00+05:30,2026-06-22 10:30:00+05:30,242002.38917834387,2026-06-22 11:30:00+05:30,237162.341394777,target,0.020000000000000018,239606.32591915235,0.019000000000000017,242000,2026-07-28 23:30:00,0.4859680118460387,36.541666666666664,14954.099002033545,74770.49501016772,9358.855750026278,0.12516776502220037,1Y
2026-06-24,SELL,2026-06-24 09:30:00+05:30,2026-06-24 11:30:00+05:30,227132.80466588275,2026-06-24 15:30:00+05:30,222590.1485725651,target,0.020000000000000018,224883.9650157255,0.019000000000000017,227000,2026-07-28 23:30:00,0.5075070271582317,34.5,14176.90454631075,70884.52273155375,8588.785052441239,0.1211658726259294,1Y
2026-06-25,SELL,2026-06-25 11:30:00+05:30,2026-06-25 13:30:00+05:30,208890.0224065611,2026-06-25 17:30:00+05:30,210978.9226306267,stop,-0.010000000000000009,206732.32687425564,-0.01100000000000001,209000,2026-07-28 23:30:00,0.5760187585243781,33.41666666666667,14695.715476484975,73478.57738242488,-7108.385195112753,-0.0967409202564799,1Y
2026-06-26,BUY,2026-06-26 17:30:00+05:30,2026-06-26 18:30:00+05:30,212877.4993669362,2026-06-26 19:30:00+05:30,217135.0493542749,target,0.020000000000000018,215027.7771383194,0.019000000000000017,213000,2026-07-28 23:30:00,0.5947813472644278,32.20833333333333,15065.87407102874,75329.3703551437,9197.008013409735,0.12209059985567418,1Y
2026-06-26,SELL,2026-06-26 09:30:00+05:30,2026-06-26 11:30:00+05:30,207932.03885753948,2026-06-26 11:30:00+05:30,210011.35924611488,stop,-0.010000000000000009,205873.30579954403,-0.01100000000000001,208000,2026-07-28 23:30:00,0.5947813472644278,32.5,14874.450140362966,74372.25070181483,-6930.585414089741,-0.0931877864215372,1Y
2026-06-30,SELL,2026-06-30 09:30:00+05:30,2026-06-30 11:30:00+05:30,213065.91705547826,2026-06-30 11:30:00+05:30,215196.57622603304,stop,-0.010000000000000009,210956.3535202755,-0.01100000000000001,213000,2026-07-28 23:30:00,0.5943605382889104,28.5,14204.635423044889,71023.17711522445,-6946.08410485646,-0.09780024475091392,1Y
2026-07-06,BUY,2026-07-06 09:30:00+05:30,2026-07-06 17:30:00+05:30,227986.37170064202,2026-07-06 22:30:00+05:30,229707.6846947899,time,0.007550069687534133,230289.26434408285,0.006550069687534133,228000,2026-07-28 23:30:00,0.6161374256764683,22.25,13968.205628682446,69841.02814341223,2067.6276108863112,0.02960477051741886,1Y
2026-07-08,SELL,2026-07-08 09:30:00+05:30,2026-07-08 10:30:00+05:30,225339.50974011258,2026-07-08 13:30:00+05:30,220832.71954531033,target,0.020000000000000018,223108.42548525997,0.019000000000000017,225000,2026-07-28 23:30:00,0.5661825656786503,20.541666666666668,12021.77026141136,60108.8513070568,8966.465861183657,0.14917047433463415,1Y
2026-07-17,SELL,2026-07-17 09:30:00+05:30,2026-07-17 19:30:00+05:30,208920.63058915435,2026-07-17 22:30:00+05:30,208681.0587960986,time,0.0011467119947903281,206852.10949421223,0.00014671199479032813,209000,2026-07-28 23:30:00,0.5788908975793645,11.166666666666666,8587.046736418548,42935.23368209274,-1013.0806875361429,-0.023595555460052726,1Y
2026-07-27,BUY,2026-07-27 09:30:00+05:30,2026-07-27 17:30:00+05:30,218650.06651125374,2026-07-27 22:30:00+05:30,217443.27836957268,time,-0.005519267205980727,220858.65304167045,-0.006519267205980727,219000,2026-08-26 23:30:00,0.4241176665285996,30.250000000000004,10578.196616553627,52890.983082768136,-4844.019659977862,-0.09158498060808482,1Y
2026-07-29,BUY,2026-07-29 10:30:00+05:30,2026-07-29 17:30:00+05:30,211883.08028755905,2026-07-29 22:30:00+05:30,214577.7460868064,time,0.012717701647485313,214023.3134217768,0.011717701647485312,212000,2026-08-26 23:30:00,0.430098976792427,28.25,10152.333766864971,50761.66883432485,5393.049216734585,0.10624255152714414,1Y
2026-07-29,SELL,2026-07-29 19:30:00+05:30,2026-07-29 21:30:00+05:30,212324.8336028637,2026-07-29 21:30:00+05:30,214448.08193889234,stop,-0.010000000000000009,210222.60752758782,-0.01100000000000001,212000,2026-08-26 23:30:00,0.430098976792427,28.083333333333332,10028.854396734912,50144.27198367456,-6295.34378595973,-0.12554462427950497,1Y
2026-07-31,SELL,2026-07-31 18:30:00+05:30,2026-07-31 22:30:00+05:30,213002.20346722164,2026-07-31 22:30:00+05:30,213702.7424950199,time,-0.003288881600260307,210893.2707596254,-0.004288881600260307,213000,2026-08-26 23:30:00,0.42477086920200147,26.041666666666668,9734.284159440425,48671.420797202125,-3143.676740231957,-0.06458978777978619,1Y
2026-08-03,SELL,2026-08-03 18:30:00+05:30,2026-08-03 21:30:00+05:30,212643.79319790902,2026-08-03 22:30:00+05:30,212675.23806008158,time,-0.0001478757583264212,210538.4091068406,-0.0011478757583264212,213000,2026-08-26 23:30:00,0.42677702904212794,23.083333333333332,9387.822603234423,46939.113016172116,-1587.4909264835537,-0.03382021568955956,1Y
2026-08-11,BUY,2026-08-11 09:30:00+05:30,2026-08-11 10:30:00+05:30,238430.50486768057,2026-08-11 22:30:00+05:30,238290.051127366,time,-0.0005890762190539078,240838.89380573796,-0.0015890762190539079,238000,2026-08-26 23:30:00,0.39966709109628556,15.541666666666668,8150.660206859479,40753.301034297394,-2264.442933668658,-0.055564650622116116,1Y
2026-08-12,BUY,2026-08-12 11:30:00+05:30,2026-08-12 21:30:00+05:30,240587.20821045266,2026-08-12 22:30:00+05:30,241116.97868124786,time,0.002201989352367262,243017.38203076026,0.0012019893523672618,241000,2026-08-26 23:30:00,0.3902509759478885,14.083333333333334,7246.662914535473,36233.314572677366,132.0838940066617,0.0036453715472738683,1Y
2026-08-14,BUY,2026-08-14 19:30:00+05:30,2026-08-14 21:30:00+05:30,239709.6070871357,2026-08-14 22:30:00+05:30,239222.1918384797,time,-0.002033357171533079,242130.91624963202,-0.003033357171533079,240000,2026-08-26 23:30:00,0.3564038147621825,12.083333333333332,6137.560016578265,30687.80008289133,-2223.654980865928,-0.07246055353787421,1Y
2026-08-14,SELL,2026-08-14 09:30:00+05:30,2026-08-14 14:30:00+05:30,239135.88251069665,2026-08-14 18:30:00+05:30,241527.2413358036,stop,-0.010000000000000009,236768.20050564024,-0.01100000000000001,239000,2026-08-26 23:30:00,0.3564038147621825,12.375,6269.11852095103,31345.59260475515,-6523.781089891363,-0.20812435011682312,1Y
2026-08-19,SELL,2026-08-19 09:30:00+05:30,2026-08-19 17:30:00+05:30,237096.92622817296,2026-08-19 17:30:00+05:30,239467.89549045468,stop,-0.010000000000000009,234749.43190908214,-0.01100000000000001,237000,2026-08-26 23:30:00,0.36913811514787204,7.250000000000001,4937.747834151122,24688.739170755613,-6018.779079027938,-0.24378640956105696,1Y
2026-08-24,SELL,2026-08-24 10:30:00+05:30,2026-08-24 16:30:00+05:30,256556.51857346683,2026-08-24 22:30:00+05:30,252970.32349727428,time,0.01397818732547862,254016.3550232345,0.012978187325478618,257000,2026-09-25 23:30:00,0.3475462665840736,32.291666666666664,10907.325563034672,54536.62781517336,7102.938605618379,0.13024161724282807,1Y
2026-08-26,BUY,2026-08-26 09:30:00+05:30,2026-08-26 18:30:00+05:30,251282.1284175947,2026-08-26 20:30:00+05:30,248769.30713341877,stop,-0.010000000000000009,253820.33173494416,-0.01100000000000001,251000,2026-09-25 23:30:00,0.3287761852328594,30.208333333333336,9706.500166089225,48532.50083044612,-7762.806766929689,-0.1599506852954054,1Y
2026-08-28,BUY,2026-08-28 11:30:00+05:30,2026-08-28 19:30:00+05:30,257347.8368952831,2026-08-28 19:30:00+05:30,254774.35852633027,stop,-0.010000000000000009,259947.30999523547,-0.01100000000000001,257000,2026-09-25 23:30:00,0.34795453853226094,28.166666666666668,10188.128496581503,50940.64248290751,-7946.599402217411,-0.15599723550569258,1Y
2026-08-31,SELL,2026-08-31 09:30:00+05:30,2026-08-31 15:30:00+05:30,249503.73056597562,2026-08-31 22:30:00+05:30,246125.1452417602,time,0.013541221674527315,247033.39659997585,0.012541221674527314,250000,2026-09-25 23:30:00,0.3736625825697454,25.333333333333336,10159.45253320436,50797.262666021794,6678.802835087142,0.1314795814687586,1Y
2026-09-02,SELL,2026-09-02 09:30:00+05:30,2026-09-02 18:30:00+05:30,239838.18297086848,2026-09-02 19:30:00+05:30,242236.56480057718,stop,-0.010000000000000009,237463.54749590938,-0.01100000000000001,240000,2026-09-25 23:30:00,0.38073056603375866,23.208333333333332,9366.811452183254,46834.05726091627,-6950.942838410124,-0.14841641414250886,1Y
2026-09-04,SELL,2026-09-04 17:30:00+05:30,2026-09-04 18:30:00+05:30,242860.25044910732,2026-09-04 22:30:00+05:30,242369.28459574992,time,0.002021598233755806,240455.69351396765,0.0010215982337558058,243000,2026-09-25 23:30:00,0.36724468506017943,21.208333333333332,8743.208483235674,43716.042416178374,-360.43529363646104,-0.008244920484912687,1Y
2026-09-08,BUY,2026-09-08 09:30:00+05:30,2026-09-08 11:30:00+05:30,244680.55521116266,2026-09-08 22:30:00+05:30,244906.14615065287,time,0.0009219814761967093,247152.07597087137,-7.801852380329068e-05,245000,2026-09-25 23:30:00,0.3620594339238649,17.5,7672.737442160767,38363.68721080384,-1142.5619873372186,-0.02978238199730329,1Y
2026-09-09,BUY,2026-09-09 10:30:00+05:30,2026-09-09 15:30:00+05:30,245046.0126944301,2026-09-09 18:30:00+05:30,249946.93294831872,target,0.020000000000000018,247521.2249438688,0.019000000000000017,245000,2026-09-25 23:30:00,0.35070268512750036,16.333333333333332,7360.842980324033,36804.214901620166,12377.545477126496,0.3363078253458851,1Y
2026-09-11,SELL,2026-09-11 09:30:00+05:30,2026-09-11 17:30:00+05:30,239681.5492132322,2026-09-11 17:30:00+05:30,242078.36470536454,stop,-0.010000000000000009,237308.46456755663,-0.01100000000000001,240000,2026-09-25 23:30:00,0.4101797807682887,14.25,8011.240603802398,40056.20301901199,-6743.030417074705,-0.16833923110171578,1Y
2026-09-14,SELL,2026-09-14 14:30:00+05:30,2026-09-14 20:30:00+05:30,235099.47502432103,2026-09-14 22:30:00+05:30,236715.79075808707,time,-0.006875029106716779,232771.7574498228,-0.00787502910671678,235000,2026-09-25 23:30:00,0.40906091992668653,11.125,6732.000394194553,33660.001970972764,-4875.140608187445,-0.14483482836369407,1Y
2026-09-15,BUY,2026-09-15 17:30:00+05:30,2026-09-15 19:30:00+05:30,235826.53550435652,2026-09-15 22:30:00+05:30,236886.36350248117,time,0.004494099851223288,238208.62172157224,0.0034940998512232877,236000,2026-09-25 23:30:00,0.41128924447295184,10.166666666666668,6456.559324637604,32282.79662318802,1498.888284950883,0.04642993921642664,1Y
2026-09-17,SELL,2026-09-17 09:30:00+05:30,2026-09-17 17:30:00+05:30,241573.18928687627,2026-09-17 17:30:00+05:30,243988.92117974503,stop,-0.010000000000000009,239181.37553156065,-0.01100000000000001,242000,2026-09-25 23:30:00,0.3960791699564938,8.25,6039.4570790659045,30197.285395329523,-6499.973653637791,-0.21525026400694655,1Y
2026-09-21,SELL,2026-09-21 12:30:00+05:30,2026-09-21 16:30:00+05:30,247643.87962398416,2026-09-21 22:30:00+05:30,245313.58141130008,time,0.009409876053558586,245191.96002374668,0.008409876053558585,248000,2026-10-27 23:30:00,0.3658328298191565,36.291666666666664,11675.432278587159,58377.1613929358,3666.527387146767,0.06280756548725325,1Y
2026-09-23,BUY,2026-09-23 09:30:00+05:30,2026-09-23 12:30:00+05:30,244595.6397477678,2026-09-23 16:30:00+05:30,242149.6833502901,stop,-0.010000000000000009,247066.30277552304,-0.01100000000000001,245000,2026-10-27 23:30:00,0.3589648363696187,34.45833333333333,10657.792992011262,53288.96496005631,-7746.378168443635,-0.14536552125285357,1Y
2026-09-25,BUY,2026-09-25 13:30:00+05:30,2026-09-25 19:30:00+05:30,237301.2224092431,2026-09-25 22:30:00+05:30,239028.18415537625,time,0.007277508849722114,239698.20445378093,0.006277508849722114,237000,2026-10-27 23:30:00,0.36979100082112204,32.16666666666667,10628.987208276461,53144.93604138231,2799.106508829654,0.05266929866375372,1Y
2026-09-30,BUY,2026-09-30 12:30:00+05:30,2026-09-30 14:30:00+05:30,226202.76746273477,2026-09-30 20:30:00+05:30,223940.73978810743,stop,-0.010000000000000009,228487.6439017523,-0.01100000000000001,226000,2026-10-27 23:30:00,0.35933621184055553,27.375,9065.056688432078,45325.28344216039,-7188.783967499373,-0.15860428047125139,1Y
2026-10-01,BUY,2026-10-01 17:30:00+05:30,2026-10-01 20:30:00+05:30,226617.77627317753,2026-10-01 22:30:00+05:30,226740.09015105508,time,0.000539736466790286,228906.84472038134,-0.00046026353320971405,227000,2026-10-27 23:30:00,0.3475284323297136,26.125,8304.645388510984,41523.22694255492,-1065.7157745596812,-0.02566553355870053,1Y
2026-10-02,BUY,2026-10-02 09:30:00+05:30,2026-10-02 19:30:00+05:30,226845.22718327394,2026-10-02 20:30:00+05:30,224576.7749114412,stop,-0.010000000000000009,229136.59311441812,-0.01100000000000001,227000,2026-10-27 23:30:00,0.35067449912696647,25.166666666666668,8342.279002291238,41711.39501145619,-6831.760516388015,-0.16378643089044725,1Y
2026-10-06,SELL,2026-10-06 09:30:00+05:30,2026-10-06 16:30:00+05:30,229333.61361918395,2026-10-06 22:30:00+05:30,229726.41303911756,time,-0.0017127860749879265,227062.98378137025,-0.0027127860749879265,229000,2026-10-27 23:30:00,0.3354518863356974,21.291666666666668,7320.283870945904,36601.41935472952,-2279.0817912984307,-0.06226757954958746,1Y
2024-10-15,SELL,2024-10-15 10:30:00+05:30,2024-10-15 19:30:00+05:30,102219.66917320304,2024-10-15 19:30:00+05:30,103241.86586493507,stop,-0.010000000000000009,101207.59324079509,-0.01100000000000001,102000,2024-10-28 23:30:00,0.4,13.166666666666668,3023.1211774351523,15115.605887175761,-2747.1177432425943,-0.18174049811481774,2Y
2024-10-17,SELL,2024-10-17 09:30:00+05:30,2024-10-17 16:30:00+05:30,103921.85449508234,2024-10-17 22:30:00+05:30,103125.39116485835,time,0.007664060019845875,102892.92524265578,0.006664060019845875,104000,2024-10-28 23:30:00,0.4,11.291666666666666,2994.8735855284094,14974.367927642048,1348.3179778340564,0.09004172892968114,2Y
2024-10-25,SELL,2024-10-25 13:30:00+05:30,2024-10-25 18:30:00+05:30,109426.74999688767,2024-10-25 19:30:00+05:30,110521.01749685654,stop,-0.010000000000000009,108343.31682860164,-0.01100000000000001,109000,2024-11-26 23:30:00,0.4,32.20833333333333,5009.0780524594475,25045.39026229724,-3211.541742556531,-0.12822885604586137,2Y
2024-11-11,SELL,2024-11-11 09:30:00+05:30,2024-11-11 15:30:00+05:30,102957.61726483375,2024-11-11 18:30:00+05:30,100898.46491953707,target,0.020000000000000018,101938.23491567698,0.019000000000000017,103000,2024-11-26 23:30:00,0.3636896435044842,15.333333333333334,3120.6316965067263,15603.158482533632,4891.881097950291,0.31351864453766354,2Y
2024-11-12,SELL,2024-11-12 10:30:00+05:30,2024-11-12 18:30:00+05:30,100359.02677726783,2024-11-12 22:30:00+05:30,100007.45780642469,time,0.003503112596173308,99365.37304679984,0.002503112596173308,100000,2024-11-26 23:30:00,0.372843331393264,14.208333333333334,2797.624900385769,13988.124501928844,269.0160506372798,0.019231745513859616,2Y
2024-11-13,BUY,2024-11-13 09:30:00+05:30,2024-11-13 22:30:00+05:30,99459.3542172216,2024-11-13 22:30:00+05:30,99885.23509288969,time,0.0042819589873663855,100463.9941588097,0.0032819589873663855,99000,2024-11-26 23:30:00,0.3705418262009761,13.041666666666666,3045.935558809329,15229.677794046645,649.7853542013394,0.042665732196602586,2Y
2024-11-21,BUY,2024-11-21 10:30:00+05:30,2024-11-21 19:30:00+05:30,100863.92217070764,2024-11-21 22:30:00+05:30,100924.51893919904,time,0.0006007774354526152,101882.74966738145,-0.0003992225645473848,101000,2024-12-26 23:30:00,0.28239178666274733,35.166666666666664,3490.704285801113,17453.521429005566,-451.19541059338906,-0.02585125370995671,2Y
2024-11-22,BUY,2024-11-22 12:30:00+05:30,2024-11-22 18:30:00+05:30,101236.37104092445,2024-11-22 22:30:00+05:30,102038.01140306577,time,0.007918501561234859,102258.96064739843,0.006918501561234859,101000,2024-12-26 23:30:00,0.2821164984440383,34.208333333333336,3634.2811454212156,18171.405727106077,1505.4650940430167,0.08284802599489217,2Y
2024-11-27,BUY,2024-11-27 11:30:00+05:30,2024-11-27 20:30:00+05:30,98915.69046667035,2024-11-27 21:30:00+05:30,97926.53356200365,stop,-0.010000000000000009,99914.83885522258,-0.01100000000000001,99000,2024-12-26 23:30:00,0.30534906017538194,29.125000000000004,3394.9404504296517,16974.702252148258,-2942.534559783809,-0.17334822820891674,2Y
2024-11-27,SELL,2024-11-27 20:30:00+05:30,2024-11-27 21:30:00+05:30,99047.00492018201,2024-11-27 22:30:00+05:30,99424.27029496776,time,-0.0038089528814100326,98066.3415051307,-0.004808952881410033,99000,2024-12-26 23:30:00,0.30534906017538194,29.083333333333332,3413.505334220328,17067.52667110164,-1444.1236591442103,-0.08461235696144354,2Y
2024-12-02,BUY,2024-12-02 18:30:00+05:30,2024-12-02 19:30:00+05:30,100263.88781472946,2024-12-02 22:30:00+05:30,100973.5758885421,time,0.007078202224952701,101276.65435831259,0.006078202224952701,100000,2024-12-26 23:30:00,0.30558779532088004,24.166666666666664,3308.828698176906,16544.14349088453,1316.9286481210186,0.07960089616283963,2Y
2024-12-04,BUY,2024-12-04 10:30:00+05:30,2024-12-04 11:30:00+05:30,102084.1829242551,2024-12-04 18:30:00+05:30,101063.34109501255,stop,-0.010000000000000009,103115.33628712637,-0.01100000000000001,102000,2024-12-26 23:30:00,0.2975637829120979,22.5,3082.516461257527,15412.582306287637,-3066.194169257873,-0.1989409761664017,2Y
2024-12-06,SELL,2024-12-06 18:30:00+05:30,2024-12-06 19:30:00+05:30,103683.55616677893,2024-12-06 22:30:00+05:30,103059.3379378072,time,0.006020416853446342,101931.19943332954,0.005020416853446342,104000,2024-12-26 23:30:00,0.30331019175223106,20.166666666666668,3149.188784368401,15745.943921842005,1025.6451878206124,0.06513710406385274,2Y
2024-12-12,BUY,2024-12-12 10:30:00+05:30,2024-12-12 14:30:00+05:30,107304.25304002147,2024-12-12 19:30:00+05:30,106231.21050962126,stop,-0.010000000000000009,108388.13438386007,-0.01100000000000001,107000,2024-12-26 23:30:00,0.2439707421361078,14.375,2252.7786330808485,11263.893165404243,-3045.6509213623385,-0.2703906079930433,2Y
2024-12-27,BUY,2024-12-27 09:30:00+05:30,2024-12-27 15:30:00+05:30,99244.38797097618,2024-12-27 22:30:00+05:30,98671.28332416578,time,-0.005774680649731079,100246.85653633958,-0.006774680649731079,99000,2025-01-28 23:30:00,0.32847340377644124,32.333333333333336,4024.4446838006284,20122.22341900314,-2189.9554260707914,-0.10883267621423132,2Y
2025-01-06,BUY,2025-01-06 16:30:00+05:30,2025-01-06 19:30:00+05:30,99450.24657306299,2025-01-06 20:30:00+05:30,101439.25150452425,target,0.020000000000000018,100454.79451824544,0.019000000000000017,99000,2025-01-28 23:30:00,0.3044350256487118,22.166666666666664,3234.8734885410877,16174.36744270544,5212.637356738242,0.322277664038671,2Y
2025-01-06,SELL,2025-01-06 10:30:00+05:30,2025-01-06 13:30:00+05:30,100027.42988230211,2025-01-06 16:30:00+05:30,101027.70418112513,stop,-0.010000000000000009,99037.05928940803,-0.01100000000000001,100000,2025-01-28 23:30:00,0.3044350256487118,22.416666666666668,3028.6694862619047,15143.347431309523,-2784.406047945028,-0.1838699178352171,2Y
2025-01-07,BUY,2025-01-07 18:30:00+05:30,2025-01-07 20:30:00+05:30,101267.30747053243,2025-01-07 22:30:00+05:30,101593.26593074475,time,0.0032187926030042835,102290.20956619437,0.0022187926030042835,101000,2025-01-28 23:30:00,0.3074520626000044,21.125,3154.025913810544,15770.129569052719,308.97596229192885,0.01959248089491052,2Y
2025-01-08,BUY,2025-01-08 19:30:00+05:30,2025-01-08 22:30:00+05:30,101536.794152572,2025-01-08 22:30:00+05:30,101501.29963065719,time,-0.0003495730016990217,102562.4183359313,-0.0013495730016990217,102000,2025-01-28 23:30:00,0.3061567681588617,20.041666666666668,2716.852700521035,13584.263502605174,-539.6117318199149,-0.0397232968659971,2Y
2025-01-10,BUY,2025-01-10 13:30:00+05:30,2025-01-10 18:30:00+05:30,102475.97629677171,2025-01-10 19:30:00+05:30,104525.49582270715,target,0.020000000000000018,103511.08716845627,0.019000000000000017,102000,2025-01-28 23:30:00,0.27727305233763233,18.208333333333332,2803.08544693867,14015.42723469335,5596.545317318364,0.3993132156160642,2Y
2025-01-22,BUY,2025-01-22 09:30:00+05:30,2025-01-22 19:30:00+05:30,104199.39243954554,2025-01-22 22:30:00+05:30,104666.7130238008,time,0.004484868609252013,105251.9115550965,0.003484868609252013,104000,2025-02-25 23:30:00,0.2903835600116329,34.166666666666664,3822.506530842629,19112.532654213144,569.6581687230695,0.029805477852119965,2Y
2025-01-31,BUY,2025-01-31 09:30:00+05:30,2025-01-31 19:30:00+05:30,108400.76718931785,2025-01-31 22:30:00+05:30,107806.6451215647,time,-0.0054807920936162935,109495.7244336544,-0.0064807920936162935,108000,2025-02-25 23:30:00,0.27856536664918735,25.166666666666668,3396.3062976300857,16981.531488150427,-2109.0393992667214,-0.1241960656339148,2Y
2025-02-03,BUY,2025-02-03 19:30:00+05:30,2025-02-03 20:30:00+05:30,108645.37682321193,2025-02-03 20:30:00+05:30,107558.92305497981,stop,-0.010000000000000009,109742.80487193125,-0.01100000000000001,109000,2025-02-25 23:30:00,0.2709165673484704,22.125,2751.3083617991388,13756.541808995695,-2929.9018418357023,-0.212982440101318,2Y
2025-02-03,SELL,2025-02-03 09:30:00+05:30,2025-02-03 17:30:00+05:30,108513.89469928591,2025-02-03 19:30:00+05:30,109599.03364627877,stop,-0.010000000000000009,107439.49970226327,-0.01100000000000001,109000,2025-02-25 23:30:00,0.2709165673484704,22.25,3185.763175446218,15928.81587723109,-3124.5395006310373,-0.19615642020806487,2Y
2025-02-05,BUY,2025-02-05 13:30:00+05:30,2025-02-05 18:30:00+05:30,110347.74995754221,2025-02-05 22:30:00+05:30,111171.02871515992,time,0.0074607661500527556,111462.37369448709,0.0064607661500527555,110000,2025-02-25 23:30:00,0.2723481901458429,20.208333333333332,3027.438672981285,15137.193364906425,1683.5109924972903,0.11121685189014545,2Y
2025-02-07,BUY,2025-02-07 09:30:00+05:30,2025-02-07 18:30:00+05:30,109571.59706009396,2025-02-07 20:30:00+05:30,111763.02900129584,target,0.020000000000000018,110678.38086878178,0.019000000000000017,110000,2025-02-25 23:30:00,0.27486313166920373,18.208333333333332,2508.6680800729837,12543.34040036492,5470.389640964893,0.43611904535459667,2Y
2025-02-13,BUY,2025-02-13 09:30:00+05:30,2025-02-13 19:30:00+05:30,109027.84855718752,2025-02-13 22:30:00+05:30,109342.62485099361,time,0.0028871182727316924,110152.96568026456,0.0018871182727316924,109000,2025-02-25 23:30:00,0.2608147194176666,12.166666666666666,2111.369920474744,10556.84960237372,394.98183321988824,0.03741474474838365,2Y
2025-02-14,BUY,2025-02-14 09:30:00+05:30,2025-02-14 21:30:00+05:30,109449.75788924092,2025-02-14 22:30:00+05:30,109899.37293087768,time,0.004107958302582482,110555.31099923326,0.0031079583025824817,109000,2025-02-25 23:30:00,0.23902792717312088,11.083333333333332,2075.2046971938307,10376.023485969154,878.7753184568583,0.08469288062475679,2Y
2025-02-19,BUY,2025-02-19 13:30:00+05:30,2025-02-19 19:30:00+05:30,111008.82978369312,2025-02-19 22:30:00+05:30,110945.75205276311,time,-0.000568222645468075,112130.13109463951,-0.001568222645468075,111000,2025-03-26 23:30:00,0.22941367254986902,35.166666666666664,3184.5734677335818,15922.86733866791,-711.3717205292814,-0.044676106721165086,2Y
2025-02-20,BUY,2025-02-20 15:30:00+05:30,2025-02-20 18:30:00+05:30,111564.92148981197,2025-02-20 22:30:00+05:30,111819.82045155224,time,0.002284759029419048,112691.83988869896,0.0012847590294190478,112000,2025-03-26 23:30:00,0.2325146121891617,34.208333333333336,2987.033254897817,14935.166274489085,88.38395729507488,0.005917842203474122,2Y
2025-02-25,SELL,2025-02-25 17:30:00+05:30,2025-02-25 19:30:00+05:30,109355.17600333232,2025-02-25 20:30:00+05:30,107168.07248326567,target,0.020000000000000018,108272.45148844784,0.019000000000000017,109000,2025-03-26 23:30:00,0.23349784981407792,29.166666666666664,2726.5892121869506,13632.946060934753,5185.352948355002,0.38035454150395603,2Y
2025-02-27,BUY,2025-02-27 13:30:00+05:30,2025-02-27 14:30:00+05:30,107446.59267801353,2025-02-27 18:30:00+05:30,109595.52453157381,target,0.020000000000000018,108531.91179597327,0.019000000000000017,107000,2025-03-26 23:30:00,0.2204892109564985,27.375,2840.3002408368816,14201.501204184407,5841.187953311787,0.4113077814330437,2Y
2025-02-27,SELL,2025-02-27 19:30:00+05:30,2025-02-27 20:30:00+05:30,107859.18175952786,2025-02-27 22:30:00+05:30,108052.32200072712,time,-0.001790670372688874,106791.26906883947,-0.002790670372688874,108000,2025-03-26 23:30:00,0.2204892109564985,27.125,2685.5776650527373,13427.888325263686,-933.2953376634775,-0.06950425227379527,2Y
2025-03-03,BUY,2025-03-03 09:30:00+05:30,2025-03-03 10:30:00+05:30,106188.06566738765,2025-03-03 17:30:00+05:30,108311.82698073541,target,0.020000000000000018,107260.67239130066,0.019000000000000017,106000,2025-03-26 23:30:00,0.18670336996670864,23.541666666666668,2124.750741061687,10623.753705308436,5885.559322380945,0.553999978316522,2Y
2025-03-04,BUY,2025-03-04 13:30:00+05:30,2025-03-04 16:30:00+05:30,108232.51889992431,2025-03-04 20:30:00+05:30,107150.19371092507,stop,-0.010000000000000009,109325.77666659022,-0.01100000000000001,108000,2025-03-26 23:30:00,0.20548937174412646,22.291666666666664,2333.688926242211,11668.444631211056,-3021.8839958518333,-0.25897916057885045,2Y
2025-03-05,BUY,2025-03-05 10:30:00+05:30,2025-03-05 18:30:00+05:30,108543.83380746913,2025-03-05 20:30:00+05:30,110714.71048361852,target,0.020000000000000018,109640.23616916074,0.019000000000000017,109000,2025-03-26 23:30:00,0.20198668534785807,21.208333333333332,1913.4734998636354,9567.367499318178,5566.627667207849,0.5818348325811209,2Y
2025-03-06,BUY,2025-03-06 09:30:00+05:30,2025-03-06 15:30:00+05:30,110095.3381512022,2025-03-06 22:30:00+05:30,111446.0048285178,time,0.012268155037233663,111207.41227394162,0.011268155037233663,110000,2025-03-26 23:30:00,0.20367354220409972,20.333333333333336,2182.7553158601704,10913.776579300851,3309.5764364075985,0.3032475891695058,2Y
2025-03-07,SELL,2025-03-07 18:30:00+05:30,2025-03-07 19:30:00+05:30,110617.64398208665,2025-03-07 22:30:00+05:30,110045.9648310753,time,0.005168064789952798,109522.41978424421,0.004168064789952798,111000,2025-03-26 23:30:00,0.20412825136864232,19.166666666666664,2290.5743784505626,11452.871892252813,1097.695555635959,0.09584456771741984,2Y
2025-03-14,BUY,2025-03-14 09:30:00+05:30,2025-03-14 18:30:00+05:30,115105.4164546137,2025-03-14 22:30:00+05:30,115205.3980563498,time,0.0008686090091645227,116268.09742890274,-0.00013139099083547736,115000,2025-03-26 23:30:00,0.22161561633810134,12.208333333333332,1937.8650842621057,9689.325421310528,-142.09979327195992,-0.014665602309055302,2Y
2025-03-26,BUY,2025-03-26 11:30:00+05:30,2025-03-26 22:30:00+05:30,112390.3171831223,2025-03-26 22:30:00+05:30,113049.2124771253,time,0.005862562812501304,113525.57291224475,0.004862562812501304,112000,2025-04-25 23:30:00,0.22219207530370577,30.041666666666668,3081.3483527935723,15406.74176396786,1271.6266282261286,0.08253702487570176,2Y
2025-03-28,BUY,2025-03-28 09:30:00+05:30,2025-03-28 19:30:00+05:30,115317.7704825776,2025-03-28 22:30:00+05:30,114668.04017495687,time,-0.0056342600529109,116482.59644704808,-0.0066342600529109,115000,2025-04-25 23:30:00,0.23379628774552524,28.166666666666668,3176.0311130771497,15880.155565385749,-2187.096087081161,-0.13772510464874868,2Y
2025-04-08,BUY,2025-04-08 19:30:00+05:30,2025-04-08 20:30:00+05:30,100125.84743299831,2025-04-08 21:30:00+05:30,99124.58895866833,stop,-0.010000000000000009,101490.66603172143,-0.01100000000000001,100000,2025-04-25 23:30:00,0.4503011796141147,17.125,4002.4441335498736,20012.220667749367,-3149.4661595815983,-0.15737714528888394,2Y
2025-04-09,BUY,2025-04-09 12:30:00+05:30,2025-04-09 13:30:00+05:30,100489.0729455406,2025-04-09 22:30:00+05:30,102498.85440445141,target,0.020000000000000018,101504.11408640465,0.019000000000000017,100000,2025-04-25 23:30:00,0.4400261084424748,16.416666666666668,4028.2184252426655,20141.092126213327,4872.476225759482,0.2419171808175202,2Y
2025-04-10,BUY,2025-04-10 09:30:00+05:30,2025-04-10 13:30:00+05:30,102193.40828700208,2025-04-10 22:30:00+05:30,102677.45545039258,time,0.004736579115074413,103225.66493636573,0.003736579115074413,102000,2025-04-25 23:30:00,0.4607296992392597,15.416666666666666,4001.034694694553,20005.173473472765,394.23393708888557,0.019706599276014633,2Y
2025-04-14,BUY,2025-04-14 13:30:00+05:30,2025-04-14 18:30:00+05:30,105955.39710090317,2025-04-14 22:30:00+05:30,106908.15239864634,time,0.008992041215567737,107025.65363727593,0.007992041215567736,106000,2025-04-25 23:30:00,0.47783434290639565,11.208333333333334,3562.5300818464325,17812.650409232163,1794.8003072031293,0.10075986818182306,2Y
2025-04-21,BUY,2025-04-21 10:30:00+05:30,2025-04-21 22:30:00+05:30,106633.76051543152,2025-04-21 22:30:00+05:30,107063.31878217861,time,0.004028351477719072,107710.86920750659,0.003028351477719072,107000,2025-05-27 23:30:00,0.4791197441144676,36.041666666666664,6281.2520478336355,31406.26023916818,106.36424774243743,0.0033867212120272036,2Y
2025-04-22,SELL,2025-04-22 12:30:00+05:30,2025-04-22 16:30:00+05:30,107569.88365923203,2025-04-22 21:30:00+05:30,108645.58249582435,stop,-0.010000000000000009,106504.83530617032,-0.01100000000000001,108000,2025-05-27 23:30:00,0.47573725845897696,35.291666666666664,6629.357677015509,33146.78838507754,-3603.4616535589043,-0.10871224118898827,2Y
2025-04-25,BUY,2025-04-25 10:30:00+05:30,2025-04-25 16:30:00+05:30,109320.47650903088,2025-04-25 18:30:00+05:30,108227.27174394057,stop,-0.010000000000000009,110424.72374649585,-0.01100000000000001,109000,2025-05-27 23:30:00,0.4768282614619001,32.291666666666664,6390.918657165209,31954.593285826046,-3847.5380022795243,-0.12040641443514036,2Y
2025-05-01,SELL,2025-05-01 12:30:00+05:30,2025-05-01 13:30:00+05:30,105751.47437759695,2025-05-01 16:30:00+05:30,103636.44489004501,target,0.020000000000000018,104704.43007682866,0.019000000000000017,106000,2025-05-27 23:30:00,0.4775388703100278,26.416666666666668,5604.5764328430405,28022.882164215203,4356.3802152878525,0.1554579643078571,2Y
2025-05-05,BUY,2025-05-05 18:30:00+05:30,2025-05-05 19:30:00+05:30,105724.11860245853,2025-05-05 20:30:00+05:30,104666.87741643394,stop,-0.010000000000000009,106847.14561136613,-0.01100000000000001,106000,2025-05-27 23:30:00,0.38574606519841287,22.166666666666664,3919.427968496598,19597.13984248299,-3179.493206502667,-0.16224271664429885,2Y
2025-05-05,SELL,2025-05-05 20:30:00+05:30,2025-05-05 21:30:00+05:30,105595.8840748129,2025-05-05 22:30:00+05:30,105596.67102312583,time,-7.452452525313902e-06,104550.38027209198,-0.001007452452525314,106000,2025-05-27 23:30:00,0.38574606519841287,22.083333333333332,4254.902565268102,21274.51282634051,-709.7017634378908,-0.033359248657350744,2Y
2025-05-07,BUY,2025-05-07 09:30:00+05:30,2025-05-07 15:30:00+05:30,107667.86437108763,2025-05-07 19:30:00+05:30,106591.18572737675,stop,-0.010000000000000009,108755.41855665417,-0.01100000000000001,108000,2025-05-27 23:30:00,0.26179260154754147,20.333333333333336,2523.2385470755553,12616.192735377776,-2905.6827558647437,-0.23031375762964965,2Y
2025-05-08,SELL,2025-05-08 11:30:00+05:30,2025-05-08 13:30:00+05:30,107220.75358419686,2025-05-08 19:30:00+05:30,108292.96112003883,stop,-0.010000000000000009,106149.53151265599,-0.01100000000000001,107000,2025-05-27 23:30:00,0.2702157234708316,19.416666666666668,2583.141686599085,12915.708432995425,-2844.4902728622274,-0.2202349400823792,2Y
2025-05-13,BUY,2025-05-13 09:30:00+05:30,2025-05-13 17:30:00+05:30,107574.61334626419,2025-05-13 22:30:00+05:30,108690.38462681253,time,0.010372068705065907,108661.22560228706,0.009372068705065906,108000,2025-05-27 23:30:00,0.21571525885281537,14.25,1648.0660998517662,8240.330499258831,2490.0086227185916,0.3021733925529508,2Y
2025-05-15,SELL,2025-05-15 09:30:00+05:30,2025-05-15 20:30:00+05:30,107351.05273885402,2025-05-15 22:30:00+05:30,107630.3059046713,time,-0.0026013081259352866,106288.17102856834,-0.0036013081259352866,107000,2025-05-27 23:30:00,0.234043830661444,12.125,1674.7766878673185,8373.883439336592,-941.45399733156,-0.1124274064896878,2Y
2025-05-19,BUY,2025-05-19 13:30:00+05:30,2025-05-19 19:30:00+05:30,106685.13541058537,2025-05-19 22:30:00+05:30,106863.99504553214,time,0.0016765187976601759,107762.76304099533,0.0006765187976601758,107000,2025-05-27 23:30:00,0.22810887100367674,8.166666666666666,1319.8928716017215,6599.464358008608,127.47454212996851,0.019315892201959558,2Y
2025-05-20,SELL,2025-05-20 09:30:00+05:30,2025-05-20 15:30:00+05:30,107695.83190614037,2025-05-20 19:30:00+05:30,108772.79022520178,stop,-0.010000000000000009,106629.53654073304,-0.01100000000000001,108000,2025-05-27 23:30:00,0.22809393795621752,7.333333333333333,1569.527110040436,7847.63555020218,-2827.4233639214203,-0.36028984091247424,2Y
2025-05-22,BUY,2025-05-22 09:30:00+05:30,2025-05-22 15:30:00+05:30,110205.73859681896,2025-05-22 15:30:00+05:30,109103.68121085077,stop,-0.010000000000000009,111318.92787557471,-0.01100000000000001,110000,2025-06-25 23:30:00,0.2338154628086447,34.333333333333336,3281.8094574764195,16409.047287382098,-3218.2151362749833,-0.19612443549660938,2Y
2025-05-22,SELL,2025-05-22 15:30:00+05:30,2025-05-22 18:30:00+05:30,110437.40783374036,2025-05-22 22:30:00+05:30,110222.04930824152,time,0.0019500505283776004,109343.96815221818,0.0009500505283776004,110000,2025-06-25 23:30:00,0.2338154628086447,34.208333333333336,2958.8157670244223,14794.07883512211,-34.643804414203196,-0.0023417344736568887,2Y
2025-05-28,BUY,2025-05-28 09:30:00+05:30,2025-05-28 20:30:00+05:30,109231.4866407325,2025-05-28 22:30:00+05:30,109180.53922676656,time,-0.00046641692366145016,110334.83499063889,-0.0014664169236614502,109000,2025-06-25 23:30:00,0.22110179134102073,28.125,2816.3191741925616,14081.595870962808,-619.8574919885668,-0.04401898035340969,2Y
2025-05-29,BUY,2025-05-29 15:30:00+05:30,2025-05-29 19:30:00+05:30,109478.60794215609,2025-05-29 22:30:00+05:30,110102.72373051701,time,0.005700801280654533,110584.45246682432,0.004700801280654533,109000,2025-06-25 23:30:00,0.20387037907622704,27.166666666666668,2697.3808362731297,13486.904181365648,1241.0133173807417,0.09201617366685258,2Y
2025-06-10,BUY,2025-06-10 15:30:00+05:30,2025-06-10 19:30:00+05:30,120642.65831565092,2025-06-10 22:30:00+05:30,121061.4242438182,time,0.003471126498817867,121861.27102591001,0.002471126498817867,121000,2025-06-25 23:30:00,0.2520337368399213,15.166666666666666,2329.7235285629486,11648.617642814743,583.35822168655,0.05007960940724884,2Y
2025-06-12,SELL,2025-06-12 12:30:00+05:30,2025-06-12 18:30:00+05:30,120344.44357170594,2025-06-12 22:30:00+05:30,119799.93699419961,time,0.0045245676605076834,119152.91442743162,0.0035245676605076834,120000,2025-06-25 23:30:00,0.24884525324663256,13.208333333333334,2127.683591953618,10638.417959768089,862.9197324561368,0.0811135392235471,2Y
2025-06-16,BUY,2025-06-16 11:30:00+05:30,2025-06-16 19:30:00+05:30,120045.43946204029,2025-06-16 22:30:00+05:30,120436.42736642412,time,0.0032569992340896192,121258.01965862655,0.002256999234089619,120000,2025-06-25 23:30:00,0.24399430526490692,9.166666666666666,1899.1547678358502,9495.773839179252,623.0765434716709,0.06561619453286445,2Y
2025-06-18,BUY,2025-06-18 09:30:00+05:30,2025-06-18 19:30:00+05:30,122994.13803912068,2025-06-18 22:30:00+05:30,123042.91855075446,time,0.0003966084271289638,124236.50306981886,-0.0006033915728710362,123000,2025-06-25 23:30:00,0.24644471020515077,7.166666666666667,1714.6489170573254,8573.244585286628,-252.5460279235965,-0.02945746215581148,2Y
2025-07-02,SELL,2025-07-02 09:30:00+05:30,2025-07-02 19:30:00+05:30,120942.34294992876,2025-07-02 22:30:00+05:30,121227.37000121684,time,-0.002356718452247053,119744.89400983046,-0.003356718452247053,121000,2025-07-28 23:30:00,0.21235362327697527,26.166666666666668,2801.0307009973153,14005.153504986576,-1174.6233449529457,-0.08387079402840658,2Y
2025-07-08,BUY,2025-07-08 09:30:00+05:30,2025-07-08 19:30:00+05:30,121130.62204080865,2025-07-08 22:30:00+05:30,121825.95612258752,time,0.00574036581389481,122354.1636775845,0.00474036581389481,121000,2025-07-28 23:30:00,0.18244518654710784,20.166666666666668,2161.338967143017,10806.694835715083,1457.3617142013384,0.13485730247373123,2Y
2025-07-14,BUY,2025-07-14 09:30:00+05:30,2025-07-14 20:30:00+05:30,127939.30763925675,2025-07-14 22:30:00+05:30,128257.11455317243,time,0.002484044347119463,129231.62387803712,0.0014840443471194628,128000,2025-07-28 23:30:00,0.23863825215324808,14.125,2395.667139529321,11978.335697646606,364.38179478247514,0.03042006869569247,2Y
2025-07-16,SELL,2025-07-16 19:30:00+05:30,2025-07-16 20:30:00+05:30,126909.9239557967,2025-07-16 22:30:00+05:30,126427.55492993626,time,0.0038008771168158706,125653.39005524425,0.0028008771168158706,127000,2025-07-28 23:30:00,0.24905128369926915,12.125,2374.1727781872682,11870.863890936342,776.2270029867818,0.06538925979763341,2Y
2025-07-17,SELL,2025-07-17 17:30:00+05:30,2025-07-17 19:30:00+05:30,126427.25944382392,2025-07-17 22:30:00+05:30,127243.77684899126,time,-0.006458396778980635,125175.50439982566,-0.007458396778980635,126000,2025-07-28 23:30:00,0.233532566760059,11.166666666666666,1874.0435257192178,9370.217628596089,-2096.2784966489126,-0.2237171621554954,2Y
2025-07-23,BUY,2025-07-23 09:30:00+05:30,2025-07-23 21:30:00+05:30,131002.16138350507,2025-07-23 22:30:00+05:30,131545.008657842,time,0.00414380395410241,132325.415538894,0.0031438039541024096,131000,2025-08-26 23:30:00,0.2321802101795875,34.083333333333336,3741.1083758206933,18705.541879103468,774.0218939405278,0.04137928208352046,2Y
2025-07-25,BUY,2025-07-25 12:30:00+05:30,2025-07-25 15:30:00+05:30,130072.93634375541,2025-07-25 19:30:00+05:30,128772.20698031786,stop,-0.010000000000000009,131386.80438763174,-0.01100000000000001,130000,2025-08-26 23:30:00,0.21439057569067102,32.333333333333336,3376.969866859634,16884.849334298167,-3681.472792020901,-0.21803409193250728,2Y
2025-08-01,SELL,2025-08-01 17:30:00+05:30,2025-08-01 18:30:00+05:30,124833.28881835131,2025-08-01 22:30:00+05:30,124229.43692784276,time,0.00483726653542893,122558.85181154031,0.00383726653542893,125000,2025-08-26 23:30:00,0.26280980414492866,25.208333333333336,3562.0599615812757,17810.29980790638,863.7056714676684,0.04849472949827889,2Y
2025-08-08,BUY,2025-08-08 12:30:00+05:30,2025-08-08 22:30:00+05:30,129465.89720200776,2025-08-08 22:30:00+05:30,129392.40527909303,time,-0.0005676546836118623,130773.63353738158,-0.0015676546836118624,129000,2025-08-26 23:30:00,0.25874378058880615,18.041666666666668,3241.812167756867,16209.060838784335,-727.4503077078809,-0.04487923852856851,2Y
2025-08-12,SELL,2025-08-12 19:30:00+05:30,2025-08-12 20:30:00+05:30,128480.0740555384,2025-08-12 22:30:00+05:30,128249.55549541765,time,0.0017941969742413244,127207.99411439445,0.0007941969742413244,128000,2025-08-26 23:30:00,0.20340261346606717,14.125,1838.480153346255,9192.400766731276,174.50003178722486,0.018983074847951312,2Y
2025-08-20,SELL,2025-08-20 09:30:00+05:30,2025-08-20 17:30:00+05:30,126363.44387097236,2025-08-20 22:30:00+05:30,126928.75194369827,time,-0.004473667822025629,125112.32066432908,-0.005473667822025629,126000,2025-09-25 23:30:00,0.20015868412421278,36.25,3021.763152931709,15108.815764658546,-1803.046065431871,-0.11933735201467123,2Y
2025-08-26,BUY,2025-08-26 09:30:00+05:30,2025-08-26 14:30:00+05:30,130125.48757193553,2025-08-26 22:30:00+05:30,130305.10889999449,time,0.0013803700674679398,131439.88643629852,0.00038037006746793976,130000,2025-09-25 23:30:00,0.2155810059517863,30.375000000000004,3320.840300115504,16604.201500577517,-173.02593470335873,-0.010420611596248132,2Y
2025-09-05,BUY,2025-09-05 10:30:00+05:30,2025-09-05 17:30:00+05:30,140280.43984316147,2025-09-05 22:30:00+05:30,141168.9212489519,time,0.006333608639834454,141697.4139829914,0.005333608639834454,140000,2025-09-25 23:30:00,0.23079699625282793,20.25,3217.26726800803,16086.33634004015,1782.8333666963242,0.11082904951195832,2Y
2025-09-08,SELL,2025-09-08 09:30:00+05:30,2025-09-08 12:30:00+05:30,141345.6096773478,2025-09-08 19:30:00+05:30,142759.06577412126,stop,-0.010000000000000009,139946.14819539385,-0.01100000000000001,141000,2025-09-25 23:30:00,0.23106657344854062,17.458333333333332,2708.0629674287657,13540.31483714383,-3559.8127196078794,-0.26290472285345917,2Y
2025-09-11,SELL,2025-09-11 10:30:00+05:30,2025-09-11 17:30:00+05:30,142241.54389396863,2025-09-11 21:30:00+05:30,143663.95933290833,stop,-0.010000000000000009,140833.21177620656,-0.01100000000000001,142000,2025-09-25 23:30:00,0.23057422474023326,14.25,2494.510527831955,12472.552639159776,-3514.3186668006433,-0.2817641880112673,2Y
2025-09-16,BUY,2025-09-16 11:30:00+05:30,2025-09-16 20:30:00+05:30,145109.91971463116,2025-09-16 22:30:00+05:30,145360.73185676473,time,0.0017284286465515386,146575.67647942543,0.0007284286465515386,145000,2025-09-25 23:30:00,0.22374434720890293,9.125,2130.6167419851945,10653.083709925973,236.21530840640466,0.022173420845863802,2Y
2025-10-02,BUY,2025-10-02 18:30:00+05:30,2025-10-02 19:30:00+05:30,162060.27147112196,2025-10-02 19:30:00+05:30,160439.66875641074,stop,-0.010000000000000009,164033.7076710452,-0.01100000000000001,162000,2025-10-28 23:30:00,0.24481912288553717,26.166666666666668,4310.512097670593,21552.560488352967,-4545.714838058428,-0.21091298365755373,2Y
2025-10-07,SELL,2025-10-07 12:30:00+05:30,2025-10-07 15:30:00+05:30,165442.89206709134,2025-10-07 20:30:00+05:30,162134.0342257495,target,0.02000000000000013,163804.8436307835,0.019000000000000128,165000,2025-10-28 23:30:00,0.2653301907662436,21.333333333333332,4054.3389745766267,20271.694872883134,7889.304471463217,0.38917833565147597,2Y
2025-10-09,BUY,2025-10-09 17:30:00+05:30,2025-10-09 18:30:00+05:30,166757.89945684012,2025-10-09 19:30:00+05:30,165090.32046227172,stop,-0.010000000000000009,168442.3226836769,-0.01100000000000001,167000,2025-10-28 23:30:00,0.29268604721954133,19.208333333333332,4399.363144080379,21996.815720401897,-4618.600938061349,-0.20996679686585853,2Y
2025-10-09,SELL,2025-10-09 11:30:00+05:30,2025-10-09 14:30:00+05:30,166540.39192335398,2025-10-09 17:30:00+05:30,168205.7958425875,stop,-0.010000000000000009,164891.47715183563,-0.01100000000000001,167000,2025-10-28 23:30:00,0.29268604721954133,19.375,4773.459173059334,23867.29586529667,-4704.91296939307,-0.19712802807435212,2Y
2025-10-10,SELL,2025-10-10 09:30:00+05:30,2025-10-10 10:30:00+05:30,162283.4655086233,2025-10-10 12:30:00+05:30,163906.30016370956,stop,-0.010000000000000009,160676.6985233894,-0.01100000000000001,162000,2025-10-28 23:30:00,0.32932044050611636,18.541666666666664,4714.019747677813,23570.098738389064,-4386.493073184647,-0.18610414499623132,2Y
2025-10-14,BUY,2025-10-14 09:30:00+05:30,2025-10-14 10:30:00+05:30,171217.99040692917,2025-10-14 11:30:00+05:30,169505.81050285988,stop,-0.010000000000000009,172947.46505750422,-0.01100000000000001,171000,2025-10-28 23:30:00,0.38887726229258535,14.541666666666666,5473.827605685903,27369.138028429516,-5081.778138476752,-0.18567549088312857,2Y
2025-10-14,SELL,2025-10-14 11:30:00+05:30,2025-10-14 12:30:00+05:30,171288.33356372063,2025-10-14 12:30:00+05:30,173001.21689935785,stop,-0.010000000000000009,168223.72239628778,-0.01100000000000001,171000,2025-10-28 23:30:00,0.38887726229258535,14.458333333333332,5203.873145768731,26019.365728843655,-4619.8984938650165,-0.17755615344395762,2Y
2025-10-16,BUY,2025-10-16 09:30:00+05:30,2025-10-16 10:30:00+05:30,174961.684722332,2025-10-16 18:30:00+05:30,178460.91841677864,target,0.020000000000000018,176728.974467002,0.019000000000000017,175000,2025-10-28 23:30:00,0.3736787538582121,12.541666666666668,4876.600431422288,24383.00215711144,8687.279032601049,0.35628422524120373,2Y
2025-10-22,SELL,2025-10-22 16:30:00+05:30,2025-10-22 17:30:00+05:30,161526.13111493408,2025-10-22 18:30:00+05:30,163141.39242608342,stop,-0.010000000000000009,159926.86249003373,-0.01100000000000001,162000,2025-11-25 23:30:00,0.5159556186722577,34.25,10519.789704882087,52598.948524410436,-5335.637135706317,-0.10143999614802418,2Y
2025-10-24,SELL,2025-10-24 09:30:00+05:30,2025-10-24 18:30:00+05:30,163956.6689436047,2025-10-24 22:30:00+05:30,163782.8339213985,time,0.0010602497801780464,162333.3355877274,6.0249780178046365e-05,164000,2025-11-25 23:30:00,0.5149319233701155,32.20833333333333,10110.594945887968,50552.97472943984,-1307.117865545669,-0.025856398610395934,2Y
2025-10-27,SELL,2025-10-27 16:30:00+05:30,2025-10-27 17:30:00+05:30,162043.1017224628,2025-10-27 19:30:00+05:30,158802.23968801353,target,0.020000000000000018,160438.71457669584,0.019000000000000017,162000,2025-11-25 23:30:00,0.5002052123378044,29.25,9212.230957799233,46061.154788996166,6413.446014196862,0.1392376297028708,2Y
2025-10-28,SELL,2025-10-28 13:30:00+05:30,2025-10-28 16:30:00+05:30,158311.4267117192,2025-10-28 18:30:00+05:30,159894.5409788364,stop,-0.010000000000000009,156743.98684328631,-0.01100000000000001,158000,2025-11-25 23:30:00,0.5084888424499187,28.291666666666668,8856.724870247635,44283.62435123818,-4960.866349607575,-0.11202484941747702,2Y
2025-10-31,BUY,2025-10-31 11:30:00+05:30,2025-10-31 21:30:00+05:30,165116.85127542587,2025-10-31 22:30:00+05:30,165394.98931017533,time,0.0016844921193748252,166784.69825800593,0.0006844921193748252,165000,2025-11-25 23:30:00,0.5029583320036782,25.083333333333336,8825.89267841139,44129.46339205695,-698.7483068522989,-0.015834054011589674,2Y
2025-11-06,BUY,2025-11-06 09:30:00+05:30,2025-11-06 22:30:00+05:30,162658.6700965575,2025-11-06 22:30:00+05:30,163634.97635100686,time,0.006002177774291351,164301.6869662197,0.005002177774291351,163000,2025-11-25 23:30:00,0.47519407903617145,19.041666666666668,6957.220162187538,34786.10081093769,1411.0680014347884,0.04056413247072263,2Y
2025-11-07,BUY,2025-11-07 13:30:00+05:30,2025-11-07 19:30:00+05:30,164554.18727589987,2025-11-07 22:30:00+05:30,164498.2099365707,time,-0.0003401757211763945,166216.35078373723,-0.0013401757211763945,165000,2025-11-25 23:30:00,0.458235434722193,18.166666666666668,6572.942190739447,32864.710953697235,-1295.7029728364198,-0.03942535732816646,2Y
2025-11-13,BUY,2025-11-13 09:30:00+05:30,2025-11-13 19:30:00+05:30,180919.8741948726,2025-11-13 22:30:00+05:30,181876.70281559898,time,0.005288687188096164,182747.34767158848,0.004288687188096164,181000,2025-11-25 23:30:00,0.46425889778495333,12.166666666666666,6155.163111904244,30775.81555952122,1343.0956093231018,0.043641267823610407,2Y
2025-11-19,BUY,2025-11-19 09:30:00+05:30,2025-11-19 22:30:00+05:30,171259.96896923252,2025-11-19 22:30:00+05:30,172827.80171891305,time,0.00915469481348663,172989.8676456894,0.00815469481348663,171000,2025-12-26 23:30:00,0.3408602359412962,37.04166666666667,7603.150255830154,38015.75127915077,2967.5093544650194,0.07805999499193142,2Y
2025-11-21,SELL,2025-11-21 09:30:00+05:30,2025-11-21 21:30:00+05:30,172515.06110190658,2025-11-21 22:30:00+05:30,172764.9234240993,time,-0.0014483507735312262,170806.99119000652,-0.0024483507735312262,173000,2025-12-26 23:30:00,0.3328788836295159,35.083333333333336,7418.513899576568,37092.56949788284,-1788.243158860608,-0.048210279931205004,2Y
2025-11-26,BUY,2025-11-26 09:30:00+05:30,2025-11-26 11:30:00+05:30,177453.0169325312,2025-11-26 13:30:00+05:30,181002.07727118183,target,0.020000000000000018,179245.4716490214,0.019000000000000017,177000,2025-12-26 23:30:00,0.31483798309989336,30.5,6724.836912434917,33624.18456217459,8832.244875078251,0.26267536269159236,2Y
2025-12-03,BUY,2025-12-03 09:30:00+05:30,2025-12-03 10:30:00+05:30,202923.24709929668,2025-12-03 18:30:00+05:30,206981.71204128262,target,0.020000000000000018,204972.97686797645,0.019000000000000017,203000,2025-12-26 23:30:00,0.4846208945136003,23.541666666666668,10027.551802276808,50137.75901138404,9129.174581356276,0.18208182338750817,2Y
2025-12-04,SELL,2025-12-04 10:30:00+05:30,2025-12-04 11:30:00+05:30,202477.24267772265,2025-12-04 14:30:00+05:30,198427.6978241682,target,0.020000000000000018,200472.5175026957,0.019000000000000017,202000,2025-12-26 23:30:00,0.481857461562556,22.5,9512.905993424492,47564.529967122464,8339.280540270689,0.17532561650530265,2Y
2025-12-05,BUY,2025-12-05 11:30:00+05:30,2025-12-05 14:30:00+05:30,202790.63150178568,2025-12-05 20:30:00+05:30,206846.4441318214,target,0.020000000000000018,204839.02171897545,0.019000000000000017,203000,2025-12-26 23:30:00,0.48808665678208885,21.375,9556.052964731529,47780.26482365764,9231.531841300022,0.193208050967712,2Y
2025-12-09,SELL,2025-12-09 10:30:00+05:30,2025-12-09 13:30:00+05:30,203786.98466028433,2025-12-09 14:30:00+05:30,205824.85450688718,stop,-0.010000000000000009,201769.29174285577,-0.01100000000000001,204000,2025-12-26 23:30:00,0.4964776000517434,17.416666666666668,9030.044359981655,45150.22179990828,-6107.090043396547,-0.13526157347490492,2Y
2025-12-12,BUY,2025-12-12 13:30:00+05:30,2025-12-12 20:30:00+05:30,222037.4925590356,2025-12-12 20:30:00+05:30,219817.11763344525,stop,-0.010000000000000009,224280.2955141774,-0.01100000000000001,222000,2025-12-26 23:30:00,0.5131688158135503,14.125,9067.91750703809,45339.58753519045,-6883.2276531357375,-0.1518149596705815,2Y
2025-12-16,SELL,2025-12-16 09:30:00+05:30,2025-12-16 13:30:00+05:30,221633.06714367782,2025-12-16 19:30:00+05:30,223849.39781511461,stop,-0.010000000000000009,219438.68034027508,-0.01100000000000001,222000,2025-12-26 23:30:00,0.5178211004896451,10.416666666666666,8027.410846153728,40137.05423076864,-6810.067025131877,-0.16967032473228572,2Y
2025-12-18,SELL,2025-12-18 19:30:00+05:30,2025-12-18 21:30:00+05:30,229572.72534178852,2025-12-18 22:30:00+05:30,227275.5149453884,time,0.010006460449428545,227299.72806117675,0.009006460449428544,230000,2025-12-26 23:30:00,0.4964117694517392,8.083333333333334,7080.965213354755,35404.82606677378,4690.976411065649,0.13249539489950976,2Y
2025-12-23,BUY,2025-12-23 09:30:00+05:30,2025-12-23 20:30:00+05:30,238039.88163669736,2025-12-23 21:30:00+05:30,242800.6792694313,target,0.020000000000000018,240444.3248855529,0.019000000000000017,238000,2026-01-27 23:30:00,0.50978166405826,35.125,15151.081549536597,75755.40774768298,10565.345368846016,0.1394665500849233,2Y
2025-12-29,BUY,2025-12-29 09:30:00+05:30,2025-12-29 11:30:00+05:30,263555.9404381169,2025-12-29 11:30:00+05:30,260920.38103373573,stop,-0.010000000000000009,266218.1216546635,-0.01100000000000001,264000,2026-01-27 23:30:00,0.5586234889352503,29.5,16633.003930519037,83165.01965259519,-9219.831363878911,-0.11086189124216968,2Y
2025-12-29,SELL,2025-12-29 16:30:00+05:30,2025-12-29 17:30:00+05:30,257726.05992547653,2025-12-29 18:30:00+05:30,260303.3205247313,stop,-0.010000000000000009,255174.31675789756,-0.01100000000000001,258000,2026-01-27 23:30:00,0.5586234889352503,29.25,16547.831764708757,82739.15882354378,-8407.535007684075,-0.10161494420815498,2Y
2026-01-02,BUY,2026-01-02 10:30:00+05:30,2026-01-02 20:30:00+05:30,251439.63180051322,2026-01-02 21:30:00+05:30,248925.23548250808,stop,-0.010000000000000009,253979.42606112445,-0.01100000000000001,251000,2026-01-27 23:30:00,0.7223438755609568,25.124999999999996,19387.00728260298,96935.0364130149,-9613.224335171575,-0.0991718236346674,2Y
2026-01-07,SELL,2026-01-07 18:30:00+05:30,2026-01-07 21:30:00+05:30,271074.17555456737,2026-01-07 22:30:00+05:30,269818.2906918226,time,0.004632993387051587,268390.2728263043,0.003632993387051587,271000,2026-01-27 23:30:00,0.7558273758957043,20.083333333333332,19325.7147136509,96628.5735682545,-196.6842981170912,-0.0020354672624672597,2Y
2026-01-15,SELL,2026-01-15 09:30:00+05:30,2026-01-15 12:30:00+05:30,312352.4134581479,2026-01-15 14:30:00+05:30,315475.9375927294,stop,-0.010000000000000009,309259.8153050969,-0.01100000000000001,312000,2026-01-27 23:30:00,0.8031119232604693,12.458333333333334,18519.16573871677,92595.82869358384,-10132.005930835596,-0.10942183977168363,2Y
2026-01-16,BUY,2026-01-16 10:30:00+05:30,2026-01-16 11:30:00+05:30,316999.84492368787,2026-01-16 11:30:00+05:30,313829.846474451,stop,-0.009999999999999898,320201.8635592807,-0.010999999999999899,317000,2026-01-27 23:30:00,0.8026283614040736,11.5,18234.497842042303,91172.48921021151,-10829.14414356621,-0.1187764449273512,2Y
2026-01-21,BUY,2026-01-21 14:30:00+05:30,2026-01-21 17:30:00+05:30,332839.4386440242,2026-01-21 20:30:00+05:30,329511.04425758397,stop,-0.009999999999999898,336201.453175782,-0.010999999999999899,333000,2026-02-24 23:30:00,0.8317109486968071,34.25,33963.78488114634,169818.9244057317,-14342.534562608293,-0.08445781065213369,2Y
2026-01-21,SELL,2026-01-21 20:30:00+05:30,2026-01-21 21:30:00+05:30,330682.9045340706,2026-01-21 22:30:00+05:30,329123.37158834224,time,0.0047160978821257915,326400.742622093,0.0037160978821257915,331000,2026-02-24 23:30:00,0.8317109486968071,34.083333333333336,33911.40654857923,169557.03274289615,-1846.919549208619,-0.010892615418725523,2Y
2026-01-27,SELL,2026-01-27 19:30:00+05:30,2026-01-27 20:30:00+05:30,378476.7658745122,2026-01-27 20:30:00+05:30,382261.5335332573,stop,-0.010000000000000009,374729.4711628834,-0.01100000000000001,378000,2026-02-24 23:30:00,0.9421940436957551,28.125,39503.59297602987,197517.96488014935,-14195.324283914628,-0.07186852240264888,2Y
2026-01-28,BUY,2026-01-28 09:30:00+05:30,2026-01-28 14:30:00+05:30,397524.94567826384,2026-01-28 18:30:00+05:30,405475.44459182915,target,0.020000000000000018,401540.3491699635,0.019000000000000017,398000,2026-02-24 23:30:00,1.0127161804995033,27.375,44071.43310027245,220357.16550136224,14677.47060583961,0.06660763934063617,2Y
2026-01-29,BUY,2026-01-29 09:30:00+05:30,2026-01-29 20:30:00+05:30,407142.5105986519,2026-01-29 20:30:00+05:30,403071.08549266536,stop,-0.010000000000000009,411255.0612107595,-0.01100000000000001,407000,2026-02-24 23:30:00,0.9700565503075459,26.125,42532.74903487412,212663.7451743706,-17388.621391505425,-0.08176580064104426,2Y
2026-01-29,SELL,2026-01-29 20:30:00+05:30,2026-01-29 21:30:00+05:30,397949.73838341894,2026-01-29 21:30:00+05:30,401929.23576725315,stop,-0.010000000000000009,394009.64196378115,-0.01100000000000001,398000,2026-02-24 23:30:00,0.9700565503075459,26.083333333333332,41504.66850324524,207523.34251622617,-14970.013775483867,-0.07213652977044434,2Y
2026-02-04,BUY,2026-02-04 11:30:00+05:30,2026-02-04 14:30:00+05:30,307148.7893548893,2026-02-04 15:30:00+05:30,313291.76514198707,target,0.020000000000000018,310251.3023786761,0.019000000000000017,307000,2026-02-24 23:30:00,1.271233401167655,20.375,37146.91014115953,185734.55070579768,11372.83762256834,0.061231674878751245,2Y
2026-02-12,SELL,2026-02-12 17:30:00+05:30,2026-02-12 18:30:00+05:30,288423.5596949635,2026-02-12 19:30:00+05:30,291307.79529191315,stop,-0.010000000000000009,285567.8808861025,-0.01100000000000001,288000,2026-02-24 23:30:00,1.2766146184905898,12.208333333333332,26912.91613671422,134564.58068357108,-10638.585714331683,-0.07905933091968934,2Y
2026-02-19,BUY,2026-02-19 09:30:00+05:30,2026-02-19 19:30:00+05:30,271290.24526035733,2026-02-19 20:30:00+05:30,276716.05016556446,target,0.020000000000000018,274030.55076803773,0.019000000000000017,271000,2026-03-26 23:30:00,1.3772511495599193,35.166666666666664,46437.19167364187,232185.95836820937,8516.451935854848,0.03667944433723737,2Y
2026-02-24,BUY,2026-02-24 10:30:00+05:30,2026-02-24 18:30:00+05:30,304931.17044527095,2026-02-24 18:30:00+05:30,301881.8587408182,stop,-0.01000000000000012,308011.2832780515,-0.01100000000000012,305000,2026-03-26 23:30:00,1.3802887674383302,30.208333333333336,48419.4969428814,242097.484714407,-15988.763029357633,-0.06604266478942958,2Y
2026-03-02,BUY,2026-03-02 09:30:00+05:30,2026-03-02 19:30:00+05:30,329412.54695381044,2026-03-02 19:30:00+05:30,326118.42148427234,stop,-0.010000000000000009,332739.9464179903,-0.01100000000000001,329000,2026-03-26 23:30:00,1.2244729296958676,24.166666666666664,41856.67443355441,209283.37216777206,-15431.66571276013,-0.0737357466716913,2Y
2026-03-02,SELL,2026-03-02 19:30:00+05:30,2026-03-02 20:30:00+05:30,319412.6300478112,2026-03-02 21:30:00+05:30,313024.37744685495,target,0.020000000000000018,314758.1298515712,0.019000000000000017,319000,2026-03-26 23:30:00,1.2244729296958676,24.125000000000004,40140.36849801393,200701.84249006966,7704.679699083616,0.038388684446007654,2Y
2026-03-03,SELL,2026-03-03 10:30:00+05:30,2026-03-03 11:30:00+05:30,309335.1691475399,2026-03-03 12:30:00+05:30,302034.20495933265,target_gap,0.02360211484625918,306272.4447005345,0.02260211484625918,309000,2026-03-26 23:30:00,1.2366821846426932,23.5,38790.87165894532,193954.35829472658,10019.965210415661,0.05166145942020883,2Y
2026-03-05,SELL,2026-03-05 10:30:00+05:30,2026-03-05 14:30:00+05:30,298508.7769939589,2026-03-05 18:30:00+05:30,292538.60145407973,target,0.020000000000000018,295553.24454847415,0.019000000000000017,299000,2026-03-26 23:30:00,0.9475684396690164,21.375,27823.310719815585,139116.55359907792,9094.86299897683,0.06537585041955145,2Y
2026-03-06,BUY,2026-03-06 20:30:00+05:30,2026-03-06 21:30:00+05:30,298149.29254041525,2026-03-06 22:30:00+05:30,299002.02281157306,time,0.002860078130295207,301160.901555975,0.0018600781302952072,298000,2026-03-26 23:30:00,0.9525892200193077,20.083333333333332,26893.308979114285,134466.54489557142,-1987.9187037556217,-0.014783741973138871,2Y
2026-03-09,BUY,2026-03-09 11:30:00+05:30,2026-03-09 12:30:00+05:30,298548.7928640031,2026-03-09 16:30:00+05:30,295563.30493536306,stop,-0.010000000000000009,302476.39955849946,-0.01100000000000001,299000,2026-03-26 23:30:00,0.8684894617880697,17.458333333333332,22646.138296944355,113230.69148472177,-11694.307430663852,-0.10327860121071296,2Y
2026-03-16,SELL,2026-03-16 12:30:00+05:30,2026-03-16 18:30:00+05:30,286455.73832500726,2026-03-16 18:30:00+05:30,289320.29570825736,stop,-0.010000000000000009,283619.54289604677,-0.01100000000000001,286000,2026-03-26 23:30:00,0.7527474682096704,10.208333333333332,14324.621874638791,71623.10937319396,-8615.731899194556,-0.12029262586607452,2Y
2026-03-17,BUY,2026-03-17 09:30:00+05:30,2026-03-17 11:30:00+05:30,287963.939137631,2026-03-17 15:30:00+05:30,285084.2997462547,stop,-0.009999999999999898,290872.6657955868,-0.010999999999999899,288000,2026-03-26 23:30:00,0.7483362637183956,9.5,14027.817907998364,70139.08953999182,-9945.695736260652,-0.14179961276215064,2Y
2026-03-23,SELL,2026-03-23 09:30:00+05:30,2026-03-23 16:30:00+05:30,250100.14077883784,2026-03-23 17:30:00+05:30,242169.26062539377,target_gap,0.03171081842955581,247623.90176122557,0.03071081842955581,250000,2026-04-27 23:30:00,0.6752489268770381,35.291666666666664,21037.273016089825,105186.36508044912,15607.071171167605,0.14837542070429882,2Y
2026-03-24,BUY,2026-03-24 12:30:00+05:30,2026-03-24 13:30:00+05:30,252256.81420599352,2026-03-24 16:30:00+05:30,249734.2460639336,stop,-0.010000000000000009,254804.86283433688,-0.01100000000000001,252000,2026-04-27 23:30:00,0.6431274385707543,34.41666666666667,20136.05846192617,100680.29230963087,-9839.639344236368,-0.09773153333698782,2Y
2026-03-27,BUY,2026-03-27 20:30:00+05:30,2026-03-27 21:30:00+05:30,258893.91968365054,2026-03-27 22:30:00+05:30,256304.98048681405,stop,-0.010000000000000009,261803.97406138942,-0.01100000000000001,259000,2026-04-27 23:30:00,0.6593516306268578,31.083333333333336,19979.59221458498,99897.9610729249,-9830.506144403755,-0.09840547333320993,2Y
2026-03-30,BUY,2026-03-30 18:30:00+05:30,2026-03-30 19:30:00+05:30,256338.95665106096,2026-03-30 22:30:00+05:30,256827.41148829006,time,0.0019055037268251862,262506.1422353826,0.0009055037268251862,256000,2026-04-27 23:30:00,0.5999834225026025,28.166666666666668,17354.074270808414,86770.37135404207,-1583.70251120619,-0.01825165072469654,2Y
2026-03-31,BUY,2026-03-31 09:30:00+05:30,2026-03-31 10:30:00+05:30,260285.5950784109,2026-03-31 12:30:00+05:30,265491.3069799791,target,0.020000000000000018,262914.74250344536,0.019000000000000017,260000,2026-04-27 23:30:00,0.5773654471386315,27.541666666666668,16752.053464409124,83760.26732204562,11533.301850032547,0.13769418626242844,2Y
2026-04-01,BUY,2026-04-01 17:30:00+05:30,2026-04-01 18:30:00+05:30,269753.7139817289,2026-04-01 22:30:00+05:30,273288.6728212915,time,0.013104393586966578,272497.42654604575,0.012104393586966578,270000,2026-04-27 23:30:00,0.585116256710464,26.208333333333336,16912.583630559464,84562.91815279733,6560.1234149208,0.07757683341848809,2Y
2026-04-06,BUY,2026-04-06 13:30:00+05:30,2026-04-06 19:30:00+05:30,259719.2513020978,2026-04-06 22:30:00+05:30,261158.52899198176,time,0.005541667329888478,262342.6780829271,0.004541667329888478,260000,2026-04-27 23:30:00,0.6004490491142351,21.166666666666668,15003.002447636227,75015.01223818114,1217.846391021947,0.016234702290724785,2Y
2026-04-09,SELL,2026-04-09 09:30:00+05:30,2026-04-09 18:30:00+05:30,268847.07679820486,2026-04-09 21:30:00+05:30,271535.5475661869,stop,-0.010000000000000009,266185.22455267806,-0.01100000000000001,269000,2026-04-27 23:30:00,0.5660650900845602,18.208333333333332,13791.445392649417,68957.22696324709,-8449.603283458018,-0.12253397730105213,2Y
2026-04-13,SELL,2026-04-13 09:30:00+05:30,2026-04-13 21:30:00+05:30,270511.32363687735,2026-04-13 21:30:00+05:30,273216.4368732461,stop,-0.010000000000000009,267832.99369987857,-0.01100000000000001,271000,2026-04-27 23:30:00,0.5616155949646189,14.083333333333334,12307.395284932425,61536.97642466213,-8112.483949036521,-0.13183104566355144,2Y
2026-04-15,BUY,2026-04-15 09:30:00+05:30,2026-04-15 14:30:00+05:30,283622.164708089,2026-04-15 19:30:00+05:30,289294.60800225084,target,0.020000000000000018,286487.0350586758,0.019000000000000017,284000,2026-04-27 23:30:00,0.5731560598768046,12.375,11905.747766262732,59528.73883131366,13061.880527949961,0.219421422062432,2Y
2026-04-16,BUY,2026-04-16 09:30:00+05:30,2026-04-16 13:30:00+05:30,287759.2713160384,2026-04-16 17:30:00+05:30,284881.678602878,stop,-0.010000000000000009,290665.930622261,-0.01100000000000001,288000,2026-04-27 23:30:00,0.5720808875301535,11.416666666666668,11643.686060807926,58218.43030403963,-9252.434225970173,-0.15892620563024987,2Y
2026-04-21,SELL,2026-04-21 09:30:00+05:30,2026-04-21 11:30:00+05:30,286961.44088631374,2026-04-21 19:30:00+05:30,281222.2120685875,target,0.019999999999999907,284120.23850130074,0.018999999999999906,287000,2026-05-26 23:30:00,0.5057045842651549,35.5,18212.186614516715,91060.93307258358,10650.872619726299,0.11696423768507419,2Y
2026-04-24,SELL,2026-04-24 11:30:00+05:30,2026-04-24 12:30:00+05:30,272140.3368841756,2026-04-24 16:30:00+05:30,274861.74025301734,stop,-0.010000000000000009,269445.8781031442,-0.01100000000000001,272000,2026-05-26 23:30:00,0.5212430179805863,32.458333333333336,16937.805838291682,84689.02919145841,-8892.053958747341,-0.10499652722012993,2Y
2026-04-29,BUY,2026-04-29 09:30:00+05:30,2026-04-29 12:30:00+05:30,268982.39973584405,2026-04-29 17:30:00+05:30,266292.5757384856,stop,-0.010000000000000009,271699.3936725698,-0.01100000000000001,269000,2026-05-26 23:30:00,0.4432118379009689,27.458333333333336,13159.276883315431,65796.38441657716,-8971.17351239674,-0.1363475150184162,2Y
2026-04-30,BUY,2026-04-30 16:30:00+05:30,2026-04-30 18:30:00+05:30,269420.7041731826,2026-04-30 22:30:00+05:30,271432.09760139155,time,0.007465623083354522,272142.12542745715,0.006465623083354522,269000,2026-05-26 23:30:00,0.40690919962760214,26.208333333333336,12038.602404921801,60193.01202460901,3270.9684917818245,0.05434133268567019,2Y
2026-05-01,BUY,2026-05-01 09:30:00+05:30,2026-05-01 12:30:00+05:30,269649.8990060267,2026-05-01 17:30:00+05:30,275042.8969861472,target,0.020000000000000018,272373.6353596229,0.019000000000000017,270000,2026-05-26 23:30:00,0.42139217781590144,25.458333333333332,11922.133492269435,59610.66746134718,12508.804464049586,0.2098417111695748,2Y
2026-05-04,SELL,2026-05-04 15:30:00+05:30,2026-05-04 16:30:00+05:30,271557.8471547696,2026-05-04 19:30:00+05:30,274273.4256263173,stop,-0.010000000000000009,268869.15559878177,-0.01100000000000001,272000,2026-05-26 23:30:00,0.38951764552759466,22.291666666666664,10772.572599498098,53862.86299749049,-8040.878258971517,-0.14928427141621023,2Y
2026-05-07,BUY,2026-05-07 09:30:00+05:30,2026-05-07 20:30:00+05:30,283073.8565123172,2026-05-07 21:30:00+05:30,294408.4959077261,target_gap,0.04004127945639424,285933.18839628,0.03904127945639424,283000,2026-05-26 23:30:00,0.4338497134724043,19.125,11375.884509419158,56879.42254709579,31434.403757174172,0.5526498397754775,2Y
2026-05-12,BUY,2026-05-12 09:30:00+05:30,2026-05-12 11:30:00+05:30,315950.85042240197,2026-05-12 11:30:00+05:30,312791.34191817796,stop,-0.010000000000000009,319142.2731539414,-0.01100000000000001,316000,2026-05-26 23:30:00,0.5039932265339079,14.500000000000002,12789.22373042627,63946.11865213135,-9736.742860885646,-0.15226479833520148,2Y
2026-05-18,SELL,2026-05-18 09:30:00+05:30,2026-05-18 16:30:00+05:30,284821.7504653862,2026-05-18 16:30:00+05:30,287669.96797004004,stop,-0.010000000000000009,282001.73313404573,-0.01100000000000001,285000,2026-05-26 23:30:00,0.603234007107503,8.291666666666668,10560.76657598031,52803.83287990154,-8128.015766522315,-0.15392851850373993,2Y
2026-05-20,BUY,2026-05-20 19:30:00+05:30,2026-05-20 20:30:00+05:30,283782.86539920064,2026-05-20 22:30:00+05:30,283801.27355114074,time,6.486703104569003e-05,286649.3589890916,-0.00093513296895431,284000,2026-06-25 23:30:00,0.597097100304059,36.125,21314.6006514301,106573.0032571505,-3363.1110161141255,-0.03155687569392465,2Y
2026-05-27,BUY,2026-05-27 09:30:00+05:30,2026-05-27 10:30:00+05:30,281275.7739082569,2026-05-27 11:30:00+05:30,278463.01616917434,stop,-0.010000000000000009,284116.94334167364,-0.01100000000000001,281000,2026-06-25 23:30:00,0.5883983891941558,29.541666666666668,19073.72283289518,95368.61416447589,-10225.069891417274,-0.10721629941882953,2Y
2026-05-28,SELL,2026-05-28 09:30:00+05:30,2026-05-28 18:30:00+05:30,274881.1456802873,2026-05-28 20:30:00+05:30,277629.9571370902,stop,-0.010000000000000009,272159.5501785023,-0.01100000000000001,275000,2026-06-25 23:30:00,0.5896982690166183,28.208333333333332,18199.329938055133,90996.64969027566,-9087.252135502551,-0.09986359021384562,2Y
2026-05-29,BUY,2026-05-29 20:30:00+05:30,2026-05-29 21:30:00+05:30,278634.276441515,2026-05-29 22:30:00+05:30,277369.9180692217,time,-0.004537698622153141,281562.6682039891,-0.005537698622153141,279000,2026-06-25 23:30:00,0.5865733371279226,27.083333333333332,17749.434439929817,88747.17219964908,-6052.370971944714,-0.06819790221967936,2Y
2026-06-01,SELL,2026-06-01 18:30:00+05:30,2026-06-01 22:30:00+05:30,276923.38091536186,2026-06-01 22:30:00+05:30,277157.5305600925,time,-0.0008455394555586526,274181.56526273454,-0.0018455394555586526,277000,2026-06-25 23:30:00,0.5802341378263288,24.041666666666664,16652.754826942717,83263.77413471359,-3120.866960988442,-0.03748168988759924,2Y
2026-06-02,BUY,2026-06-02 10:30:00+05:30,2026-06-02 19:30:00+05:30,277774.3910764392,2026-06-02 22:30:00+05:30,277096.3483485178,time,-0.002440983581293521,280580.1930065042,-0.003440983581293521,278000,2026-06-25 23:30:00,0.5689315396539029,23.166666666666664,15934.443781090195,79672.21890545098,-4417.254304602608,-0.05544284275356601,2Y
2026-06-04,SELL,2026-06-04 10:30:00+05:30,2026-06-04 16:30:00+05:30,273403.9298446663,2026-06-04 16:30:00+05:30,276137.96914311295,stop,-0.010000000000000009,270696.96024224383,-0.01100000000000001,273000,2026-06-25 23:30:00,0.5541546130644268,21.291666666666668,14536.035729219944,72680.17864609972,-8344.719971507277,-0.11481424684080745,2Y
2026-06-08,SELL,2026-06-08 09:30:00+05:30,2026-06-08 17:30:00+05:30,253808.88405601183,2026-06-08 22:30:00+05:30,253186.37376012513,time,0.002452673389278681,251295.9248079325,0.0014526733892786812,254000,2026-06-25 23:30:00,0.5812260242973074,17.25,13039.377123018005,65196.885615090025,-937.9384767039669,-0.014386246641310088,2Y
2026-06-10,SELL,2026-06-10 09:30:00+05:30,2026-06-10 11:30:00+05:30,239499.18412733052,2026-06-10 13:30:00+05:30,234709.2004447839,target,0.020000000000000018,237127.90507656487,0.019000000000000017,239000,2026-06-25 23:30:00,0.5129877205494375,15.5,9957.63282328296,49788.1641164148,10274.178746782924,0.20635785490623462,2Y
2026-06-11,SELL,2026-06-11 17:30:00+05:30,2026-06-11 18:30:00+05:30,235901.43041676265,2026-06-11 21:30:00+05:30,238260.44472093027,stop,-0.010000000000000009,233565.772689864,-0.01100000000000001,236000,2026-06-25 23:30:00,0.5129528215477615,14.208333333333334,9690.839780884098,48454.19890442049,-7071.57447586802,-0.14594348138573557,2Y
2026-06-12,BUY,2026-06-12 09:30:00+05:30,2026-06-12 12:30:00+05:30,244024.94796567742,2026-06-12 20:30:00+05:30,248905.44692499097,target,0.020000000000000018,246489.8464299772,0.019000000000000017,244000,2026-06-25 23:30:00,0.4997918990153367,13.458333333333332,9468.888342706248,47344.44171353124,11381.416600657745,0.2403960462671353,2Y
2026-06-16,SELL,2026-06-16 09:30:00+05:30,2026-06-16 13:30:00+05:30,257729.51452688995,2026-06-16 22:30:00+05:30,256533.25560916867,time,0.004641528619324875,255177.7371553366,0.003641528619324875,258000,2026-06-25 23:30:00,0.42497491485395855,9.416666666666666,7251.99739506039,36259.98697530195,1140.0412329567102,0.031440751308963115,2Y
2026-06-22,SELL,2026-06-22 09:30:00+05:30,2026-06-22 10:30:00+05:30,242002.38917834387,2026-06-22 11:30:00+05:30,237162.341394777,target,0.020000000000000018,239606.32591915235,0.019000000000000017,242000,2026-07-28 23:30:00,0.4859680118460387,36.541666666666664,14954.099002033545,74770.49501016772,9358.855750026278,0.12516776502220037,2Y
2026-06-24,SELL,2026-06-24 09:30:00+05:30,2026-06-24 11:30:00+05:30,227132.80466588275,2026-06-24 15:30:00+05:30,222590.1485725651,target,0.020000000000000018,224883.9650157255,0.019000000000000017,227000,2026-07-28 23:30:00,0.5075070271582317,34.5,14176.90454631075,70884.52273155375,8588.785052441239,0.1211658726259294,2Y
2026-06-25,SELL,2026-06-25 11:30:00+05:30,2026-06-25 13:30:00+05:30,208890.0224065611,2026-06-25 17:30:00+05:30,210978.9226306267,stop,-0.010000000000000009,206732.32687425564,-0.01100000000000001,209000,2026-07-28 23:30:00,0.5760187585243781,33.41666666666667,14695.715476484975,73478.57738242488,-7108.385195112753,-0.0967409202564799,2Y
2026-06-26,BUY,2026-06-26 17:30:00+05:30,2026-06-26 18:30:00+05:30,212877.4993669362,2026-06-26 19:30:00+05:30,217135.0493542749,target,0.020000000000000018,215027.7771383194,0.019000000000000017,213000,2026-07-28 23:30:00,0.5947813472644278,32.20833333333333,15065.87407102874,75329.3703551437,9197.008013409735,0.12209059985567418,2Y
2026-06-26,SELL,2026-06-26 09:30:00+05:30,2026-06-26 11:30:00+05:30,207932.03885753948,2026-06-26 11:30:00+05:30,210011.35924611488,stop,-0.010000000000000009,205873.30579954403,-0.01100000000000001,208000,2026-07-28 23:30:00,0.5947813472644278,32.5,14874.450140362966,74372.25070181483,-6930.585414089741,-0.0931877864215372,2Y
2026-06-30,SELL,2026-06-30 09:30:00+05:30,2026-06-30 11:30:00+05:30,213065.91705547826,2026-06-30 11:30:00+05:30,215196.57622603304,stop,-0.010000000000000009,210956.3535202755,-0.01100000000000001,213000,2026-07-28 23:30:00,0.5943605382889104,28.5,14204.635423044889,71023.17711522445,-6946.08410485646,-0.09780024475091392,2Y
2026-07-06,BUY,2026-07-06 09:30:00+05:30,2026-07-06 17:30:00+05:30,227986.37170064202,2026-07-06 22:30:00+05:30,229707.6846947899,time,0.007550069687534133,230289.26434408285,0.006550069687534133,228000,2026-07-28 23:30:00,0.6161374256764683,22.25,13968.205628682446,69841.02814341223,2067.6276108863112,0.02960477051741886,2Y
2026-07-08,SELL,2026-07-08 09:30:00+05:30,2026-07-08 10:30:00+05:30,225339.50974011258,2026-07-08 13:30:00+05:30,220832.71954531033,target,0.020000000000000018,223108.42548525997,0.019000000000000017,225000,2026-07-28 23:30:00,0.5661825656786503,20.541666666666668,12021.77026141136,60108.8513070568,8966.465861183657,0.14917047433463415,2Y
2026-07-17,SELL,2026-07-17 09:30:00+05:30,2026-07-17 19:30:00+05:30,208920.63058915435,2026-07-17 22:30:00+05:30,208681.0587960986,time,0.0011467119947903281,206852.10949421223,0.00014671199479032813,209000,2026-07-28 23:30:00,0.5788908975793645,11.166666666666666,8587.046736418548,42935.23368209274,-1013.0806875361429,-0.023595555460052726,2Y
2026-07-27,BUY,2026-07-27 09:30:00+05:30,2026-07-27 17:30:00+05:30,218650.06651125374,2026-07-27 22:30:00+05:30,217443.27836957268,time,-0.005519267205980727,220858.65304167045,-0.006519267205980727,219000,2026-08-26 23:30:00,0.4241176665285996,30.250000000000004,10578.196616553627,52890.983082768136,-4844.019659977862,-0.09158498060808482,2Y
2026-07-29,BUY,2026-07-29 10:30:00+05:30,2026-07-29 17:30:00+05:30,211883.08028755905,2026-07-29 22:30:00+05:30,214577.7460868064,time,0.012717701647485313,214023.3134217768,0.011717701647485312,212000,2026-08-26 23:30:00,0.430098976792427,28.25,10152.333766864971,50761.66883432485,5393.049216734585,0.10624255152714414,2Y
2026-07-29,SELL,2026-07-29 19:30:00+05:30,2026-07-29 21:30:00+05:30,212324.8336028637,2026-07-29 21:30:00+05:30,214448.08193889234,stop,-0.010000000000000009,210222.60752758782,-0.01100000000000001,212000,2026-08-26 23:30:00,0.430098976792427,28.083333333333332,10028.854396734912,50144.27198367456,-6295.34378595973,-0.12554462427950497,2Y
2026-07-31,SELL,2026-07-31 18:30:00+05:30,2026-07-31 22:30:00+05:30,213002.20346722164,2026-07-31 22:30:00+05:30,213702.7424950199,time,-0.003288881600260307,210893.2707596254,-0.004288881600260307,213000,2026-08-26 23:30:00,0.42477086920200147,26.041666666666668,9734.284159440425,48671.420797202125,-3143.676740231957,-0.06458978777978619,2Y
2026-08-03,SELL,2026-08-03 18:30:00+05:30,2026-08-03 21:30:00+05:30,212643.79319790902,2026-08-03 22:30:00+05:30,212675.23806008158,time,-0.0001478757583264212,210538.4091068406,-0.0011478757583264212,213000,2026-08-26 23:30:00,0.42677702904212794,23.083333333333332,9387.822603234423,46939.113016172116,-1587.4909264835537,-0.03382021568955956,2Y
2026-08-11,BUY,2026-08-11 09:30:00+05:30,2026-08-11 10:30:00+05:30,238430.50486768057,2026-08-11 22:30:00+05:30,238290.051127366,time,-0.0005890762190539078,240838.89380573796,-0.0015890762190539079,238000,2026-08-26 23:30:00,0.39966709109628556,15.541666666666668,8150.660206859479,40753.301034297394,-2264.442933668658,-0.055564650622116116,2Y
2026-08-12,BUY,2026-08-12 11:30:00+05:30,2026-08-12 21:30:00+05:30,240587.20821045266,2026-08-12 22:30:00+05:30,241116.97868124786,time,0.002201989352367262,243017.38203076026,0.0012019893523672618,241000,2026-08-26 23:30:00,0.3902509759478885,14.083333333333334,7246.662914535473,36233.314572677366,132.0838940066617,0.0036453715472738683,2Y
2026-08-14,BUY,2026-08-14 19:30:00+05:30,2026-08-14 21:30:00+05:30,239709.6070871357,2026-08-14 22:30:00+05:30,239222.1918384797,time,-0.002033357171533079,242130.91624963202,-0.003033357171533079,240000,2026-08-26 23:30:00,0.3564038147621825,12.083333333333332,6137.560016578265,30687.80008289133,-2223.654980865928,-0.07246055353787421,2Y
2026-08-14,SELL,2026-08-14 09:30:00+05:30,2026-08-14 14:30:00+05:30,239135.88251069665,2026-08-14 18:30:00+05:30,241527.2413358036,stop,-0.010000000000000009,236768.20050564024,-0.01100000000000001,239000,2026-08-26 23:30:00,0.3564038147621825,12.375,6269.11852095103,31345.59260475515,-6523.781089891363,-0.20812435011682312,2Y
2026-08-19,SELL,2026-08-19 09:30:00+05:30,2026-08-19 17:30:00+05:30,237096.92622817296,2026-08-19 17:30:00+05:30,239467.89549045468,stop,-0.010000000000000009,234749.43190908214,-0.01100000000000001,237000,2026-08-26 23:30:00,0.36913811514787204,7.250000000000001,4937.747834151122,24688.739170755613,-6018.779079027938,-0.24378640956105696,2Y
2026-08-24,SELL,2026-08-24 10:30:00+05:30,2026-08-24 16:30:00+05:30,256556.51857346683,2026-08-24 22:30:00+05:30,252970.32349727428,time,0.01397818732547862,254016.3550232345,0.012978187325478618,257000,2026-09-25 23:30:00,0.3475462665840736,32.291666666666664,10907.325563034672,54536.62781517336,7102.938605618379,0.13024161724282807,2Y
2026-08-26,BUY,2026-08-26 09:30:00+05:30,2026-08-26 18:30:00+05:30,251282.1284175947,2026-08-26 20:30:00+05:30,248769.30713341877,stop,-0.010000000000000009,253820.33173494416,-0.01100000000000001,251000,2026-09-25 23:30:00,0.3287761852328594,30.208333333333336,9706.500166089225,48532.50083044612,-7762.806766929689,-0.1599506852954054,2Y
2026-08-28,BUY,2026-08-28 11:30:00+05:30,2026-08-28 19:30:00+05:30,257347.8368952831,2026-08-28 19:30:00+05:30,254774.35852633027,stop,-0.010000000000000009,259947.30999523547,-0.01100000000000001,257000,2026-09-25 23:30:00,0.34795453853226094,28.166666666666668,10188.128496581503,50940.64248290751,-7946.599402217411,-0.15599723550569258,2Y
2026-08-31,SELL,2026-08-31 09:30:00+05:30,2026-08-31 15:30:00+05:30,249503.73056597562,2026-08-31 22:30:00+05:30,246125.1452417602,time,0.013541221674527315,247033.39659997585,0.012541221674527314,250000,2026-09-25 23:30:00,0.3736625825697454,25.333333333333336,10159.45253320436,50797.262666021794,6678.802835087142,0.1314795814687586,2Y
2026-09-02,SELL,2026-09-02 09:30:00+05:30,2026-09-02 18:30:00+05:30,239838.18297086848,2026-09-02 19:30:00+05:30,242236.56480057718,stop,-0.010000000000000009,237463.54749590938,-0.01100000000000001,240000,2026-09-25 23:30:00,0.38073056603375866,23.208333333333332,9366.811452183254,46834.05726091627,-6950.942838410124,-0.14841641414250886,2Y
2026-09-04,SELL,2026-09-04 17:30:00+05:30,2026-09-04 18:30:00+05:30,242860.25044910732,2026-09-04 22:30:00+05:30,242369.28459574992,time,0.002021598233755806,240455.69351396765,0.0010215982337558058,243000,2026-09-25 23:30:00,0.36724468506017943,21.208333333333332,8743.208483235674,43716.042416178374,-360.43529363646104,-0.008244920484912687,2Y
2026-09-08,BUY,2026-09-08 09:30:00+05:30,2026-09-08 11:30:00+05:30,244680.55521116266,2026-09-08 22:30:00+05:30,244906.14615065287,time,0.0009219814761967093,247152.07597087137,-7.801852380329068e-05,245000,2026-09-25 23:30:00,0.3620594339238649,17.5,7672.737442160767,38363.68721080384,-1142.5619873372186,-0.02978238199730329,2Y
2026-09-09,BUY,2026-09-09 10:30:00+05:30,2026-09-09 15:30:00+05:30,245046.0126944301,2026-09-09 18:30:00+05:30,249946.93294831872,target,0.020000000000000018,247521.2249438688,0.019000000000000017,245000,2026-09-25 23:30:00,0.35070268512750036,16.333333333333332,7360.842980324033,36804.214901620166,12377.545477126496,0.3363078253458851,2Y
2026-09-11,SELL,2026-09-11 09:30:00+05:30,2026-09-11 17:30:00+05:30,239681.5492132322,2026-09-11 17:30:00+05:30,242078.36470536454,stop,-0.010000000000000009,237308.46456755663,-0.01100000000000001,240000,2026-09-25 23:30:00,0.4101797807682887,14.25,8011.240603802398,40056.20301901199,-6743.030417074705,-0.16833923110171578,2Y
2026-09-14,SELL,2026-09-14 14:30:00+05:30,2026-09-14 20:30:00+05:30,235099.47502432103,2026-09-14 22:30:00+05:30,236715.79075808707,time,-0.006875029106716779,232771.7574498228,-0.00787502910671678,235000,2026-09-25 23:30:00,0.40906091992668653,11.125,6732.000394194553,33660.001970972764,-4875.140608187445,-0.14483482836369407,2Y
2026-09-15,BUY,2026-09-15 17:30:00+05:30,2026-09-15 19:30:00+05:30,235826.53550435652,2026-09-15 22:30:00+05:30,236886.36350248117,time,0.004494099851223288,238208.62172157224,0.0034940998512232877,236000,2026-09-25 23:30:00,0.41128924447295184,10.166666666666668,6456.559324637604,32282.79662318802,1498.888284950883,0.04642993921642664,2Y
2026-09-17,SELL,2026-09-17 09:30:00+05:30,2026-09-17 17:30:00+05:30,241573.18928687627,2026-09-17 17:30:00+05:30,243988.92117974503,stop,-0.010000000000000009,239181.37553156065,-0.01100000000000001,242000,2026-09-25 23:30:00,0.3960791699564938,8.25,6039.4570790659045,30197.285395329523,-6499.973653637791,-0.21525026400694655,2Y
2026-09-21,SELL,2026-09-21 12:30:00+05:30,2026-09-21 16:30:00+05:30,247643.87962398416,2026-09-21 22:30:00+05:30,245313.58141130008,time,0.009409876053558586,245191.96002374668,0.008409876053558585,248000,2026-10-27 23:30:00,0.3658328298191565,36.291666666666664,11675.432278587159,58377.1613929358,3666.527387146767,0.06280756548725325,2Y
2026-09-23,BUY,2026-09-23 09:30:00+05:30,2026-09-23 12:30:00+05:30,244595.6397477678,2026-09-23 16:30:00+05:30,242149.6833502901,stop,-0.010000000000000009,247066.30277552304,-0.01100000000000001,245000,2026-10-27 23:30:00,0.3589648363696187,34.45833333333333,10657.792992011262,53288.96496005631,-7746.378168443635,-0.14536552125285357,2Y
2026-09-25,BUY,2026-09-25 13:30:00+05:30,2026-09-25 19:30:00+05:30,237301.2224092431,2026-09-25 22:30:00+05:30,239028.18415537625,time,0.007277508849722114,239698.20445378093,0.006277508849722114,237000,2026-10-27 23:30:00,0.36979100082112204,32.16666666666667,10628.987208276461,53144.93604138231,2799.106508829654,0.05266929866375372,2Y
2026-09-30,BUY,2026-09-30 12:30:00+05:30,2026-09-30 14:30:00+05:30,226202.76746273477,2026-09-30 20:30:00+05:30,223940.73978810743,stop,-0.010000000000000009,228487.6439017523,-0.01100000000000001,226000,2026-10-27 23:30:00,0.35933621184055553,27.375,9065.056688432078,45325.28344216039,-7188.783967499373,-0.15860428047125139,2Y
2026-10-01,BUY,2026-10-01 17:30:00+05:30,2026-10-01 20:30:00+05:30,226617.77627317753,2026-10-01 22:30:00+05:30,226740.09015105508,time,0.000539736466790286,228906.84472038134,-0.00046026353320971405,227000,2026-10-27 23:30:00,0.3475284323297136,26.125,8304.645388510984,41523.22694255492,-1065.7157745596812,-0.02566553355870053,2Y
2026-10-02,BUY,2026-10-02 09:30:00+05:30,2026-10-02 19:30:00+05:30,226845.22718327394,2026-10-02 20:30:00+05:30,224576.7749114412,stop,-0.010000000000000009,229136.59311441812,-0.01100000000000001,227000,2026-10-27 23:30:00,0.35067449912696647,25.166666666666668,8342.279002291238,41711.39501145619,-6831.760516388015,-0.16378643089044725,2Y
2026-10-06,SELL,2026-10-06 09:30:00+05:30,2026-10-06 16:30:00+05:30,229333.61361918395,2026-10-06 22:30:00+05:30,229726.41303911756,time,-0.0017127860749879265,227062.98378137025,-0.0027127860749879265,229000,2026-10-27 23:30:00,0.3354518863356974,21.291666666666668,7320.283870945904,36601.41935472952,-2279.0817912984307,-0.06226757954958746,2Y
